DateTime,Junction,Vehicles,ID,Hour,Weekday
2015-11-01 00:00:00,1,15,20151101001,0,6
2015-11-01 01:00:00,1,13,20151101011,1,6
2015-11-01 02:00:00,1,10,20151101021,2,6
2015-11-01 03:00:00,1,7,20151101031,3,6
2015-11-01 04:00:00,1,9,20151101041,4,6
2015-11-01 05:00:00,1,6,20151101051,5,6
2015-11-01 06:00:00,1,9,20151101061,6,6
2015-11-01 07:00:00,1,8,20151101071,7,6
2015-11-01 08:00:00,1,11,20151101081,8,6
2015-11-01 09:00:00,1,12,20151101091,9,6
2015-11-01 10:00:00,1,15,20151101101,10,6
2015-11-01 11:00:00,1,17,20151101111,11,6
2015-11-01 12:00:00,1,16,20151101121,12,6
2015-11-01 13:00:00,1,15,20151101131,13,6
2015-11-01 14:00:00,1,16,20151101141,14,6
2015-11-01 15:00:00,1,12,20151101151,15,6
2015-11-01 16:00:00,1,12,20151101161,16,6
2015-11-01 17:00:00,1,16,20151101171,17,6
2015-11-01 18:00:00,1,17,20151101181,18,6
2015-11-01 19:00:00,1,20,20151101191,19,6
2015-11-01 20:00:00,1,17,20151101201,20,6
2015-11-01 21:00:00,1,19,20151101211,21,6
2015-11-01 22:00:00,1,20,20151101221,22,6
2015-11-01 23:00:00,1,15,20151101231,23,6
2015-11-02 00:00:00,1,14,20151102001,0,0
2015-11-02 01:00:00,1,12,20151102011,1,0
2015-11-02 02:00:00,1,14,20151102021,2,0
2015-11-02 03:00:00,1,12,20151102031,3,0
2015-11-02 04:00:00,1,12,20151102041,4,0
2015-11-02 05:00:00,1,11,20151102051,5,0
2015-11-02 06:00:00,1,13,20151102061,6,0
2015-11-02 07:00:00,1,14,20151102071,7,0
2015-11-02 08:00:00,1,12,20151102081,8,0
2015-11-02 09:00:00,1,22,20151102091,9,0
2015-11-02 10:00:00,1,32,20151102101,10,0
2015-11-02 11:00:00,1,31,20151102111,11,0
2015-11-02 12:00:00,1,35,20151102121,12,0
2015-11-02 13:00:00,1,26,20151102131,13,0
2015-11-02 14:00:00,1,34,20151102141,14,0
2015-11-02 15:00:00,1,30,20151102151,15,0
2015-11-02 16:00:00,1,27,20151102161,16,0
2015-11-02 17:00:00,1,27,20151102171,17,0
2015-11-02 18:00:00,1,24,20151102181,18,0
2015-11-02 19:00:00,1,26,20151102191,19,0
2015-11-02 20:00:00,1,29,20151102201,20,0
2015-11-02 21:00:00,1,32,20151102211,21,0
2015-11-02 22:00:00,1,30,20151102221,22,0
2015-11-02 23:00:00,1,27,20151102231,23,0
2015-11-03 00:00:00,1,21,20151103001,0,1
2015-11-03 01:00:00,1,18,20151103011,1,1
2015-11-03 02:00:00,1,19,20151103021,2,1
2015-11-03 03:00:00,1,13,20151103031,3,1
2015-11-03 04:00:00,1,11,20151103041,4,1
2015-11-03 05:00:00,1,11,20151103051,5,1
2015-11-03 06:00:00,1,11,20151103061,6,1
2015-11-03 07:00:00,1,14,20151103071,7,1
2015-11-03 08:00:00,1,15,20151103081,8,1
2015-11-03 09:00:00,1,29,20151103091,9,1
2015-11-03 10:00:00,1,33,20151103101,10,1
2015-11-03 11:00:00,1,32,20151103111,11,1
2015-11-03 12:00:00,1,32,20151103121,12,1
2015-11-03 13:00:00,1,29,20151103131,13,1
2015-11-03 14:00:00,1,27,20151103141,14,1
2015-11-03 15:00:00,1,26,20151103151,15,1
2015-11-03 16:00:00,1,28,20151103161,16,1
2015-11-03 17:00:00,1,26,20151103171,17,1
2015-11-03 18:00:00,1,25,20151103181,18,1
2015-11-03 19:00:00,1,29,20151103191,19,1
2015-11-03 20:00:00,1,26,20151103201,20,1
2015-11-03 21:00:00,1,24,20151103211,21,1
2015-11-03 22:00:00,1,25,20151103221,22,1
2015-11-03 23:00:00,1,20,20151103231,23,1
2015-11-04 00:00:00,1,18,20151104001,0,2
2015-11-04 01:00:00,1,18,20151104011,1,2
2015-11-04 02:00:00,1,13,20151104021,2,2
2015-11-04 03:00:00,1,13,20151104031,3,2
2015-11-04 04:00:00,1,10,20151104041,4,2
2015-11-04 05:00:00,1,12,20151104051,5,2
2015-11-04 06:00:00,1,13,20151104061,6,2
2015-11-04 07:00:00,1,11,20151104071,7,2
2015-11-04 08:00:00,1,13,20151104081,8,2
2015-11-04 09:00:00,1,22,20151104091,9,2
2015-11-04 10:00:00,1,26,20151104101,10,2
2015-11-04 11:00:00,1,27,20151104111,11,2
2015-11-04 12:00:00,1,31,20151104121,12,2
2015-11-04 13:00:00,1,24,20151104131,13,2
2015-11-04 14:00:00,1,23,20151104141,14,2
2015-11-04 15:00:00,1,26,20151104151,15,2
2015-11-04 16:00:00,1,26,20151104161,16,2
2015-11-04 17:00:00,1,24,20151104171,17,2
2015-11-04 18:00:00,1,23,20151104181,18,2
2015-11-04 19:00:00,1,25,20151104191,19,2
2015-11-04 20:00:00,1,26,20151104201,20,2
2015-11-04 21:00:00,1,24,20151104211,21,2
2015-11-04 22:00:00,1,26,20151104221,22,2
2015-11-04 23:00:00,1,24,20151104231,23,2
2015-11-05 00:00:00,1,19,20151105001,0,3
2015-11-05 01:00:00,1,20,20151105011,1,3
2015-11-05 02:00:00,1,18,20151105021,2,3
2015-11-05 03:00:00,1,13,20151105031,3,3
2015-11-05 04:00:00,1,13,20151105041,4,3
2015-11-05 05:00:00,1,9,20151105051,5,3
2015-11-05 06:00:00,1,12,20151105061,6,3
2015-11-05 07:00:00,1,12,20151105071,7,3
2015-11-05 08:00:00,1,15,20151105081,8,3
2015-11-05 09:00:00,1,16,20151105091,9,3
2015-11-05 10:00:00,1,23,20151105101,10,3
2015-11-05 11:00:00,1,24,20151105111,11,3
2015-11-05 12:00:00,1,25,20151105121,12,3
2015-11-05 13:00:00,1,24,20151105131,13,3
2015-11-05 14:00:00,1,26,20151105141,14,3
2015-11-05 15:00:00,1,22,20151105151,15,3
2015-11-05 16:00:00,1,20,20151105161,16,3
2015-11-05 17:00:00,1,20,20151105171,17,3
2015-11-05 18:00:00,1,22,20151105181,18,3
2015-11-05 19:00:00,1,26,20151105191,19,3
2015-11-05 20:00:00,1,22,20151105201,20,3
2015-11-05 21:00:00,1,21,20151105211,21,3
2015-11-05 22:00:00,1,21,20151105221,22,3
2015-11-05 23:00:00,1,21,20151105231,23,3
2015-11-06 00:00:00,1,16,20151106001,0,4
2015-11-06 01:00:00,1,18,20151106011,1,4
2015-11-06 02:00:00,1,19,20151106021,2,4
2015-11-06 03:00:00,1,14,20151106031,3,4
2015-11-06 04:00:00,1,12,20151106041,4,4
2015-11-06 05:00:00,1,13,20151106051,5,4
2015-11-06 06:00:00,1,14,20151106061,6,4
2015-11-06 07:00:00,1,14,20151106071,7,4
2015-11-06 08:00:00,1,13,20151106081,8,4
2015-11-06 09:00:00,1,20,20151106091,9,4
2015-11-06 10:00:00,1,22,20151106101,10,4
2015-11-06 11:00:00,1,26,20151106111,11,4
2015-11-06 12:00:00,1,26,20151106121,12,4
2015-11-06 13:00:00,1,21,20151106131,13,4
2015-11-06 14:00:00,1,23,20151106141,14,4
2015-11-06 15:00:00,1,23,20151106151,15,4
2015-11-06 16:00:00,1,19,20151106161,16,4
2015-11-06 17:00:00,1,19,20151106171,17,4
2015-11-06 18:00:00,1,20,20151106181,18,4
2015-11-06 19:00:00,1,24,20151106191,19,4
2015-11-06 20:00:00,1,18,20151106201,20,4
2015-11-06 21:00:00,1,19,20151106211,21,4
2015-11-06 22:00:00,1,16,20151106221,22,4
2015-11-06 23:00:00,1,17,20151106231,23,4
2015-11-07 00:00:00,1,16,20151107001,0,5
2015-11-07 01:00:00,1,16,20151107011,1,5
2015-11-07 02:00:00,1,10,20151107021,2,5
2015-11-07 03:00:00,1,9,20151107031,3,5
2015-11-07 04:00:00,1,8,20151107041,4,5
2015-11-07 05:00:00,1,7,20151107051,5,5
2015-11-07 06:00:00,1,9,20151107061,6,5
2015-11-07 07:00:00,1,8,20151107071,7,5
2015-11-07 08:00:00,1,12,20151107081,8,5
2015-11-07 09:00:00,1,13,20151107091,9,5
2015-11-07 10:00:00,1,17,20151107101,10,5
2015-11-07 11:00:00,1,14,20151107111,11,5
2015-11-07 12:00:00,1,14,20151107121,12,5
2015-11-07 13:00:00,1,14,20151107131,13,5
2015-11-07 14:00:00,1,14,20151107141,14,5
2015-11-07 15:00:00,1,11,20151107151,15,5
2015-11-07 16:00:00,1,15,20151107161,16,5
2015-11-07 17:00:00,1,13,20151107171,17,5
2015-11-07 18:00:00,1,12,20151107181,18,5
2015-11-07 19:00:00,1,17,20151107191,19,5
2015-11-07 20:00:00,1,18,20151107201,20,5
2015-11-07 21:00:00,1,17,20151107211,21,5
2015-11-07 22:00:00,1,16,20151107221,22,5
2015-11-07 23:00:00,1,15,20151107231,23,5
2015-11-08 00:00:00,1,13,20151108001,0,6
2015-11-08 01:00:00,1,16,20151108011,1,6
2015-11-08 02:00:00,1,11,20151108021,2,6
2015-11-08 03:00:00,1,8,20151108031,3,6
2015-11-08 04:00:00,1,10,20151108041,4,6
2015-11-08 05:00:00,1,10,20151108051,5,6
2015-11-08 06:00:00,1,10,20151108061,6,6
2015-11-08 07:00:00,1,9,20151108071,7,6
2015-11-08 08:00:00,1,11,20151108081,8,6
2015-11-08 09:00:00,1,12,20151108091,9,6
2015-11-08 10:00:00,1,18,20151108101,10,6
2015-11-08 11:00:00,1,14,20151108111,11,6
2015-11-08 12:00:00,1,17,20151108121,12,6
2015-11-08 13:00:00,1,14,20151108131,13,6
2015-11-08 14:00:00,1,14,20151108141,14,6
2015-11-08 15:00:00,1,14,20151108151,15,6
2015-11-08 16:00:00,1,12,20151108161,16,6
2015-11-08 17:00:00,1,14,20151108171,17,6
2015-11-08 18:00:00,1,18,20151108181,18,6
2015-11-08 19:00:00,1,13,20151108191,19,6
2015-11-08 20:00:00,1,16,20151108201,20,6
2015-11-08 21:00:00,1,18,20151108211,21,6
2015-11-08 22:00:00,1,14,20151108221,22,6
2015-11-08 23:00:00,1,14,20151108231,23,6
2015-11-09 00:00:00,1,13,20151109001,0,0
2015-11-09 01:00:00,1,15,20151109011,1,0
2015-11-09 02:00:00,1,11,20151109021,2,0
2015-11-09 03:00:00,1,10,20151109031,3,0
2015-11-09 04:00:00,1,9,20151109041,4,0
2015-11-09 05:00:00,1,8,20151109051,5,0
2015-11-09 06:00:00,1,8,20151109061,6,0
2015-11-09 07:00:00,1,10,20151109071,7,0
2015-11-09 08:00:00,1,11,20151109081,8,0
2015-11-09 09:00:00,1,17,20151109091,9,0
2015-11-09 10:00:00,1,19,20151109101,10,0
2015-11-09 11:00:00,1,22,20151109111,11,0
2015-11-09 12:00:00,1,23,20151109121,12,0
2015-11-09 13:00:00,1,23,20151109131,13,0
2015-11-09 14:00:00,1,24,20151109141,14,0
2015-11-09 15:00:00,1,24,20151109151,15,0
2015-11-09 16:00:00,1,19,20151109161,16,0
2015-11-09 17:00:00,1,19,20151109171,17,0
2015-11-09 18:00:00,1,20,20151109181,18,0
2015-11-09 19:00:00,1,31,20151109191,19,0
2015-11-09 20:00:00,1,25,20151109201,20,0
2015-11-09 21:00:00,1,35,20151109211,21,0
2015-11-09 22:00:00,1,21,20151109221,22,0
2015-11-09 23:00:00,1,24,20151109231,23,0
2015-11-10 00:00:00,1,19,20151110001,0,1
2015-11-10 01:00:00,1,19,20151110011,1,1
2015-11-10 02:00:00,1,18,20151110021,2,1
2015-11-10 03:00:00,1,17,20151110031,3,1
2015-11-10 04:00:00,1,12,20151110041,4,1
2015-11-10 05:00:00,1,10,20151110051,5,1
2015-11-10 06:00:00,1,14,20151110061,6,1
2015-11-10 07:00:00,1,15,20151110071,7,1
2015-11-10 08:00:00,1,14,20151110081,8,1
2015-11-10 09:00:00,1,34,20151110091,9,1
2015-11-10 10:00:00,1,40,20151110101,10,1
2015-11-10 11:00:00,1,38,20151110111,11,1
2015-11-10 12:00:00,1,36,20151110121,12,1
2015-11-10 13:00:00,1,27,20151110131,13,1
2015-11-10 14:00:00,1,48,20151110141,14,1
2015-11-10 15:00:00,1,43,20151110151,15,1
2015-11-10 16:00:00,1,41,20151110161,16,1
2015-11-10 17:00:00,1,35,20151110171,17,1
2015-11-10 18:00:00,1,40,20151110181,18,1
2015-11-10 19:00:00,1,40,20151110191,19,1
2015-11-10 20:00:00,1,40,20151110201,20,1
2015-11-10 21:00:00,1,36,20151110211,21,1
2015-11-10 22:00:00,1,37,20151110221,22,1
2015-11-10 23:00:00,1,35,20151110231,23,1
2015-11-11 00:00:00,1,28,20151111001,0,2
2015-11-11 01:00:00,1,25,20151111011,1,2
2015-11-11 02:00:00,1,19,20151111021,2,2
2015-11-11 03:00:00,1,21,20151111031,3,2
2015-11-11 04:00:00,1,20,20151111041,4,2
2015-11-11 05:00:00,1,15,20151111051,5,2
2015-11-11 06:00:00,1,17,20151111061,6,2
2015-11-11 07:00:00,1,14,20151111071,7,2
2015-11-11 08:00:00,1,19,20151111081,8,2
2015-11-11 09:00:00,1,22,20151111091,9,2
2015-11-11 10:00:00,1,30,20151111101,10,2
2015-11-11 11:00:00,1,26,20151111111,11,2
2015-11-11 12:00:00,1,26,20151111121,12,2
2015-11-11 13:00:00,1,23,20151111131,13,2
2015-11-11 14:00:00,1,23,20151111141,14,2
2015-11-11 15:00:00,1,24,20151111151,15,2
2015-11-11 16:00:00,1,22,20151111161,16,2
2015-11-11 17:00:00,1,24,20151111171,17,2
2015-11-11 18:00:00,1,26,20151111181,18,2
2015-11-11 19:00:00,1,27,20151111191,19,2
2015-11-11 20:00:00,1,22,20151111201,20,2
2015-11-11 21:00:00,1,23,20151111211,21,2
2015-11-11 22:00:00,1,22,20151111221,22,2
2015-11-11 23:00:00,1,22,20151111231,23,2
2015-11-12 00:00:00,1,22,20151112001,0,3
2015-11-12 01:00:00,1,17,20151112011,1,3
2015-11-12 02:00:00,1,15,20151112021,2,3
2015-11-12 03:00:00,1,12,20151112031,3,3
2015-11-12 04:00:00,1,13,20151112041,4,3
2015-11-12 05:00:00,1,9,20151112051,5,3
2015-11-12 06:00:00,1,14,20151112061,6,3
2015-11-12 07:00:00,1,13,20151112071,7,3
2015-11-12 08:00:00,1,15,20151112081,8,3
2015-11-12 09:00:00,1,27,20151112091,9,3
2015-11-12 10:00:00,1,39,20151112101,10,3
2015-11-12 11:00:00,1,40,20151112111,11,3
2015-11-12 12:00:00,1,36,20151112121,12,3
2015-11-12 13:00:00,1,34,20151112131,13,3
2015-11-12 14:00:00,1,33,20151112141,14,3
2015-11-12 15:00:00,1,28,20151112151,15,3
2015-11-12 16:00:00,1,30,20151112161,16,3
2015-11-12 17:00:00,1,26,20151112171,17,3
2015-11-12 18:00:00,1,30,20151112181,18,3
2015-11-12 19:00:00,1,35,20151112191,19,3
2015-11-12 20:00:00,1,38,20151112201,20,3
2015-11-12 21:00:00,1,34,20151112211,21,3
2015-11-12 22:00:00,1,30,20151112221,22,3
2015-11-12 23:00:00,1,27,20151112231,23,3
2015-11-13 00:00:00,1,24,20151113001,0,4
2015-11-13 01:00:00,1,21,20151113011,1,4
2015-11-13 02:00:00,1,16,20151113021,2,4
2015-11-13 03:00:00,1,16,20151113031,3,4
2015-11-13 04:00:00,1,13,20151113041,4,4
2015-11-13 05:00:00,1,11,20151113051,5,4
2015-11-13 06:00:00,1,13,20151113061,6,4
2015-11-13 07:00:00,1,15,20151113071,7,4
2015-11-13 08:00:00,1,17,20151113081,8,4
2015-11-13 09:00:00,1,18,20151113091,9,4
2015-11-13 10:00:00,1,24,20151113101,10,4
2015-11-13 11:00:00,1,41,20151113111,11,4
2015-11-13 12:00:00,1,29,20151113121,12,4
2015-11-13 13:00:00,1,25,20151113131,13,4
2015-11-13 14:00:00,1,25,20151113141,14,4
2015-11-13 15:00:00,1,26,20151113151,15,4
2015-11-13 16:00:00,1,25,20151113161,16,4
2015-11-13 17:00:00,1,24,20151113171,17,4
2015-11-13 18:00:00,1,26,20151113181,18,4
2015-11-13 19:00:00,1,24,20151113191,19,4
2015-11-13 20:00:00,1,28,20151113201,20,4
2015-11-13 21:00:00,1,22,20151113211,21,4
2015-11-13 22:00:00,1,23,20151113221,22,4
2015-11-13 23:00:00,1,18,20151113231,23,4
2015-11-14 00:00:00,1,21,20151114001,0,5
2015-11-14 01:00:00,1,20,20151114011,1,5
2015-11-14 02:00:00,1,15,20151114021,2,5
2015-11-14 03:00:00,1,13,20151114031,3,5
2015-11-14 04:00:00,1,10,20151114041,4,5
2015-11-14 05:00:00,1,10,20151114051,5,5
2015-11-14 06:00:00,1,12,20151114061,6,5
2015-11-14 07:00:00,1,9,20151114071,7,5
2015-11-14 08:00:00,1,11,20151114081,8,5
2015-11-14 09:00:00,1,15,20151114091,9,5
2015-11-14 10:00:00,1,16,20151114101,10,5
2015-11-14 11:00:00,1,16,20151114111,11,5
2015-11-14 12:00:00,1,12,20151114121,12,5
2015-11-14 13:00:00,1,11,20151114131,13,5
2015-11-14 14:00:00,1,14,20151114141,14,5
2015-11-14 15:00:00,1,16,20151114151,15,5
2015-11-14 16:00:00,1,18,20151114161,16,5
2015-11-14 17:00:00,1,13,20151114171,17,5
2015-11-14 18:00:00,1,17,20151114181,18,5
2015-11-14 19:00:00,1,15,20151114191,19,5
2015-11-14 20:00:00,1,19,20151114201,20,5
2015-11-14 21:00:00,1,15,20151114211,21,5
2015-11-14 22:00:00,1,19,20151114221,22,5
2015-11-14 23:00:00,1,15,20151114231,23,5
2015-11-15 00:00:00,1,15,20151115001,0,6
2015-11-15 01:00:00,1,13,20151115011,1,6
2015-11-15 02:00:00,1,14,20151115021,2,6
2015-11-15 03:00:00,1,10,20151115031,3,6
2015-11-15 04:00:00,1,8,20151115041,4,6
2015-11-15 05:00:00,1,9,20151115051,5,6
2015-11-15 06:00:00,1,9,20151115061,6,6
2015-11-15 07:00:00,1,9,20151115071,7,6
2015-11-15 08:00:00,1,9,20151115081,8,6
2015-11-15 09:00:00,1,16,20151115091,9,6
2015-11-15 10:00:00,1,18,20151115101,10,6
2015-11-15 11:00:00,1,18,20151115111,11,6
2015-11-15 12:00:00,1,17,20151115121,12,6
2015-11-15 13:00:00,1,18,20151115131,13,6
2015-11-15 14:00:00,1,14,20151115141,14,6
2015-11-15 15:00:00,1,15,20151115151,15,6
2015-11-15 16:00:00,1,13,20151115161,16,6
2015-11-15 17:00:00,1,15,20151115171,17,6
2015-11-15 18:00:00,1,19,20151115181,18,6
2015-11-15 19:00:00,1,18,20151115191,19,6
2015-11-15 20:00:00,1,21,20151115201,20,6
2015-11-15 21:00:00,1,17,20151115211,21,6
2015-11-15 22:00:00,1,17,20151115221,22,6
2015-11-15 23:00:00,1,15,20151115231,23,6
2015-11-16 00:00:00,1,17,20151116001,0,0
2015-11-16 01:00:00,1,14,20151116011,1,0
2015-11-16 02:00:00,1,13,20151116021,2,0
2015-11-16 03:00:00,1,15,20151116031,3,0
2015-11-16 04:00:00,1,12,20151116041,4,0
2015-11-16 05:00:00,1,12,20151116051,5,0
2015-11-16 06:00:00,1,13,20151116061,6,0
2015-11-16 07:00:00,1,14,20151116071,7,0
2015-11-16 08:00:00,1,13,20151116081,8,0
2015-11-16 09:00:00,1,16,20151116091,9,0
2015-11-16 10:00:00,1,26,20151116101,10,0
2015-11-16 11:00:00,1,21,20151116111,11,0
2015-11-16 12:00:00,1,26,20151116121,12,0
2015-11-16 13:00:00,1,24,20151116131,13,0
2015-11-16 14:00:00,1,26,20151116141,14,0
2015-11-16 15:00:00,1,22,20151116151,15,0
2015-11-16 16:00:00,1,24,20151116161,16,0
2015-11-16 17:00:00,1,26,20151116171,17,0
2015-11-16 18:00:00,1,23,20151116181,18,0
2015-11-16 19:00:00,1,29,20151116191,19,0
2015-11-16 20:00:00,1,31,20151116201,20,0
2015-11-16 21:00:00,1,27,20151116211,21,0
2015-11-16 22:00:00,1,27,20151116221,22,0
2015-11-16 23:00:00,1,26,20151116231,23,0
2015-11-17 00:00:00,1,23,20151117001,0,1
2015-11-17 01:00:00,1,21,20151117011,1,1
2015-11-17 02:00:00,1,19,20151117021,2,1
2015-11-17 03:00:00,1,16,20151117031,3,1
2015-11-17 04:00:00,1,11,20151117041,4,1
2015-11-17 05:00:00,1,11,20151117051,5,1
2015-11-17 06:00:00,1,15,20151117061,6,1
2015-11-17 07:00:00,1,12,20151117071,7,1
2015-11-17 08:00:00,1,12,20151117081,8,1
2015-11-17 09:00:00,1,18,20151117091,9,1
2015-11-17 10:00:00,1,31,20151117101,10,1
2015-11-17 11:00:00,1,42,20151117111,11,1
2015-11-17 12:00:00,1,37,20151117121,12,1
2015-11-17 13:00:00,1,30,20151117131,13,1
2015-11-17 14:00:00,1,33,20151117141,14,1
2015-11-17 15:00:00,1,28,20151117151,15,1
2015-11-17 16:00:00,1,29,20151117161,16,1
2015-11-17 17:00:00,1,28,20151117171,17,1
2015-11-17 18:00:00,1,28,20151117181,18,1
2015-11-17 19:00:00,1,31,20151117191,19,1
2015-11-17 20:00:00,1,28,20151117201,20,1
2015-11-17 21:00:00,1,26,20151117211,21,1
2015-11-17 22:00:00,1,26,20151117221,22,1
2015-11-17 23:00:00,1,27,20151117231,23,1
2015-11-18 00:00:00,1,24,20151118001,0,2
2015-11-18 01:00:00,1,23,20151118011,1,2
2015-11-18 02:00:00,1,20,20151118021,2,2
2015-11-18 03:00:00,1,19,20151118031,3,2
2015-11-18 04:00:00,1,20,20151118041,4,2
2015-11-18 05:00:00,1,16,20151118051,5,2
2015-11-18 06:00:00,1,19,20151118061,6,2
2015-11-18 07:00:00,1,16,20151118071,7,2
2015-11-18 08:00:00,1,17,20151118081,8,2
2015-11-18 09:00:00,1,19,20151118091,9,2
2015-11-18 10:00:00,1,30,20151118101,10,2
2015-11-18 11:00:00,1,44,20151118111,11,2
2015-11-18 12:00:00,1,35,20151118121,12,2
2015-11-18 13:00:00,1,34,20151118131,13,2
2015-11-18 14:00:00,1,31,20151118141,14,2
2015-11-18 15:00:00,1,31,20151118151,15,2
2015-11-18 16:00:00,1,28,20151118161,16,2
2015-11-18 17:00:00,1,34,20151118171,17,2
2015-11-18 18:00:00,1,37,20151118181,18,2
2015-11-18 19:00:00,1,37,20151118191,19,2
2015-11-18 20:00:00,1,34,20151118201,20,2
2015-11-18 21:00:00,1,31,20151118211,21,2
2015-11-18 22:00:00,1,29,20151118221,22,2
2015-11-18 23:00:00,1,28,20151118231,23,2
2015-11-19 00:00:00,1,32,20151119001,0,3
2015-11-19 01:00:00,1,23,20151119011,1,3
2015-11-19 02:00:00,1,20,20151119021,2,3
2015-11-19 03:00:00,1,16,20151119031,3,3
2015-11-19 04:00:00,1,18,20151119041,4,3
2015-11-19 05:00:00,1,17,20151119051,5,3
2015-11-19 06:00:00,1,16,20151119061,6,3
2015-11-19 07:00:00,1,17,20151119071,7,3
2015-11-19 08:00:00,1,18,20151119081,8,3
2015-11-19 09:00:00,1,25,20151119091,9,3
2015-11-19 10:00:00,1,31,20151119101,10,3
2015-11-19 11:00:00,1,32,20151119111,11,3
2015-11-19 12:00:00,1,31,20151119121,12,3
2015-11-19 13:00:00,1,29,20151119131,13,3
2015-11-19 14:00:00,1,31,20151119141,14,3
2015-11-19 15:00:00,1,31,20151119151,15,3
2015-11-19 16:00:00,1,30,20151119161,16,3
2015-11-19 17:00:00,1,28,20151119171,17,3
2015-11-19 18:00:00,1,29,20151119181,18,3
2015-11-19 19:00:00,1,36,20151119191,19,3
2015-11-19 20:00:00,1,29,20151119201,20,3
2015-11-19 21:00:00,1,28,20151119211,21,3
2015-11-19 22:00:00,1,30,20151119221,22,3
2015-11-19 23:00:00,1,29,20151119231,23,3
2015-11-20 00:00:00,1,24,20151120001,0,4
2015-11-20 01:00:00,1,20,20151120011,1,4
2015-11-20 02:00:00,1,15,20151120021,2,4
2015-11-20 03:00:00,1,14,20151120031,3,4
2015-11-20 04:00:00,1,13,20151120041,4,4
2015-11-20 05:00:00,1,8,20151120051,5,4
2015-11-20 06:00:00,1,12,20151120061,6,4
2015-11-20 07:00:00,1,14,20151120071,7,4
2015-11-20 08:00:00,1,15,20151120081,8,4
2015-11-20 09:00:00,1,20,20151120091,9,4
2015-11-20 10:00:00,1,26,20151120101,10,4
2015-11-20 11:00:00,1,26,20151120111,11,4
2015-11-20 12:00:00,1,26,20151120121,12,4
2015-11-20 13:00:00,1,21,20151120131,13,4
2015-11-20 14:00:00,1,26,20151120141,14,4
2015-11-20 15:00:00,1,29,20151120151,15,4
2015-11-20 16:00:00,1,20,20151120161,16,4
2015-11-20 17:00:00,1,22,20151120171,17,4
2015-11-20 18:00:00,1,25,20151120181,18,4
2015-11-20 19:00:00,1,27,20151120191,19,4
2015-11-20 20:00:00,1,26,20151120201,20,4
2015-11-20 21:00:00,1,24,20151120211,21,4
2015-11-20 22:00:00,1,25,20151120221,22,4
2015-11-20 23:00:00,1,21,20151120231,23,4
2015-11-21 00:00:00,1,17,20151121001,0,5
2015-11-21 01:00:00,1,16,20151121011,1,5
2015-11-21 02:00:00,1,15,20151121021,2,5
2015-11-21 03:00:00,1,15,20151121031,3,5
2015-11-21 04:00:00,1,15,20151121041,4,5
2015-11-21 05:00:00,1,8,20151121051,5,5
2015-11-21 06:00:00,1,12,20151121061,6,5
2015-11-21 07:00:00,1,13,20151121071,7,5
2015-11-21 08:00:00,1,12,20151121081,8,5
2015-11-21 09:00:00,1,16,20151121091,9,5
2015-11-21 10:00:00,1,18,20151121101,10,5
2015-11-21 11:00:00,1,17,20151121111,11,5
2015-11-21 12:00:00,1,18,20151121121,12,5
2015-11-21 13:00:00,1,15,20151121131,13,5
2015-11-21 14:00:00,1,21,20151121141,14,5
2015-11-21 15:00:00,1,18,20151121151,15,5
2015-11-21 16:00:00,1,17,20151121161,16,5
2015-11-21 17:00:00,1,17,20151121171,17,5
2015-11-21 18:00:00,1,19,20151121181,18,5
2015-11-21 19:00:00,1,22,20151121191,19,5
2015-11-21 20:00:00,1,18,20151121201,20,5
2015-11-21 21:00:00,1,17,20151121211,21,5
2015-11-21 22:00:00,1,22,20151121221,22,5
2015-11-21 23:00:00,1,17,20151121231,23,5
2015-11-22 00:00:00,1,15,20151122001,0,6
2015-11-22 01:00:00,1,15,20151122011,1,6
2015-11-22 02:00:00,1,11,20151122021,2,6
2015-11-22 03:00:00,1,12,20151122031,3,6
2015-11-22 04:00:00,1,11,20151122041,4,6
2015-11-22 05:00:00,1,8,20151122051,5,6
2015-11-22 06:00:00,1,11,20151122061,6,6
2015-11-22 07:00:00,1,9,20151122071,7,6
2015-11-22 08:00:00,1,8,20151122081,8,6
2015-11-22 09:00:00,1,15,20151122091,9,6
2015-11-22 10:00:00,1,18,20151122101,10,6
2015-11-22 11:00:00,1,18,20151122111,11,6
2015-11-22 12:00:00,1,20,20151122121,12,6
2015-11-22 13:00:00,1,20,20151122131,13,6
2015-11-22 14:00:00,1,20,20151122141,14,6
2015-11-22 15:00:00,1,15,20151122151,15,6
2015-11-22 16:00:00,1,16,20151122161,16,6
2015-11-22 17:00:00,1,16,20151122171,17,6
2015-11-22 18:00:00,1,21,20151122181,18,6
2015-11-22 19:00:00,1,27,20151122191,19,6
2015-11-22 20:00:00,1,26,20151122201,20,6
2015-11-22 21:00:00,1,24,20151122211,21,6
2015-11-22 22:00:00,1,20,20151122221,22,6
2015-11-22 23:00:00,1,20,20151122231,23,6
2015-11-23 00:00:00,1,21,20151123001,0,0
2015-11-23 01:00:00,1,14,20151123011,1,0
2015-11-23 02:00:00,1,16,20151123021,2,0
2015-11-23 03:00:00,1,14,20151123031,3,0
2015-11-23 04:00:00,1,11,20151123041,4,0
2015-11-23 05:00:00,1,11,20151123051,5,0
2015-11-23 06:00:00,1,9,20151123061,6,0
2015-11-23 07:00:00,1,12,20151123071,7,0
2015-11-23 08:00:00,1,16,20151123081,8,0
2015-11-23 09:00:00,1,26,20151123091,9,0
2015-11-23 10:00:00,1,33,20151123101,10,0
2015-11-23 11:00:00,1,35,20151123111,11,0
2015-11-23 12:00:00,1,33,20151123121,12,0
2015-11-23 13:00:00,1,32,20151123131,13,0
2015-11-23 14:00:00,1,28,20151123141,14,0
2015-11-23 15:00:00,1,33,20151123151,15,0
2015-11-23 16:00:00,1,27,20151123161,16,0
2015-11-23 17:00:00,1,24,20151123171,17,0
2015-11-23 18:00:00,1,27,20151123181,18,0
2015-11-23 19:00:00,1,29,20151123191,19,0
2015-11-23 20:00:00,1,26,20151123201,20,0
2015-11-23 21:00:00,1,27,20151123211,21,0
2015-11-23 22:00:00,1,28,20151123221,22,0
2015-11-23 23:00:00,1,26,20151123231,23,0
2015-11-24 00:00:00,1,23,20151124001,0,1
2015-11-24 01:00:00,1,19,20151124011,1,1
2015-11-24 02:00:00,1,18,20151124021,2,1
2015-11-24 03:00:00,1,13,20151124031,3,1
2015-11-24 04:00:00,1,12,20151124041,4,1
2015-11-24 05:00:00,1,13,20151124051,5,1
2015-11-24 06:00:00,1,16,20151124061,6,1
2015-11-24 07:00:00,1,17,20151124071,7,1
2015-11-24 08:00:00,1,23,20151124081,8,1
2015-11-24 09:00:00,1,26,20151124091,9,1
2015-11-24 10:00:00,1,29,20151124101,10,1
2015-11-24 11:00:00,1,28,20151124111,11,1
2015-11-24 12:00:00,1,31,20151124121,12,1
2015-11-24 13:00:00,1,23,20151124131,13,1
2015-11-24 14:00:00,1,28,20151124141,14,1
2015-11-24 15:00:00,1,25,20151124151,15,1
2015-11-24 16:00:00,1,24,20151124161,16,1
2015-11-24 17:00:00,1,27,20151124171,17,1
2015-11-24 18:00:00,1,28,20151124181,18,1
2015-11-24 19:00:00,1,24,20151124191,19,1
2015-11-24 20:00:00,1,29,20151124201,20,1
2015-11-24 21:00:00,1,26,20151124211,21,1
2015-11-24 22:00:00,1,25,20151124221,22,1
2015-11-24 23:00:00,1,23,20151124231,23,1
2015-11-25 00:00:00,1,21,20151125001,0,2
2015-11-25 01:00:00,1,16,20151125011,1,2
2015-11-25 02:00:00,1,16,20151125021,2,2
2015-11-25 03:00:00,1,15,20151125031,3,2
2015-11-25 04:00:00,1,11,20151125041,4,2
2015-11-25 05:00:00,1,9,20151125051,5,2
2015-11-25 06:00:00,1,10,20151125061,6,2
2015-11-25 07:00:00,1,14,20151125071,7,2
2015-11-25 08:00:00,1,17,20151125081,8,2
2015-11-25 09:00:00,1,21,20151125091,9,2
2015-11-25 10:00:00,1,28,20151125101,10,2
2015-11-25 11:00:00,1,30,20151125111,11,2
2015-11-25 12:00:00,1,29,20151125121,12,2
2015-11-25 13:00:00,1,26,20151125131,13,2
2015-11-25 14:00:00,1,26,20151125141,14,2
2015-11-25 15:00:00,1,27,20151125151,15,2
2015-11-25 16:00:00,1,26,20151125161,16,2
2015-11-25 17:00:00,1,23,20151125171,17,2
2015-11-25 18:00:00,1,28,20151125181,18,2
2015-11-25 19:00:00,1,31,20151125191,19,2
2015-11-25 20:00:00,1,26,20151125201,20,2
2015-11-25 21:00:00,1,24,20151125211,21,2
2015-11-25 22:00:00,1,24,20151125221,22,2
2015-11-25 23:00:00,1,21,20151125231,23,2
2015-11-26 00:00:00,1,22,20151126001,0,3
2015-11-26 01:00:00,1,16,20151126011,1,3
2015-11-26 02:00:00,1,13,20151126021,2,3
2015-11-26 03:00:00,1,11,20151126031,3,3
2015-11-26 04:00:00,1,13,20151126041,4,3
2015-11-26 05:00:00,1,12,20151126051,5,3
2015-11-26 06:00:00,1,11,20151126061,6,3
2015-11-26 07:00:00,1,13,20151126071,7,3
2015-11-26 08:00:00,1,11,20151126081,8,3
2015-11-26 09:00:00,1,21,20151126091,9,3
2015-11-26 10:00:00,1,32,20151126101,10,3
2015-11-26 11:00:00,1,33,20151126111,11,3
2015-11-26 12:00:00,1,26,20151126121,12,3
2015-11-26 13:00:00,1,25,20151126131,13,3
2015-11-26 14:00:00,1,30,20151126141,14,3
2015-11-26 15:00:00,1,30,20151126151,15,3
2015-11-26 16:00:00,1,28,20151126161,16,3
2015-11-26 17:00:00,1,25,20151126171,17,3
2015-11-26 18:00:00,1,24,20151126181,18,3
2015-11-26 19:00:00,1,29,20151126191,19,3
2015-11-26 20:00:00,1,31,20151126201,20,3
2015-11-26 21:00:00,1,26,20151126211,21,3
2015-11-26 22:00:00,1,28,20151126221,22,3
2015-11-26 23:00:00,1,21,20151126231,23,3
2015-11-27 00:00:00,1,20,20151127001,0,4
2015-11-27 01:00:00,1,19,20151127011,1,4
2015-11-27 02:00:00,1,14,20151127021,2,4
2015-11-27 03:00:00,1,11,20151127031,3,4
2015-11-27 04:00:00,1,9,20151127041,4,4
2015-11-27 05:00:00,1,11,20151127051,5,4
2015-11-27 06:00:00,1,10,20151127061,6,4
2015-11-27 07:00:00,1,9,20151127071,7,4
2015-11-27 08:00:00,1,16,20151127081,8,4
2015-11-27 09:00:00,1,21,20151127091,9,4
2015-11-27 10:00:00,1,33,20151127101,10,4
2015-11-27 11:00:00,1,29,20151127111,11,4
2015-11-27 12:00:00,1,28,20151127121,12,4
2015-11-27 13:00:00,1,26,20151127131,13,4
2015-11-27 14:00:00,1,27,20151127141,14,4
2015-11-27 15:00:00,1,29,20151127151,15,4
2015-11-27 16:00:00,1,26,20151127161,16,4
2015-11-27 17:00:00,1,27,20151127171,17,4
2015-11-27 18:00:00,1,27,20151127181,18,4
2015-11-27 19:00:00,1,30,20151127191,19,4
2015-11-27 20:00:00,1,24,20151127201,20,4
2015-11-27 21:00:00,1,24,20151127211,21,4
2015-11-27 22:00:00,1,24,20151127221,22,4
2015-11-27 23:00:00,1,23,20151127231,23,4
2015-11-28 00:00:00,1,21,20151128001,0,5
2015-11-28 01:00:00,1,13,20151128011,1,5
2015-11-28 02:00:00,1,16,20151128021,2,5
2015-11-28 03:00:00,1,11,20151128031,3,5
2015-11-28 04:00:00,1,10,20151128041,4,5
2015-11-28 05:00:00,1,8,20151128051,5,5
2015-11-28 06:00:00,1,11,20151128061,6,5
2015-11-28 07:00:00,1,10,20151128071,7,5
2015-11-28 08:00:00,1,16,20151128081,8,5
2015-11-28 09:00:00,1,19,20151128091,9,5
2015-11-28 10:00:00,1,21,20151128101,10,5
2015-11-28 11:00:00,1,25,20151128111,11,5
2015-11-28 12:00:00,1,21,20151128121,12,5
2015-11-28 13:00:00,1,18,20151128131,13,5
2015-11-28 14:00:00,1,18,20151128141,14,5
2015-11-28 15:00:00,1,22,20151128151,15,5
2015-11-28 16:00:00,1,18,20151128161,16,5
2015-11-28 17:00:00,1,16,20151128171,17,5
2015-11-28 18:00:00,1,16,20151128181,18,5
2015-11-28 19:00:00,1,26,20151128191,19,5
2015-11-28 20:00:00,1,28,20151128201,20,5
2015-11-28 21:00:00,1,22,20151128211,21,5
2015-11-28 22:00:00,1,22,20151128221,22,5
2015-11-28 23:00:00,1,21,20151128231,23,5
2015-11-29 00:00:00,1,22,20151129001,0,6
2015-11-29 01:00:00,1,17,20151129011,1,6
2015-11-29 02:00:00,1,13,20151129021,2,6
2015-11-29 03:00:00,1,10,20151129031,3,6
2015-11-29 04:00:00,1,12,20151129041,4,6
2015-11-29 05:00:00,1,12,20151129051,5,6
2015-11-29 06:00:00,1,9,20151129061,6,6
2015-11-29 07:00:00,1,13,20151129071,7,6
2015-11-29 08:00:00,1,14,20151129081,8,6
2015-11-29 09:00:00,1,18,20151129091,9,6
2015-11-29 10:00:00,1,20,20151129101,10,6
2015-11-29 11:00:00,1,21,20151129111,11,6
2015-11-29 12:00:00,1,22,20151129121,12,6
2015-11-29 13:00:00,1,17,20151129131,13,6
2015-11-29 14:00:00,1,20,20151129141,14,6
2015-11-29 15:00:00,1,19,20151129151,15,6
2015-11-29 16:00:00,1,20,20151129161,16,6
2015-11-29 17:00:00,1,20,20151129171,17,6
2015-11-29 18:00:00,1,21,20151129181,18,6
2015-11-29 19:00:00,1,20,20151129191,19,6
2015-11-29 20:00:00,1,22,20151129201,20,6
2015-11-29 21:00:00,1,24,20151129211,21,6
2015-11-29 22:00:00,1,21,20151129221,22,6
2015-11-29 23:00:00,1,18,20151129231,23,6
2015-11-30 00:00:00,1,20,20151130001,0,0
2015-11-30 01:00:00,1,13,20151130011,1,0
2015-11-30 02:00:00,1,15,20151130021,2,0
2015-11-30 03:00:00,1,11,20151130031,3,0
2015-11-30 04:00:00,1,12,20151130041,4,0
2015-11-30 05:00:00,1,11,20151130051,5,0
2015-11-30 06:00:00,1,11,20151130061,6,0
2015-11-30 07:00:00,1,13,20151130071,7,0
2015-11-30 08:00:00,1,16,20151130081,8,0
2015-11-30 09:00:00,1,24,20151130091,9,0
2015-11-30 10:00:00,1,35,20151130101,10,0
2015-11-30 11:00:00,1,34,20151130111,11,0
2015-11-30 12:00:00,1,36,20151130121,12,0
2015-11-30 13:00:00,1,27,20151130131,13,0
2015-11-30 14:00:00,1,33,20151130141,14,0
2015-11-30 15:00:00,1,34,20151130151,15,0
2015-11-30 16:00:00,1,28,20151130161,16,0
2015-11-30 17:00:00,1,27,20151130171,17,0
2015-11-30 18:00:00,1,28,20151130181,18,0
2015-11-30 19:00:00,1,29,20151130191,19,0
2015-11-30 20:00:00,1,31,20151130201,20,0
2015-11-30 21:00:00,1,29,20151130211,21,0
2015-11-30 22:00:00,1,26,20151130221,22,0
2015-11-30 23:00:00,1,24,20151130231,23,0
2015-12-01 00:00:00,1,21,20151201001,0,1
2015-12-01 01:00:00,1,20,20151201011,1,1
2015-12-01 02:00:00,1,18,20151201021,2,1
2015-12-01 03:00:00,1,13,20151201031,3,1
2015-12-01 04:00:00,1,14,20151201041,4,1
2015-12-01 05:00:00,1,11,20151201051,5,1
2015-12-01 06:00:00,1,11,20151201061,6,1
2015-12-01 07:00:00,1,12,20151201071,7,1
2015-12-01 08:00:00,1,16,20151201081,8,1
2015-12-01 09:00:00,1,21,20151201091,9,1
2015-12-01 10:00:00,1,30,20151201101,10,1
2015-12-01 11:00:00,1,29,20151201111,11,1
2015-12-01 12:00:00,1,28,20151201121,12,1
2015-12-01 13:00:00,1,31,20151201131,13,1
2015-12-01 14:00:00,1,26,20151201141,14,1
2015-12-01 15:00:00,1,29,20151201151,15,1
2015-12-01 16:00:00,1,25,20151201161,16,1
2015-12-01 17:00:00,1,25,20151201171,17,1
2015-12-01 18:00:00,1,25,20151201181,18,1
2015-12-01 19:00:00,1,27,20151201191,19,1
2015-12-01 20:00:00,1,27,20151201201,20,1
2015-12-01 21:00:00,1,30,20151201211,21,1
2015-12-01 22:00:00,1,24,20151201221,22,1
2015-12-01 23:00:00,1,26,20151201231,23,1
2015-12-02 00:00:00,1,21,20151202001,0,2
2015-12-02 01:00:00,1,19,20151202011,1,2
2015-12-02 02:00:00,1,18,20151202021,2,2
2015-12-02 03:00:00,1,15,20151202031,3,2
2015-12-02 04:00:00,1,17,20151202041,4,2
2015-12-02 05:00:00,1,13,20151202051,5,2
2015-12-02 06:00:00,1,14,20151202061,6,2
2015-12-02 07:00:00,1,16,20151202071,7,2
2015-12-02 08:00:00,1,18,20151202081,8,2
2015-12-02 09:00:00,1,32,20151202091,9,2
2015-12-02 10:00:00,1,39,20151202101,10,2
2015-12-02 11:00:00,1,39,20151202111,11,2
2015-12-02 12:00:00,1,38,20151202121,12,2
2015-12-02 13:00:00,1,33,20151202131,13,2
2015-12-02 14:00:00,1,33,20151202141,14,2
2015-12-02 15:00:00,1,30,20151202151,15,2
2015-12-02 16:00:00,1,29,20151202161,16,2
2015-12-02 17:00:00,1,28,20151202171,17,2
2015-12-02 18:00:00,1,29,20151202181,18,2
2015-12-02 19:00:00,1,32,20151202191,19,2
2015-12-02 20:00:00,1,35,20151202201,20,2
2015-12-02 21:00:00,1,34,20151202211,21,2
2015-12-02 22:00:00,1,31,20151202221,22,2
2015-12-02 23:00:00,1,27,20151202231,23,2
2015-12-03 00:00:00,1,23,20151203001,0,3
2015-12-03 01:00:00,1,22,20151203011,1,3
2015-12-03 02:00:00,1,15,20151203021,2,3
2015-12-03 03:00:00,1,17,20151203031,3,3
2015-12-03 04:00:00,1,13,20151203041,4,3
2015-12-03 05:00:00,1,12,20151203051,5,3
2015-12-03 06:00:00,1,12,20151203061,6,3
2015-12-03 07:00:00,1,15,20151203071,7,3
2015-12-03 08:00:00,1,17,20151203081,8,3
2015-12-03 09:00:00,1,23,20151203091,9,3
2015-12-03 10:00:00,1,30,20151203101,10,3
2015-12-03 11:00:00,1,31,20151203111,11,3
2015-12-03 12:00:00,1,26,20151203121,12,3
2015-12-03 13:00:00,1,24,20151203131,13,3
2015-12-03 14:00:00,1,30,20151203141,14,3
2015-12-03 15:00:00,1,26,20151203151,15,3
2015-12-03 16:00:00,1,24,20151203161,16,3
2015-12-03 17:00:00,1,28,20151203171,17,3
2015-12-03 18:00:00,1,28,20151203181,18,3
2015-12-03 19:00:00,1,31,20151203191,19,3
2015-12-03 20:00:00,1,30,20151203201,20,3
2015-12-03 21:00:00,1,29,20151203211,21,3
2015-12-03 22:00:00,1,28,20151203221,22,3
2015-12-03 23:00:00,1,22,20151203231,23,3
2015-12-04 00:00:00,1,19,20151204001,0,4
2015-12-04 01:00:00,1,19,20151204011,1,4
2015-12-04 02:00:00,1,16,20151204021,2,4
2015-12-04 03:00:00,1,14,20151204031,3,4
2015-12-04 04:00:00,1,15,20151204041,4,4
2015-12-04 05:00:00,1,14,20151204051,5,4
2015-12-04 06:00:00,1,10,20151204061,6,4
2015-12-04 07:00:00,1,11,20151204071,7,4
2015-12-04 08:00:00,1,14,20151204081,8,4
2015-12-04 09:00:00,1,29,20151204091,9,4
2015-12-04 10:00:00,1,31,20151204101,10,4
2015-12-04 11:00:00,1,32,20151204111,11,4
2015-12-04 12:00:00,1,30,20151204121,12,4
2015-12-04 13:00:00,1,25,20151204131,13,4
2015-12-04 14:00:00,1,30,20151204141,14,4
2015-12-04 15:00:00,1,28,20151204151,15,4
2015-12-04 16:00:00,1,27,20151204161,16,4
2015-12-04 17:00:00,1,26,20151204171,17,4
2015-12-04 18:00:00,1,22,20151204181,18,4
2015-12-04 19:00:00,1,28,20151204191,19,4
2015-12-04 20:00:00,1,27,20151204201,20,4
2015-12-04 21:00:00,1,23,20151204211,21,4
2015-12-04 22:00:00,1,27,20151204221,22,4
2015-12-04 23:00:00,1,20,20151204231,23,4
2015-12-05 00:00:00,1,18,20151205001,0,5
2015-12-05 01:00:00,1,19,20151205011,1,5
2015-12-05 02:00:00,1,15,20151205021,2,5
2015-12-05 03:00:00,1,12,20151205031,3,5
2015-12-05 04:00:00,1,15,20151205041,4,5
2015-12-05 05:00:00,1,7,20151205051,5,5
2015-12-05 06:00:00,1,10,20151205061,6,5
2015-12-05 07:00:00,1,11,20151205071,7,5
2015-12-05 08:00:00,1,13,20151205081,8,5
2015-12-05 09:00:00,1,13,20151205091,9,5
2015-12-05 10:00:00,1,19,20151205101,10,5
2015-12-05 11:00:00,1,17,20151205111,11,5
2015-12-05 12:00:00,1,20,20151205121,12,5
2015-12-05 13:00:00,1,15,20151205131,13,5
2015-12-05 14:00:00,1,17,20151205141,14,5
2015-12-05 15:00:00,1,17,20151205151,15,5
2015-12-05 16:00:00,1,16,20151205161,16,5
2015-12-05 17:00:00,1,17,20151205171,17,5
2015-12-05 18:00:00,1,16,20151205181,18,5
2015-12-05 19:00:00,1,21,20151205191,19,5
2015-12-05 20:00:00,1,19,20151205201,20,5
2015-12-05 21:00:00,1,20,20151205211,21,5
2015-12-05 22:00:00,1,20,20151205221,22,5
2015-12-05 23:00:00,1,21,20151205231,23,5
2015-12-06 00:00:00,1,14,20151206001,0,6
2015-12-06 01:00:00,1,14,20151206011,1,6
2015-12-06 02:00:00,1,12,20151206021,2,6
2015-12-06 03:00:00,1,12,20151206031,3,6
2015-12-06 04:00:00,1,10,20151206041,4,6
2015-12-06 05:00:00,1,8,20151206051,5,6
2015-12-06 06:00:00,1,8,20151206061,6,6
2015-12-06 07:00:00,1,12,20151206071,7,6
2015-12-06 08:00:00,1,11,20151206081,8,6
2015-12-06 09:00:00,1,14,20151206091,9,6
2015-12-06 10:00:00,1,17,20151206101,10,6
2015-12-06 11:00:00,1,17,20151206111,11,6
2015-12-06 12:00:00,1,19,20151206121,12,6
2015-12-06 13:00:00,1,17,20151206131,13,6
2015-12-06 14:00:00,1,13,20151206141,14,6
2015-12-06 15:00:00,1,16,20151206151,15,6
2015-12-06 16:00:00,1,10,20151206161,16,6
2015-12-06 17:00:00,1,18,20151206171,17,6
2015-12-06 18:00:00,1,19,20151206181,18,6
2015-12-06 19:00:00,1,20,20151206191,19,6
2015-12-06 20:00:00,1,21,20151206201,20,6
2015-12-06 21:00:00,1,15,20151206211,21,6
2015-12-06 22:00:00,1,21,20151206221,22,6
2015-12-06 23:00:00,1,19,20151206231,23,6
2015-12-07 00:00:00,1,19,20151207001,0,0
2015-12-07 01:00:00,1,15,20151207011,1,0
2015-12-07 02:00:00,1,13,20151207021,2,0
2015-12-07 03:00:00,1,11,20151207031,3,0
2015-12-07 04:00:00,1,10,20151207041,4,0
2015-12-07 05:00:00,1,9,20151207051,5,0
2015-12-07 06:00:00,1,10,20151207061,6,0
2015-12-07 07:00:00,1,13,20151207071,7,0
2015-12-07 08:00:00,1,20,20151207081,8,0
2015-12-07 09:00:00,1,24,20151207091,9,0
2015-12-07 10:00:00,1,26,20151207101,10,0
2015-12-07 11:00:00,1,32,20151207111,11,0
2015-12-07 12:00:00,1,29,20151207121,12,0
2015-12-07 13:00:00,1,25,20151207131,13,0
2015-12-07 14:00:00,1,28,20151207141,14,0
2015-12-07 15:00:00,1,27,20151207151,15,0
2015-12-07 16:00:00,1,22,20151207161,16,0
2015-12-07 17:00:00,1,25,20151207171,17,0
2015-12-07 18:00:00,1,24,20151207181,18,0
2015-12-07 19:00:00,1,34,20151207191,19,0
2015-12-07 20:00:00,1,30,20151207201,20,0
2015-12-07 21:00:00,1,28,20151207211,21,0
2015-12-07 22:00:00,1,26,20151207221,22,0
2015-12-07 23:00:00,1,27,20151207231,23,0
2015-12-08 00:00:00,1,19,20151208001,0,1
2015-12-08 01:00:00,1,20,20151208011,1,1
2015-12-08 02:00:00,1,17,20151208021,2,1
2015-12-08 03:00:00,1,14,20151208031,3,1
2015-12-08 04:00:00,1,15,20151208041,4,1
2015-12-08 05:00:00,1,12,20151208051,5,1
2015-12-08 06:00:00,1,14,20151208061,6,1
2015-12-08 07:00:00,1,11,20151208071,7,1
2015-12-08 08:00:00,1,16,20151208081,8,1
2015-12-08 09:00:00,1,18,20151208091,9,1
2015-12-08 10:00:00,1,23,20151208101,10,1
2015-12-08 11:00:00,1,28,20151208111,11,1
2015-12-08 12:00:00,1,27,20151208121,12,1
2015-12-08 13:00:00,1,23,20151208131,13,1
2015-12-08 14:00:00,1,26,20151208141,14,1
2015-12-08 15:00:00,1,23,20151208151,15,1
2015-12-08 16:00:00,1,25,20151208161,16,1
2015-12-08 17:00:00,1,23,20151208171,17,1
2015-12-08 18:00:00,1,26,20151208181,18,1
2015-12-08 19:00:00,1,24,20151208191,19,1
2015-12-08 20:00:00,1,25,20151208201,20,1
2015-12-08 21:00:00,1,24,20151208211,21,1
2015-12-08 22:00:00,1,23,20151208221,22,1
2015-12-08 23:00:00,1,21,20151208231,23,1
2015-12-09 00:00:00,1,21,20151209001,0,2
2015-12-09 01:00:00,1,20,20151209011,1,2
2015-12-09 02:00:00,1,18,20151209021,2,2
2015-12-09 03:00:00,1,15,20151209031,3,2
2015-12-09 04:00:00,1,10,20151209041,4,2
2015-12-09 05:00:00,1,11,20151209051,5,2
2015-12-09 06:00:00,1,13,20151209061,6,2
2015-12-09 07:00:00,1,13,20151209071,7,2
2015-12-09 08:00:00,1,14,20151209081,8,2
2015-12-09 09:00:00,1,18,20151209091,9,2
2015-12-09 10:00:00,1,20,20151209101,10,2
2015-12-09 11:00:00,1,26,20151209111,11,2
2015-12-09 12:00:00,1,25,20151209121,12,2
2015-12-09 13:00:00,1,39,20151209131,13,2
2015-12-09 14:00:00,1,36,20151209141,14,2
2015-12-09 15:00:00,1,33,20151209151,15,2
2015-12-09 16:00:00,1,26,20151209161,16,2
2015-12-09 17:00:00,1,25,20151209171,17,2
2015-12-09 18:00:00,1,27,20151209181,18,2
2015-12-09 19:00:00,1,27,20151209191,19,2
2015-12-09 20:00:00,1,29,20151209201,20,2
2015-12-09 21:00:00,1,27,20151209211,21,2
2015-12-09 22:00:00,1,28,20151209221,22,2
2015-12-09 23:00:00,1,26,20151209231,23,2
2015-12-10 00:00:00,1,20,20151210001,0,3
2015-12-10 01:00:00,1,14,20151210011,1,3
2015-12-10 02:00:00,1,14,20151210021,2,3
2015-12-10 03:00:00,1,17,20151210031,3,3
2015-12-10 04:00:00,1,11,20151210041,4,3
2015-12-10 05:00:00,1,12,20151210051,5,3
2015-12-10 06:00:00,1,12,20151210061,6,3
2015-12-10 07:00:00,1,14,20151210071,7,3
2015-12-10 08:00:00,1,14,20151210081,8,3
2015-12-10 09:00:00,1,19,20151210091,9,3
2015-12-10 10:00:00,1,28,20151210101,10,3
2015-12-10 11:00:00,1,26,20151210111,11,3
2015-12-10 12:00:00,1,31,20151210121,12,3
2015-12-10 13:00:00,1,23,20151210131,13,3
2015-12-10 14:00:00,1,24,20151210141,14,3
2015-12-10 15:00:00,1,28,20151210151,15,3
2015-12-10 16:00:00,1,26,20151210161,16,3
2015-12-10 17:00:00,1,26,20151210171,17,3
2015-12-10 18:00:00,1,27,20151210181,18,3
2015-12-10 19:00:00,1,22,20151210191,19,3
2015-12-10 20:00:00,1,25,20151210201,20,3
2015-12-10 21:00:00,1,24,20151210211,21,3
2015-12-10 22:00:00,1,23,20151210221,22,3
2015-12-10 23:00:00,1,22,20151210231,23,3
2015-12-11 00:00:00,1,17,20151211001,0,4
2015-12-11 01:00:00,1,19,20151211011,1,4
2015-12-11 02:00:00,1,16,20151211021,2,4
2015-12-11 03:00:00,1,14,20151211031,3,4
2015-12-11 04:00:00,1,13,20151211041,4,4
2015-12-11 05:00:00,1,10,20151211051,5,4
2015-12-11 06:00:00,1,11,20151211061,6,4
2015-12-11 07:00:00,1,13,20151211071,7,4
2015-12-11 08:00:00,1,12,20151211081,8,4
2015-12-11 09:00:00,1,15,20151211091,9,4
2015-12-11 10:00:00,1,26,20151211101,10,4
2015-12-11 11:00:00,1,33,20151211111,11,4
2015-12-11 12:00:00,1,31,20151211121,12,4
2015-12-11 13:00:00,1,26,20151211131,13,4
2015-12-11 14:00:00,1,30,20151211141,14,4
2015-12-11 15:00:00,1,28,20151211151,15,4
2015-12-11 16:00:00,1,29,20151211161,16,4
2015-12-11 17:00:00,1,23,20151211171,17,4
2015-12-11 18:00:00,1,29,20151211181,18,4
2015-12-11 19:00:00,1,26,20151211191,19,4
2015-12-11 20:00:00,1,29,20151211201,20,4
2015-12-11 21:00:00,1,24,20151211211,21,4
2015-12-11 22:00:00,1,22,20151211221,22,4
2015-12-11 23:00:00,1,23,20151211231,23,4
2015-12-12 00:00:00,1,23,20151212001,0,5
2015-12-12 01:00:00,1,16,20151212011,1,5
2015-12-12 02:00:00,1,12,20151212021,2,5
2015-12-12 03:00:00,1,14,20151212031,3,5
2015-12-12 04:00:00,1,13,20151212041,4,5
2015-12-12 05:00:00,1,11,20151212051,5,5
2015-12-12 06:00:00,1,7,20151212061,6,5
2015-12-12 07:00:00,1,10,20151212071,7,5
2015-12-12 08:00:00,1,12,20151212081,8,5
2015-12-12 09:00:00,1,16,20151212091,9,5
2015-12-12 10:00:00,1,20,20151212101,10,5
2015-12-12 11:00:00,1,15,20151212111,11,5
2015-12-12 12:00:00,1,19,20151212121,12,5
2015-12-12 13:00:00,1,16,20151212131,13,5
2015-12-12 14:00:00,1,14,20151212141,14,5
2015-12-12 15:00:00,1,14,20151212151,15,5
2015-12-12 16:00:00,1,15,20151212161,16,5
2015-12-12 17:00:00,1,17,20151212171,17,5
2015-12-12 18:00:00,1,18,20151212181,18,5
2015-12-12 19:00:00,1,17,20151212191,19,5
2015-12-12 20:00:00,1,15,20151212201,20,5
2015-12-12 21:00:00,1,18,20151212211,21,5
2015-12-12 22:00:00,1,16,20151212221,22,5
2015-12-12 23:00:00,1,19,20151212231,23,5
2015-12-13 00:00:00,1,16,20151213001,0,6
2015-12-13 01:00:00,1,15,20151213011,1,6
2015-12-13 02:00:00,1,9,20151213021,2,6
2015-12-13 03:00:00,1,12,20151213031,3,6
2015-12-13 04:00:00,1,8,20151213041,4,6
2015-12-13 05:00:00,1,9,20151213051,5,6
2015-12-13 06:00:00,1,9,20151213061,6,6
2015-12-13 07:00:00,1,11,20151213071,7,6
2015-12-13 08:00:00,1,14,20151213081,8,6
2015-12-13 09:00:00,1,13,20151213091,9,6
2015-12-13 10:00:00,1,15,20151213101,10,6
2015-12-13 11:00:00,1,16,20151213111,11,6
2015-12-13 12:00:00,1,15,20151213121,12,6
2015-12-13 13:00:00,1,18,20151213131,13,6
2015-12-13 14:00:00,1,15,20151213141,14,6
2015-12-13 15:00:00,1,17,20151213151,15,6
2015-12-13 16:00:00,1,16,20151213161,16,6
2015-12-13 17:00:00,1,16,20151213171,17,6
2015-12-13 18:00:00,1,16,20151213181,18,6
2015-12-13 19:00:00,1,20,20151213191,19,6
2015-12-13 20:00:00,1,19,20151213201,20,6
2015-12-13 21:00:00,1,17,20151213211,21,6
2015-12-13 22:00:00,1,21,20151213221,22,6
2015-12-13 23:00:00,1,18,20151213231,23,6
2015-12-14 00:00:00,1,16,20151214001,0,0
2015-12-14 01:00:00,1,16,20151214011,1,0
2015-12-14 02:00:00,1,9,20151214021,2,0
2015-12-14 03:00:00,1,12,20151214031,3,0
2015-12-14 04:00:00,1,12,20151214041,4,0
2015-12-14 05:00:00,1,12,20151214051,5,0
2015-12-14 06:00:00,1,9,20151214061,6,0
2015-12-14 07:00:00,1,13,20151214071,7,0
2015-12-14 08:00:00,1,16,20151214081,8,0
2015-12-14 09:00:00,1,18,20151214091,9,0
2015-12-14 10:00:00,1,31,20151214101,10,0
2015-12-14 11:00:00,1,37,20151214111,11,0
2015-12-14 12:00:00,1,31,20151214121,12,0
2015-12-14 13:00:00,1,30,20151214131,13,0
2015-12-14 14:00:00,1,31,20151214141,14,0
2015-12-14 15:00:00,1,32,20151214151,15,0
2015-12-14 16:00:00,1,27,20151214161,16,0
2015-12-14 17:00:00,1,26,20151214171,17,0
2015-12-14 18:00:00,1,31,20151214181,18,0
2015-12-14 19:00:00,1,32,20151214191,19,0
2015-12-14 20:00:00,1,30,20151214201,20,0
2015-12-14 21:00:00,1,30,20151214211,21,0
2015-12-14 22:00:00,1,25,20151214221,22,0
2015-12-14 23:00:00,1,24,20151214231,23,0
2015-12-15 00:00:00,1,20,20151215001,0,1
2015-12-15 01:00:00,1,17,20151215011,1,1
2015-12-15 02:00:00,1,13,20151215021,2,1
2015-12-15 03:00:00,1,16,20151215031,3,1
2015-12-15 04:00:00,1,12,20151215041,4,1
2015-12-15 05:00:00,1,13,20151215051,5,1
2015-12-15 06:00:00,1,12,20151215061,6,1
2015-12-15 07:00:00,1,16,20151215071,7,1
2015-12-15 08:00:00,1,13,20151215081,8,1
2015-12-15 09:00:00,1,18,20151215091,9,1
2015-12-15 10:00:00,1,21,20151215101,10,1
2015-12-15 11:00:00,1,47,20151215111,11,1
2015-12-15 12:00:00,1,42,20151215121,12,1
2015-12-15 13:00:00,1,30,20151215131,13,1
2015-12-15 14:00:00,1,34,20151215141,14,1
2015-12-15 15:00:00,1,31,20151215151,15,1
2015-12-15 16:00:00,1,30,20151215161,16,1
2015-12-15 17:00:00,1,29,20151215171,17,1
2015-12-15 18:00:00,1,33,20151215181,18,1
2015-12-15 19:00:00,1,31,20151215191,19,1
2015-12-15 20:00:00,1,30,20151215201,20,1
2015-12-15 21:00:00,1,32,20151215211,21,1
2015-12-15 22:00:00,1,30,20151215221,22,1
2015-12-15 23:00:00,1,25,20151215231,23,1
2015-12-16 00:00:00,1,25,20151216001,0,2
2015-12-16 01:00:00,1,22,20151216011,1,2
2015-12-16 02:00:00,1,19,20151216021,2,2
2015-12-16 03:00:00,1,18,20151216031,3,2
2015-12-16 04:00:00,1,15,20151216041,4,2
2015-12-16 05:00:00,1,14,20151216051,5,2
2015-12-16 06:00:00,1,14,20151216061,6,2
2015-12-16 07:00:00,1,14,20151216071,7,2
2015-12-16 08:00:00,1,17,20151216081,8,2
2015-12-16 09:00:00,1,25,20151216091,9,2
2015-12-16 10:00:00,1,39,20151216101,10,2
2015-12-16 11:00:00,1,36,20151216111,11,2
2015-12-16 12:00:00,1,35,20151216121,12,2
2015-12-16 13:00:00,1,30,20151216131,13,2
2015-12-16 14:00:00,1,38,20151216141,14,2
2015-12-16 15:00:00,1,30,20151216151,15,2
2015-12-16 16:00:00,1,29,20151216161,16,2
2015-12-16 17:00:00,1,29,20151216171,17,2
2015-12-16 18:00:00,1,31,20151216181,18,2
2015-12-16 19:00:00,1,33,20151216191,19,2
2015-12-16 20:00:00,1,33,20151216201,20,2
2015-12-16 21:00:00,1,28,20151216211,21,2
2015-12-16 22:00:00,1,34,20151216221,22,2
2015-12-16 23:00:00,1,24,20151216231,23,2
2015-12-17 00:00:00,1,26,20151217001,0,3
2015-12-17 01:00:00,1,20,20151217011,1,3
2015-12-17 02:00:00,1,16,20151217021,2,3
2015-12-17 03:00:00,1,17,20151217031,3,3
2015-12-17 04:00:00,1,14,20151217041,4,3
2015-12-17 05:00:00,1,12,20151217051,5,3
2015-12-17 06:00:00,1,11,20151217061,6,3
2015-12-17 07:00:00,1,16,20151217071,7,3
2015-12-17 08:00:00,1,15,20151217081,8,3
2015-12-17 09:00:00,1,20,20151217091,9,3
2015-12-17 10:00:00,1,31,20151217101,10,3
2015-12-17 11:00:00,1,37,20151217111,11,3
2015-12-17 12:00:00,1,38,20151217121,12,3
2015-12-17 13:00:00,1,29,20151217131,13,3
2015-12-17 14:00:00,1,32,20151217141,14,3
2015-12-17 15:00:00,1,34,20151217151,15,3
2015-12-17 16:00:00,1,33,20151217161,16,3
2015-12-17 17:00:00,1,26,20151217171,17,3
2015-12-17 18:00:00,1,31,20151217181,18,3
2015-12-17 19:00:00,1,35,20151217191,19,3
2015-12-17 20:00:00,1,30,20151217201,20,3
2015-12-17 21:00:00,1,33,20151217211,21,3
2015-12-17 22:00:00,1,31,20151217221,22,3
2015-12-17 23:00:00,1,26,20151217231,23,3
2015-12-18 00:00:00,1,24,20151218001,0,4
2015-12-18 01:00:00,1,20,20151218011,1,4
2015-12-18 02:00:00,1,17,20151218021,2,4
2015-12-18 03:00:00,1,13,20151218031,3,4
2015-12-18 04:00:00,1,16,20151218041,4,4
2015-12-18 05:00:00,1,15,20151218051,5,4
2015-12-18 06:00:00,1,13,20151218061,6,4
2015-12-18 07:00:00,1,15,20151218071,7,4
2015-12-18 08:00:00,1,16,20151218081,8,4
2015-12-18 09:00:00,1,22,20151218091,9,4
2015-12-18 10:00:00,1,37,20151218101,10,4
2015-12-18 11:00:00,1,42,20151218111,11,4
2015-12-18 12:00:00,1,43,20151218121,12,4
2015-12-18 13:00:00,1,40,20151218131,13,4
2015-12-18 14:00:00,1,44,20151218141,14,4
2015-12-18 15:00:00,1,44,20151218151,15,4
2015-12-18 16:00:00,1,39,20151218161,16,4
2015-12-18 17:00:00,1,29,20151218171,17,4
2015-12-18 18:00:00,1,41,20151218181,18,4
2015-12-18 19:00:00,1,39,20151218191,19,4
2015-12-18 20:00:00,1,35,20151218201,20,4
2015-12-18 21:00:00,1,30,20151218211,21,4
2015-12-18 22:00:00,1,31,20151218221,22,4
2015-12-18 23:00:00,1,28,20151218231,23,4
2015-12-19 00:00:00,1,24,20151219001,0,5
2015-12-19 01:00:00,1,25,20151219011,1,5
2015-12-19 02:00:00,1,18,20151219021,2,5
2015-12-19 03:00:00,1,14,20151219031,3,5
2015-12-19 04:00:00,1,13,20151219041,4,5
2015-12-19 05:00:00,1,11,20151219051,5,5
2015-12-19 06:00:00,1,11,20151219061,6,5
2015-12-19 07:00:00,1,14,20151219071,7,5
2015-12-19 08:00:00,1,17,20151219081,8,5
2015-12-19 09:00:00,1,15,20151219091,9,5
2015-12-19 10:00:00,1,24,20151219101,10,5
2015-12-19 11:00:00,1,24,20151219111,11,5
2015-12-19 12:00:00,1,21,20151219121,12,5
2015-12-19 13:00:00,1,20,20151219131,13,5
2015-12-19 14:00:00,1,20,20151219141,14,5
2015-12-19 15:00:00,1,16,20151219151,15,5
2015-12-19 16:00:00,1,19,20151219161,16,5
2015-12-19 17:00:00,1,17,20151219171,17,5
2015-12-19 18:00:00,1,19,20151219181,18,5
2015-12-19 19:00:00,1,20,20151219191,19,5
2015-12-19 20:00:00,1,19,20151219201,20,5
2015-12-19 21:00:00,1,18,20151219211,21,5
2015-12-19 22:00:00,1,21,20151219221,22,5
2015-12-19 23:00:00,1,20,20151219231,23,5
2015-12-20 00:00:00,1,15,20151220001,0,6
2015-12-20 01:00:00,1,14,20151220011,1,6
2015-12-20 02:00:00,1,14,20151220021,2,6
2015-12-20 03:00:00,1,11,20151220031,3,6
2015-12-20 04:00:00,1,9,20151220041,4,6
2015-12-20 05:00:00,1,6,20151220051,5,6
2015-12-20 06:00:00,1,11,20151220061,6,6
2015-12-20 07:00:00,1,10,20151220071,7,6
2015-12-20 08:00:00,1,11,20151220081,8,6
2015-12-20 09:00:00,1,16,20151220091,9,6
2015-12-20 10:00:00,1,20,20151220101,10,6
2015-12-20 11:00:00,1,18,20151220111,11,6
2015-12-20 12:00:00,1,23,20151220121,12,6
2015-12-20 13:00:00,1,19,20151220131,13,6
2015-12-20 14:00:00,1,19,20151220141,14,6
2015-12-20 15:00:00,1,17,20151220151,15,6
2015-12-20 16:00:00,1,19,20151220161,16,6
2015-12-20 17:00:00,1,16,20151220171,17,6
2015-12-20 18:00:00,1,18,20151220181,18,6
2015-12-20 19:00:00,1,28,20151220191,19,6
2015-12-20 20:00:00,1,24,20151220201,20,6
2015-12-20 21:00:00,1,26,20151220211,21,6
2015-12-20 22:00:00,1,22,20151220221,22,6
2015-12-20 23:00:00,1,23,20151220231,23,6
2015-12-21 00:00:00,1,18,20151221001,0,0
2015-12-21 01:00:00,1,16,20151221011,1,0
2015-12-21 02:00:00,1,12,20151221021,2,0
2015-12-21 03:00:00,1,11,20151221031,3,0
2015-12-21 04:00:00,1,9,20151221041,4,0
2015-12-21 05:00:00,1,9,20151221051,5,0
2015-12-21 06:00:00,1,10,20151221061,6,0
2015-12-21 07:00:00,1,15,20151221071,7,0
2015-12-21 08:00:00,1,14,20151221081,8,0
2015-12-21 09:00:00,1,21,20151221091,9,0
2015-12-21 10:00:00,1,24,20151221101,10,0
2015-12-21 11:00:00,1,39,20151221111,11,0
2015-12-21 12:00:00,1,43,20151221121,12,0
2015-12-21 13:00:00,1,34,20151221131,13,0
2015-12-21 14:00:00,1,35,20151221141,14,0
2015-12-21 15:00:00,1,31,20151221151,15,0
2015-12-21 16:00:00,1,31,20151221161,16,0
2015-12-21 17:00:00,1,31,20151221171,17,0
2015-12-21 18:00:00,1,28,20151221181,18,0
2015-12-21 19:00:00,1,36,20151221191,19,0
2015-12-21 20:00:00,1,30,20151221201,20,0
2015-12-21 21:00:00,1,28,20151221211,21,0
2015-12-21 22:00:00,1,26,20151221221,22,0
2015-12-21 23:00:00,1,23,20151221231,23,0
2015-12-22 00:00:00,1,23,20151222001,0,1
2015-12-22 01:00:00,1,20,20151222011,1,1
2015-12-22 02:00:00,1,19,20151222021,2,1
2015-12-22 03:00:00,1,13,20151222031,3,1
2015-12-22 04:00:00,1,14,20151222041,4,1
2015-12-22 05:00:00,1,14,20151222051,5,1
2015-12-22 06:00:00,1,13,20151222061,6,1
2015-12-22 07:00:00,1,15,20151222071,7,1
2015-12-22 08:00:00,1,15,20151222081,8,1
2015-12-22 09:00:00,1,22,20151222091,9,1
2015-12-22 10:00:00,1,27,20151222101,10,1
2015-12-22 11:00:00,1,27,20151222111,11,1
2015-12-22 12:00:00,1,34,20151222121,12,1
2015-12-22 13:00:00,1,31,20151222131,13,1
2015-12-22 14:00:00,1,29,20151222141,14,1
2015-12-22 15:00:00,1,31,20151222151,15,1
2015-12-22 16:00:00,1,23,20151222161,16,1
2015-12-22 17:00:00,1,26,20151222171,17,1
2015-12-22 18:00:00,1,30,20151222181,18,1
2015-12-22 19:00:00,1,32,20151222191,19,1
2015-12-22 20:00:00,1,32,20151222201,20,1
2015-12-22 21:00:00,1,23,20151222211,21,1
2015-12-22 22:00:00,1,28,20151222221,22,1
2015-12-22 23:00:00,1,25,20151222231,23,1
2015-12-23 00:00:00,1,19,20151223001,0,2
2015-12-23 01:00:00,1,18,20151223011,1,2
2015-12-23 02:00:00,1,21,20151223021,2,2
2015-12-23 03:00:00,1,18,20151223031,3,2
2015-12-23 04:00:00,1,15,20151223041,4,2
2015-12-23 05:00:00,1,10,20151223051,5,2
2015-12-23 06:00:00,1,11,20151223061,6,2
2015-12-23 07:00:00,1,12,20151223071,7,2
2015-12-23 08:00:00,1,13,20151223081,8,2
2015-12-23 09:00:00,1,19,20151223091,9,2
2015-12-23 10:00:00,1,26,20151223101,10,2
2015-12-23 11:00:00,1,37,20151223111,11,2
2015-12-23 12:00:00,1,35,20151223121,12,2
2015-12-23 13:00:00,1,27,20151223131,13,2
2015-12-23 14:00:00,1,31,20151223141,14,2
2015-12-23 15:00:00,1,29,20151223151,15,2
2015-12-23 16:00:00,1,25,20151223161,16,2
2015-12-23 17:00:00,1,22,20151223171,17,2
2015-12-23 18:00:00,1,23,20151223181,18,2
2015-12-23 19:00:00,1,24,20151223191,19,2
2015-12-23 20:00:00,1,24,20151223201,20,2
2015-12-23 21:00:00,1,24,20151223211,21,2
2015-12-23 22:00:00,1,27,20151223221,22,2
2015-12-23 23:00:00,1,23,20151223231,23,2
2015-12-24 00:00:00,1,17,20151224001,0,3
2015-12-24 01:00:00,1,15,20151224011,1,3
2015-12-24 02:00:00,1,19,20151224021,2,3
2015-12-24 03:00:00,1,16,20151224031,3,3
2015-12-24 04:00:00,1,11,20151224041,4,3
2015-12-24 05:00:00,1,10,20151224051,5,3
2015-12-24 06:00:00,1,15,20151224061,6,3
2015-12-24 07:00:00,1,15,20151224071,7,3
2015-12-24 08:00:00,1,14,20151224081,8,3
2015-12-24 09:00:00,1,15,20151224091,9,3
2015-12-24 10:00:00,1,22,20151224101,10,3
2015-12-24 11:00:00,1,30,20151224111,11,3
2015-12-24 12:00:00,1,31,20151224121,12,3
2015-12-24 13:00:00,1,24,20151224131,13,3
2015-12-24 14:00:00,1,27,20151224141,14,3
2015-12-24 15:00:00,1,24,20151224151,15,3
2015-12-24 16:00:00,1,21,20151224161,16,3
2015-12-24 17:00:00,1,20,20151224171,17,3
2015-12-24 18:00:00,1,22,20151224181,18,3
2015-12-24 19:00:00,1,22,20151224191,19,3
2015-12-24 20:00:00,1,22,20151224201,20,3
2015-12-24 21:00:00,1,18,20151224211,21,3
2015-12-24 22:00:00,1,21,20151224221,22,3
2015-12-24 23:00:00,1,23,20151224231,23,3
2015-12-25 00:00:00,1,13,20151225001,0,4
2015-12-25 01:00:00,1,13,20151225011,1,4
2015-12-25 02:00:00,1,12,20151225021,2,4
2015-12-25 03:00:00,1,9,20151225031,3,4
2015-12-25 04:00:00,1,10,20151225041,4,4
2015-12-25 05:00:00,1,8,20151225051,5,4
2015-12-25 06:00:00,1,10,20151225061,6,4
2015-12-25 07:00:00,1,8,20151225071,7,4
2015-12-25 08:00:00,1,10,20151225081,8,4
2015-12-25 09:00:00,1,13,20151225091,9,4
2015-12-25 10:00:00,1,17,20151225101,10,4
2015-12-25 11:00:00,1,17,20151225111,11,4
2015-12-25 12:00:00,1,14,20151225121,12,4
2015-12-25 13:00:00,1,15,20151225131,13,4
2015-12-25 14:00:00,1,15,20151225141,14,4
2015-12-25 15:00:00,1,16,20151225151,15,4
2015-12-25 16:00:00,1,13,20151225161,16,4
2015-12-25 17:00:00,1,13,20151225171,17,4
2015-12-25 18:00:00,1,15,20151225181,18,4
2015-12-25 19:00:00,1,19,20151225191,19,4
2015-12-25 20:00:00,1,21,20151225201,20,4
2015-12-25 21:00:00,1,16,20151225211,21,4
2015-12-25 22:00:00,1,14,20151225221,22,4
2015-12-25 23:00:00,1,16,20151225231,23,4
2015-12-26 00:00:00,1,16,20151226001,0,5
2015-12-26 01:00:00,1,15,20151226011,1,5
2015-12-26 02:00:00,1,12,20151226021,2,5
2015-12-26 03:00:00,1,8,20151226031,3,5
2015-12-26 04:00:00,1,10,20151226041,4,5
2015-12-26 05:00:00,1,9,20151226051,5,5
2015-12-26 06:00:00,1,8,20151226061,6,5
2015-12-26 07:00:00,1,7,20151226071,7,5
2015-12-26 08:00:00,1,10,20151226081,8,5
2015-12-26 09:00:00,1,13,20151226091,9,5
2015-12-26 10:00:00,1,15,20151226101,10,5
2015-12-26 11:00:00,1,19,20151226111,11,5
2015-12-26 12:00:00,1,15,20151226121,12,5
2015-12-26 13:00:00,1,14,20151226131,13,5
2015-12-26 14:00:00,1,18,20151226141,14,5
2015-12-26 15:00:00,1,17,20151226151,15,5
2015-12-26 16:00:00,1,14,20151226161,16,5
2015-12-26 17:00:00,1,17,20151226171,17,5
2015-12-26 18:00:00,1,19,20151226181,18,5
2015-12-26 19:00:00,1,19,20151226191,19,5
2015-12-26 20:00:00,1,19,20151226201,20,5
2015-12-26 21:00:00,1,17,20151226211,21,5
2015-12-26 22:00:00,1,18,20151226221,22,5
2015-12-26 23:00:00,1,15,20151226231,23,5
2015-12-27 00:00:00,1,15,20151227001,0,6
2015-12-27 01:00:00,1,15,20151227011,1,6
2015-12-27 02:00:00,1,15,20151227021,2,6
2015-12-27 03:00:00,1,12,20151227031,3,6
2015-12-27 04:00:00,1,9,20151227041,4,6
2015-12-27 05:00:00,1,9,20151227051,5,6
2015-12-27 06:00:00,1,9,20151227061,6,6
2015-12-27 07:00:00,1,11,20151227071,7,6
2015-12-27 08:00:00,1,9,20151227081,8,6
2015-12-27 09:00:00,1,12,20151227091,9,6
2015-12-27 10:00:00,1,17,20151227101,10,6
2015-12-27 11:00:00,1,16,20151227111,11,6
2015-12-27 12:00:00,1,20,20151227121,12,6
2015-12-27 13:00:00,1,16,20151227131,13,6
2015-12-27 14:00:00,1,14,20151227141,14,6
2015-12-27 15:00:00,1,13,20151227151,15,6
2015-12-27 16:00:00,1,17,20151227161,16,6
2015-12-27 17:00:00,1,18,20151227171,17,6
2015-12-27 18:00:00,1,19,20151227181,18,6
2015-12-27 19:00:00,1,20,20151227191,19,6
2015-12-27 20:00:00,1,20,20151227201,20,6
2015-12-27 21:00:00,1,20,20151227211,21,6
2015-12-27 22:00:00,1,17,20151227221,22,6
2015-12-27 23:00:00,1,20,20151227231,23,6
2015-12-28 00:00:00,1,14,20151228001,0,0
2015-12-28 01:00:00,1,13,20151228011,1,0
2015-12-28 02:00:00,1,9,20151228021,2,0
2015-12-28 03:00:00,1,8,20151228031,3,0
2015-12-28 04:00:00,1,10,20151228041,4,0
2015-12-28 05:00:00,1,8,20151228051,5,0
2015-12-28 06:00:00,1,11,20151228061,6,0
2015-12-28 07:00:00,1,10,20151228071,7,0
2015-12-28 08:00:00,1,15,20151228081,8,0
2015-12-28 09:00:00,1,15,20151228091,9,0
2015-12-28 10:00:00,1,21,20151228101,10,0
2015-12-28 11:00:00,1,26,20151228111,11,0
2015-12-28 12:00:00,1,28,20151228121,12,0
2015-12-28 13:00:00,1,32,20151228131,13,0
2015-12-28 14:00:00,1,36,20151228141,14,0
2015-12-28 15:00:00,1,33,20151228151,15,0
2015-12-28 16:00:00,1,30,20151228161,16,0
2015-12-28 17:00:00,1,24,20151228171,17,0
2015-12-28 18:00:00,1,30,20151228181,18,0
2015-12-28 19:00:00,1,29,20151228191,19,0
2015-12-28 20:00:00,1,28,20151228201,20,0
2015-12-28 21:00:00,1,26,20151228211,21,0
2015-12-28 22:00:00,1,24,20151228221,22,0
2015-12-28 23:00:00,1,24,20151228231,23,0
2015-12-29 00:00:00,1,19,20151229001,0,1
2015-12-29 01:00:00,1,19,20151229011,1,1
2015-12-29 02:00:00,1,16,20151229021,2,1
2015-12-29 03:00:00,1,11,20151229031,3,1
2015-12-29 04:00:00,1,13,20151229041,4,1
2015-12-29 05:00:00,1,12,20151229051,5,1
2015-12-29 06:00:00,1,11,20151229061,6,1
2015-12-29 07:00:00,1,13,20151229071,7,1
2015-12-29 08:00:00,1,16,20151229081,8,1
2015-12-29 09:00:00,1,19,20151229091,9,1
2015-12-29 10:00:00,1,28,20151229101,10,1
2015-12-29 11:00:00,1,35,20151229111,11,1
2015-12-29 12:00:00,1,33,20151229121,12,1
2015-12-29 13:00:00,1,27,20151229131,13,1
2015-12-29 14:00:00,1,29,20151229141,14,1
2015-12-29 15:00:00,1,30,20151229151,15,1
2015-12-29 16:00:00,1,32,20151229161,16,1
2015-12-29 17:00:00,1,27,20151229171,17,1
2015-12-29 18:00:00,1,24,20151229181,18,1
2015-12-29 19:00:00,1,29,20151229191,19,1
2015-12-29 20:00:00,1,24,20151229201,20,1
2015-12-29 21:00:00,1,23,20151229211,21,1
2015-12-29 22:00:00,1,26,20151229221,22,1
2015-12-29 23:00:00,1,22,20151229231,23,1
2015-12-30 00:00:00,1,19,20151230001,0,2
2015-12-30 01:00:00,1,17,20151230011,1,2
2015-12-30 02:00:00,1,18,20151230021,2,2
2015-12-30 03:00:00,1,14,20151230031,3,2
2015-12-30 04:00:00,1,12,20151230041,4,2
2015-12-30 05:00:00,1,10,20151230051,5,2
2015-12-30 06:00:00,1,13,20151230061,6,2
2015-12-30 07:00:00,1,13,20151230071,7,2
2015-12-30 08:00:00,1,16,20151230081,8,2
2015-12-30 09:00:00,1,18,20151230091,9,2
2015-12-30 10:00:00,1,22,20151230101,10,2
2015-12-30 11:00:00,1,50,20151230111,11,2
2015-12-30 12:00:00,1,34,20151230121,12,2
2015-12-30 13:00:00,1,31,20151230131,13,2
2015-12-30 14:00:00,1,34,20151230141,14,2
2015-12-30 15:00:00,1,31,20151230151,15,2
2015-12-30 16:00:00,1,29,20151230161,16,2
2015-12-30 17:00:00,1,30,20151230171,17,2
2015-12-30 18:00:00,1,28,20151230181,18,2
2015-12-30 19:00:00,1,31,20151230191,19,2
2015-12-30 20:00:00,1,29,20151230201,20,2
2015-12-30 21:00:00,1,31,20151230211,21,2
2015-12-30 22:00:00,1,28,20151230221,22,2
2015-12-30 23:00:00,1,25,20151230231,23,2
2015-12-31 00:00:00,1,20,20151231001,0,3
2015-12-31 01:00:00,1,18,20151231011,1,3
2015-12-31 02:00:00,1,14,20151231021,2,3
2015-12-31 03:00:00,1,13,20151231031,3,3
2015-12-31 04:00:00,1,14,20151231041,4,3
2015-12-31 05:00:00,1,7,20151231051,5,3
2015-12-31 06:00:00,1,13,20151231061,6,3
2015-12-31 07:00:00,1,13,20151231071,7,3
2015-12-31 08:00:00,1,13,20151231081,8,3
2015-12-31 09:00:00,1,17,20151231091,9,3
2015-12-31 10:00:00,1,22,20151231101,10,3
2015-12-31 11:00:00,1,25,20151231111,11,3
2015-12-31 12:00:00,1,25,20151231121,12,3
2015-12-31 13:00:00,1,23,20151231131,13,3
2015-12-31 14:00:00,1,18,20151231141,14,3
2015-12-31 15:00:00,1,24,20151231151,15,3
2015-12-31 16:00:00,1,19,20151231161,16,3
2015-12-31 17:00:00,1,20,20151231171,17,3
2015-12-31 18:00:00,1,15,20151231181,18,3
2015-12-31 19:00:00,1,21,20151231191,19,3
2015-12-31 20:00:00,1,18,20151231201,20,3
2015-12-31 21:00:00,1,17,20151231211,21,3
2015-12-31 22:00:00,1,14,20151231221,22,3
2015-12-31 23:00:00,1,15,20151231231,23,3
2016-01-01 00:00:00,1,13,20160101001,0,4
2016-01-01 01:00:00,1,13,20160101011,1,4
2016-01-01 02:00:00,1,11,20160101021,2,4
2016-01-01 03:00:00,1,6,20160101031,3,4
2016-01-01 04:00:00,1,8,20160101041,4,4
2016-01-01 05:00:00,1,6,20160101051,5,4
2016-01-01 06:00:00,1,7,20160101061,6,4
2016-01-01 07:00:00,1,8,20160101071,7,4
2016-01-01 08:00:00,1,9,20160101081,8,4
2016-01-01 09:00:00,1,8,20160101091,9,4
2016-01-01 10:00:00,1,11,20160101101,10,4
2016-01-01 11:00:00,1,10,20160101111,11,4
2016-01-01 12:00:00,1,13,20160101121,12,4
2016-01-01 13:00:00,1,12,20160101131,13,4
2016-01-01 14:00:00,1,11,20160101141,14,4
2016-01-01 15:00:00,1,17,20160101151,15,4
2016-01-01 16:00:00,1,20,20160101161,16,4
2016-01-01 17:00:00,1,15,20160101171,17,4
2016-01-01 18:00:00,1,15,20160101181,18,4
2016-01-01 19:00:00,1,18,20160101191,19,4
2016-01-01 20:00:00,1,17,20160101201,20,4
2016-01-01 21:00:00,1,18,20160101211,21,4
2016-01-01 22:00:00,1,17,20160101221,22,4
2016-01-01 23:00:00,1,18,20160101231,23,4
2016-01-02 00:00:00,1,15,20160102001,0,5
2016-01-02 01:00:00,1,15,20160102011,1,5
2016-01-02 02:00:00,1,11,20160102021,2,5
2016-01-02 03:00:00,1,10,20160102031,3,5
2016-01-02 04:00:00,1,8,20160102041,4,5
2016-01-02 05:00:00,1,9,20160102051,5,5
2016-01-02 06:00:00,1,9,20160102061,6,5
2016-01-02 07:00:00,1,11,20160102071,7,5
2016-01-02 08:00:00,1,9,20160102081,8,5
2016-01-02 09:00:00,1,13,20160102091,9,5
2016-01-02 10:00:00,1,20,20160102101,10,5
2016-01-02 11:00:00,1,21,20160102111,11,5
2016-01-02 12:00:00,1,21,20160102121,12,5
2016-01-02 13:00:00,1,18,20160102131,13,5
2016-01-02 14:00:00,1,15,20160102141,14,5
2016-01-02 15:00:00,1,16,20160102151,15,5
2016-01-02 16:00:00,1,17,20160102161,16,5
2016-01-02 17:00:00,1,17,20160102171,17,5
2016-01-02 18:00:00,1,18,20160102181,18,5
2016-01-02 19:00:00,1,16,20160102191,19,5
2016-01-02 20:00:00,1,21,20160102201,20,5
2016-01-02 21:00:00,1,20,20160102211,21,5
2016-01-02 22:00:00,1,18,20160102221,22,5
2016-01-02 23:00:00,1,21,20160102231,23,5
2016-01-03 00:00:00,1,19,20160103001,0,6
2016-01-03 01:00:00,1,13,20160103011,1,6
2016-01-03 02:00:00,1,11,20160103021,2,6
2016-01-03 03:00:00,1,11,20160103031,3,6
2016-01-03 04:00:00,1,8,20160103041,4,6
2016-01-03 05:00:00,1,7,20160103051,5,6
2016-01-03 06:00:00,1,10,20160103061,6,6
2016-01-03 07:00:00,1,9,20160103071,7,6
2016-01-03 08:00:00,1,9,20160103081,8,6
2016-01-03 09:00:00,1,12,20160103091,9,6
2016-01-03 10:00:00,1,25,20160103101,10,6
2016-01-03 11:00:00,1,22,20160103111,11,6
2016-01-03 12:00:00,1,21,20160103121,12,6
2016-01-03 13:00:00,1,18,20160103131,13,6
2016-01-03 14:00:00,1,20,20160103141,14,6
2016-01-03 15:00:00,1,20,20160103151,15,6
2016-01-03 16:00:00,1,17,20160103161,16,6
2016-01-03 17:00:00,1,20,20160103171,17,6
2016-01-03 18:00:00,1,17,20160103181,18,6
2016-01-03 19:00:00,1,28,20160103191,19,6
2016-01-03 20:00:00,1,24,20160103201,20,6
2016-01-03 21:00:00,1,22,20160103211,21,6
2016-01-03 22:00:00,1,22,20160103221,22,6
2016-01-03 23:00:00,1,20,20160103231,23,6
2016-01-04 00:00:00,1,19,20160104001,0,0
2016-01-04 01:00:00,1,19,20160104011,1,0
2016-01-04 02:00:00,1,12,20160104021,2,0
2016-01-04 03:00:00,1,17,20160104031,3,0
2016-01-04 04:00:00,1,13,20160104041,4,0
2016-01-04 05:00:00,1,14,20160104051,5,0
2016-01-04 06:00:00,1,14,20160104061,6,0
2016-01-04 07:00:00,1,18,20160104071,7,0
2016-01-04 08:00:00,1,19,20160104081,8,0
2016-01-04 09:00:00,1,28,20160104091,9,0
2016-01-04 10:00:00,1,35,20160104101,10,0
2016-01-04 11:00:00,1,39,20160104111,11,0
2016-01-04 12:00:00,1,37,20160104121,12,0
2016-01-04 13:00:00,1,28,20160104131,13,0
2016-01-04 14:00:00,1,36,20160104141,14,0
2016-01-04 15:00:00,1,36,20160104151,15,0
2016-01-04 16:00:00,1,33,20160104161,16,0
2016-01-04 17:00:00,1,31,20160104171,17,0
2016-01-04 18:00:00,1,34,20160104181,18,0
2016-01-04 19:00:00,1,41,20160104191,19,0
2016-01-04 20:00:00,1,38,20160104201,20,0
2016-01-04 21:00:00,1,34,20160104211,21,0
2016-01-04 22:00:00,1,29,20160104221,22,0
2016-01-04 23:00:00,1,29,20160104231,23,0
2016-01-05 00:00:00,1,28,20160105001,0,1
2016-01-05 01:00:00,1,21,20160105011,1,1
2016-01-05 02:00:00,1,16,20160105021,2,1
2016-01-05 03:00:00,1,16,20160105031,3,1
2016-01-05 04:00:00,1,14,20160105041,4,1
2016-01-05 05:00:00,1,13,20160105051,5,1
2016-01-05 06:00:00,1,13,20160105061,6,1
2016-01-05 07:00:00,1,13,20160105071,7,1
2016-01-05 08:00:00,1,20,20160105081,8,1
2016-01-05 09:00:00,1,18,20160105091,9,1
2016-01-05 10:00:00,1,27,20160105101,10,1
2016-01-05 11:00:00,1,31,20160105111,11,1
2016-01-05 12:00:00,1,32,20160105121,12,1
2016-01-05 13:00:00,1,26,20160105131,13,1
2016-01-05 14:00:00,1,29,20160105141,14,1
2016-01-05 15:00:00,1,29,20160105151,15,1
2016-01-05 16:00:00,1,29,20160105161,16,1
2016-01-05 17:00:00,1,26,20160105171,17,1
2016-01-05 18:00:00,1,28,20160105181,18,1
2016-01-05 19:00:00,1,40,20160105191,19,1
2016-01-05 20:00:00,1,36,20160105201,20,1
2016-01-05 21:00:00,1,33,20160105211,21,1
2016-01-05 22:00:00,1,34,20160105221,22,1
2016-01-05 23:00:00,1,30,20160105231,23,1
2016-01-06 00:00:00,1,29,20160106001,0,2
2016-01-06 01:00:00,1,25,20160106011,1,2
2016-01-06 02:00:00,1,23,20160106021,2,2
2016-01-06 03:00:00,1,19,20160106031,3,2
2016-01-06 04:00:00,1,16,20160106041,4,2
2016-01-06 05:00:00,1,16,20160106051,5,2
2016-01-06 06:00:00,1,15,20160106061,6,2
2016-01-06 07:00:00,1,15,20160106071,7,2
2016-01-06 08:00:00,1,19,20160106081,8,2
2016-01-06 09:00:00,1,31,20160106091,9,2
2016-01-06 10:00:00,1,37,20160106101,10,2
2016-01-06 11:00:00,1,40,20160106111,11,2
2016-01-06 12:00:00,1,34,20160106121,12,2
2016-01-06 13:00:00,1,31,20160106131,13,2
2016-01-06 14:00:00,1,29,20160106141,14,2
2016-01-06 15:00:00,1,34,20160106151,15,2
2016-01-06 16:00:00,1,30,20160106161,16,2
2016-01-06 17:00:00,1,33,20160106171,17,2
2016-01-06 18:00:00,1,33,20160106181,18,2
2016-01-06 19:00:00,1,35,20160106191,19,2
2016-01-06 20:00:00,1,31,20160106201,20,2
2016-01-06 21:00:00,1,32,20160106211,21,2
2016-01-06 22:00:00,1,32,20160106221,22,2
2016-01-06 23:00:00,1,28,20160106231,23,2
2016-01-07 00:00:00,1,25,20160107001,0,3
2016-01-07 01:00:00,1,22,20160107011,1,3
2016-01-07 02:00:00,1,21,20160107021,2,3
2016-01-07 03:00:00,1,16,20160107031,3,3
2016-01-07 04:00:00,1,15,20160107041,4,3
2016-01-07 05:00:00,1,15,20160107051,5,3
2016-01-07 06:00:00,1,18,20160107061,6,3
2016-01-07 07:00:00,1,18,20160107071,7,3
2016-01-07 08:00:00,1,20,20160107081,8,3
2016-01-07 09:00:00,1,20,20160107091,9,3
2016-01-07 10:00:00,1,26,20160107101,10,3
2016-01-07 11:00:00,1,29,20160107111,11,3
2016-01-07 12:00:00,1,30,20160107121,12,3
2016-01-07 13:00:00,1,23,20160107131,13,3
2016-01-07 14:00:00,1,27,20160107141,14,3
2016-01-07 15:00:00,1,31,20160107151,15,3
2016-01-07 16:00:00,1,30,20160107161,16,3
2016-01-07 17:00:00,1,27,20160107171,17,3
2016-01-07 18:00:00,1,27,20160107181,18,3
2016-01-07 19:00:00,1,32,20160107191,19,3
2016-01-07 20:00:00,1,29,20160107201,20,3
2016-01-07 21:00:00,1,28,20160107211,21,3
2016-01-07 22:00:00,1,29,20160107221,22,3
2016-01-07 23:00:00,1,23,20160107231,23,3
2016-01-08 00:00:00,1,25,20160108001,0,4
2016-01-08 01:00:00,1,25,20160108011,1,4
2016-01-08 02:00:00,1,15,20160108021,2,4
2016-01-08 03:00:00,1,15,20160108031,3,4
2016-01-08 04:00:00,1,11,20160108041,4,4
2016-01-08 05:00:00,1,13,20160108051,5,4
2016-01-08 06:00:00,1,12,20160108061,6,4
2016-01-08 07:00:00,1,15,20160108071,7,4
2016-01-08 08:00:00,1,14,20160108081,8,4
2016-01-08 09:00:00,1,38,20160108091,9,4
2016-01-08 10:00:00,1,47,20160108101,10,4
2016-01-08 11:00:00,1,45,20160108111,11,4
2016-01-08 12:00:00,1,42,20160108121,12,4
2016-01-08 13:00:00,1,34,20160108131,13,4
2016-01-08 14:00:00,1,37,20160108141,14,4
2016-01-08 15:00:00,1,35,20160108151,15,4
2016-01-08 16:00:00,1,33,20160108161,16,4
2016-01-08 17:00:00,1,32,20160108171,17,4
2016-01-08 18:00:00,1,27,20160108181,18,4
2016-01-08 19:00:00,1,29,20160108191,19,4
2016-01-08 20:00:00,1,30,20160108201,20,4
2016-01-08 21:00:00,1,29,20160108211,21,4
2016-01-08 22:00:00,1,30,20160108221,22,4
2016-01-08 23:00:00,1,30,20160108231,23,4
2016-01-09 00:00:00,1,22,20160109001,0,5
2016-01-09 01:00:00,1,19,20160109011,1,5
2016-01-09 02:00:00,1,17,20160109021,2,5
2016-01-09 03:00:00,1,18,20160109031,3,5
2016-01-09 04:00:00,1,13,20160109041,4,5
2016-01-09 05:00:00,1,10,20160109051,5,5
2016-01-09 06:00:00,1,11,20160109061,6,5
2016-01-09 07:00:00,1,12,20160109071,7,5
2016-01-09 08:00:00,1,14,20160109081,8,5
2016-01-09 09:00:00,1,16,20160109091,9,5
2016-01-09 10:00:00,1,25,20160109101,10,5
2016-01-09 11:00:00,1,20,20160109111,11,5
2016-01-09 12:00:00,1,20,20160109121,12,5
2016-01-09 13:00:00,1,21,20160109131,13,5
2016-01-09 14:00:00,1,17,20160109141,14,5
2016-01-09 15:00:00,1,22,20160109151,15,5
2016-01-09 16:00:00,1,18,20160109161,16,5
2016-01-09 17:00:00,1,19,20160109171,17,5
2016-01-09 18:00:00,1,18,20160109181,18,5
2016-01-09 19:00:00,1,23,20160109191,19,5
2016-01-09 20:00:00,1,18,20160109201,20,5
2016-01-09 21:00:00,1,21,20160109211,21,5
2016-01-09 22:00:00,1,22,20160109221,22,5
2016-01-09 23:00:00,1,19,20160109231,23,5
2016-01-10 00:00:00,1,19,20160110001,0,6
2016-01-10 01:00:00,1,18,20160110011,1,6
2016-01-10 02:00:00,1,16,20160110021,2,6
2016-01-10 03:00:00,1,9,20160110031,3,6
2016-01-10 04:00:00,1,10,20160110041,4,6
2016-01-10 05:00:00,1,10,20160110051,5,6
2016-01-10 06:00:00,1,12,20160110061,6,6
2016-01-10 07:00:00,1,13,20160110071,7,6
2016-01-10 08:00:00,1,11,20160110081,8,6
2016-01-10 09:00:00,1,16,20160110091,9,6
2016-01-10 10:00:00,1,16,20160110101,10,6
2016-01-10 11:00:00,1,21,20160110111,11,6
2016-01-10 12:00:00,1,18,20160110121,12,6
2016-01-10 13:00:00,1,19,20160110131,13,6
2016-01-10 14:00:00,1,18,20160110141,14,6
2016-01-10 15:00:00,1,15,20160110151,15,6
2016-01-10 16:00:00,1,19,20160110161,16,6
2016-01-10 17:00:00,1,20,20160110171,17,6
2016-01-10 18:00:00,1,18,20160110181,18,6
2016-01-10 19:00:00,1,22,20160110191,19,6
2016-01-10 20:00:00,1,22,20160110201,20,6
2016-01-10 21:00:00,1,23,20160110211,21,6
2016-01-10 22:00:00,1,25,20160110221,22,6
2016-01-10 23:00:00,1,21,20160110231,23,6
2016-01-11 00:00:00,1,21,20160111001,0,0
2016-01-11 01:00:00,1,16,20160111011,1,0
2016-01-11 02:00:00,1,11,20160111021,2,0
2016-01-11 03:00:00,1,11,20160111031,3,0
2016-01-11 04:00:00,1,12,20160111041,4,0
2016-01-11 05:00:00,1,13,20160111051,5,0
2016-01-11 06:00:00,1,12,20160111061,6,0
2016-01-11 07:00:00,1,14,20160111071,7,0
2016-01-11 08:00:00,1,13,20160111081,8,0
2016-01-11 09:00:00,1,28,20160111091,9,0
2016-01-11 10:00:00,1,38,20160111101,10,0
2016-01-11 11:00:00,1,40,20160111111,11,0
2016-01-11 12:00:00,1,38,20160111121,12,0
2016-01-11 13:00:00,1,32,20160111131,13,0
2016-01-11 14:00:00,1,35,20160111141,14,0
2016-01-11 15:00:00,1,35,20160111151,15,0
2016-01-11 16:00:00,1,30,20160111161,16,0
2016-01-11 17:00:00,1,33,20160111171,17,0
2016-01-11 18:00:00,1,32,20160111181,18,0
2016-01-11 19:00:00,1,32,20160111191,19,0
2016-01-11 20:00:00,1,31,20160111201,20,0
2016-01-11 21:00:00,1,34,20160111211,21,0
2016-01-11 22:00:00,1,33,20160111221,22,0
2016-01-11 23:00:00,1,25,20160111231,23,0
2016-01-12 00:00:00,1,26,20160112001,0,1
2016-01-12 01:00:00,1,22,20160112011,1,1
2016-01-12 02:00:00,1,25,20160112021,2,1
2016-01-12 03:00:00,1,17,20160112031,3,1
2016-01-12 04:00:00,1,14,20160112041,4,1
2016-01-12 05:00:00,1,11,20160112051,5,1
2016-01-12 06:00:00,1,13,20160112061,6,1
2016-01-12 07:00:00,1,16,20160112071,7,1
2016-01-12 08:00:00,1,21,20160112081,8,1
2016-01-12 09:00:00,1,23,20160112091,9,1
2016-01-12 10:00:00,1,31,20160112101,10,1
2016-01-12 11:00:00,1,32,20160112111,11,1
2016-01-12 12:00:00,1,34,20160112121,12,1
2016-01-12 13:00:00,1,30,20160112131,13,1
2016-01-12 14:00:00,1,32,20160112141,14,1
2016-01-12 15:00:00,1,30,20160112151,15,1
2016-01-12 16:00:00,1,28,20160112161,16,1
2016-01-12 17:00:00,1,32,20160112171,17,1
2016-01-12 18:00:00,1,28,20160112181,18,1
2016-01-12 19:00:00,1,29,20160112191,19,1
2016-01-12 20:00:00,1,35,20160112201,20,1
2016-01-12 21:00:00,1,34,20160112211,21,1
2016-01-12 22:00:00,1,29,20160112221,22,1
2016-01-12 23:00:00,1,30,20160112231,23,1
2016-01-13 00:00:00,1,26,20160113001,0,2
2016-01-13 01:00:00,1,21,20160113011,1,2
2016-01-13 02:00:00,1,20,20160113021,2,2
2016-01-13 03:00:00,1,16,20160113031,3,2
2016-01-13 04:00:00,1,11,20160113041,4,2
2016-01-13 05:00:00,1,14,20160113051,5,2
2016-01-13 06:00:00,1,11,20160113061,6,2
2016-01-13 07:00:00,1,16,20160113071,7,2
2016-01-13 08:00:00,1,18,20160113081,8,2
2016-01-13 09:00:00,1,33,20160113091,9,2
2016-01-13 10:00:00,1,42,20160113101,10,2
2016-01-13 11:00:00,1,40,20160113111,11,2
2016-01-13 12:00:00,1,39,20160113121,12,2
2016-01-13 13:00:00,1,31,20160113131,13,2
2016-01-13 14:00:00,1,34,20160113141,14,2
2016-01-13 15:00:00,1,33,20160113151,15,2
2016-01-13 16:00:00,1,28,20160113161,16,2
2016-01-13 17:00:00,1,29,20160113171,17,2
2016-01-13 18:00:00,1,33,20160113181,18,2
2016-01-13 19:00:00,1,29,20160113191,19,2
2016-01-13 20:00:00,1,31,20160113201,20,2
2016-01-13 21:00:00,1,28,20160113211,21,2
2016-01-13 22:00:00,1,27,20160113221,22,2
2016-01-13 23:00:00,1,25,20160113231,23,2
2016-01-14 00:00:00,1,22,20160114001,0,3
2016-01-14 01:00:00,1,18,20160114011,1,3
2016-01-14 02:00:00,1,18,20160114021,2,3
2016-01-14 03:00:00,1,18,20160114031,3,3
2016-01-14 04:00:00,1,14,20160114041,4,3
2016-01-14 05:00:00,1,13,20160114051,5,3
2016-01-14 06:00:00,1,12,20160114061,6,3
2016-01-14 07:00:00,1,13,20160114071,7,3
2016-01-14 08:00:00,1,15,20160114081,8,3
2016-01-14 09:00:00,1,18,20160114091,9,3
2016-01-14 10:00:00,1,21,20160114101,10,3
2016-01-14 11:00:00,1,24,20160114111,11,3
2016-01-14 12:00:00,1,30,20160114121,12,3
2016-01-14 13:00:00,1,25,20160114131,13,3
2016-01-14 14:00:00,1,27,20160114141,14,3
2016-01-14 15:00:00,1,31,20160114151,15,3
2016-01-14 16:00:00,1,25,20160114161,16,3
2016-01-14 17:00:00,1,23,20160114171,17,3
2016-01-14 18:00:00,1,25,20160114181,18,3
2016-01-14 19:00:00,1,30,20160114191,19,3
2016-01-14 20:00:00,1,26,20160114201,20,3
2016-01-14 21:00:00,1,26,20160114211,21,3
2016-01-14 22:00:00,1,25,20160114221,22,3
2016-01-14 23:00:00,1,27,20160114231,23,3
2016-01-15 00:00:00,1,26,20160115001,0,4
2016-01-15 01:00:00,1,20,20160115011,1,4
2016-01-15 02:00:00,1,18,20160115021,2,4
2016-01-15 03:00:00,1,16,20160115031,3,4
2016-01-15 04:00:00,1,16,20160115041,4,4
2016-01-15 05:00:00,1,16,20160115051,5,4
2016-01-15 06:00:00,1,16,20160115061,6,4
2016-01-15 07:00:00,1,20,20160115071,7,4
2016-01-15 08:00:00,1,18,20160115081,8,4
2016-01-15 09:00:00,1,21,20160115091,9,4
2016-01-15 10:00:00,1,45,20160115101,10,4
2016-01-15 11:00:00,1,39,20160115111,11,4
2016-01-15 12:00:00,1,34,20160115121,12,4
2016-01-15 13:00:00,1,34,20160115131,13,4
2016-01-15 14:00:00,1,31,20160115141,14,4
2016-01-15 15:00:00,1,35,20160115151,15,4
2016-01-15 16:00:00,1,35,20160115161,16,4
2016-01-15 17:00:00,1,30,20160115171,17,4
2016-01-15 18:00:00,1,33,20160115181,18,4
2016-01-15 19:00:00,1,34,20160115191,19,4
2016-01-15 20:00:00,1,31,20160115201,20,4
2016-01-15 21:00:00,1,36,20160115211,21,4
2016-01-15 22:00:00,1,29,20160115221,22,4
2016-01-15 23:00:00,1,30,20160115231,23,4
2016-01-16 00:00:00,1,22,20160116001,0,5
2016-01-16 01:00:00,1,20,20160116011,1,5
2016-01-16 02:00:00,1,19,20160116021,2,5
2016-01-16 03:00:00,1,19,20160116031,3,5
2016-01-16 04:00:00,1,13,20160116041,4,5
2016-01-16 05:00:00,1,16,20160116051,5,5
2016-01-16 06:00:00,1,14,20160116061,6,5
2016-01-16 07:00:00,1,14,20160116071,7,5
2016-01-16 08:00:00,1,13,20160116081,8,5
2016-01-16 09:00:00,1,17,20160116091,9,5
2016-01-16 10:00:00,1,23,20160116101,10,5
2016-01-16 11:00:00,1,20,20160116111,11,5
2016-01-16 12:00:00,1,19,20160116121,12,5
2016-01-16 13:00:00,1,24,20160116131,13,5
2016-01-16 14:00:00,1,22,20160116141,14,5
2016-01-16 15:00:00,1,18,20160116151,15,5
2016-01-16 16:00:00,1,21,20160116161,16,5
2016-01-16 17:00:00,1,17,20160116171,17,5
2016-01-16 18:00:00,1,18,20160116181,18,5
2016-01-16 19:00:00,1,27,20160116191,19,5
2016-01-16 20:00:00,1,26,20160116201,20,5
2016-01-16 21:00:00,1,29,20160116211,21,5
2016-01-16 22:00:00,1,25,20160116221,22,5
2016-01-16 23:00:00,1,25,20160116231,23,5
2016-01-17 00:00:00,1,21,20160117001,0,6
2016-01-17 01:00:00,1,23,20160117011,1,6
2016-01-17 02:00:00,1,17,20160117021,2,6
2016-01-17 03:00:00,1,12,20160117031,3,6
2016-01-17 04:00:00,1,13,20160117041,4,6
2016-01-17 05:00:00,1,13,20160117051,5,6
2016-01-17 06:00:00,1,12,20160117061,6,6
2016-01-17 07:00:00,1,14,20160117071,7,6
2016-01-17 08:00:00,1,16,20160117081,8,6
2016-01-17 09:00:00,1,17,20160117091,9,6
2016-01-17 10:00:00,1,22,20160117101,10,6
2016-01-17 11:00:00,1,24,20160117111,11,6
2016-01-17 12:00:00,1,23,20160117121,12,6
2016-01-17 13:00:00,1,21,20160117131,13,6
2016-01-17 14:00:00,1,23,20160117141,14,6
2016-01-17 15:00:00,1,21,20160117151,15,6
2016-01-17 16:00:00,1,23,20160117161,16,6
2016-01-17 17:00:00,1,21,20160117171,17,6
2016-01-17 18:00:00,1,24,20160117181,18,6
2016-01-17 19:00:00,1,27,20160117191,19,6
2016-01-17 20:00:00,1,28,20160117201,20,6
2016-01-17 21:00:00,1,20,20160117211,21,6
2016-01-17 22:00:00,1,24,20160117221,22,6
2016-01-17 23:00:00,1,28,20160117231,23,6
2016-01-18 00:00:00,1,23,20160118001,0,0
2016-01-18 01:00:00,1,21,20160118011,1,0
2016-01-18 02:00:00,1,16,20160118021,2,0
2016-01-18 03:00:00,1,22,20160118031,3,0
2016-01-18 04:00:00,1,18,20160118041,4,0
2016-01-18 05:00:00,1,17,20160118051,5,0
2016-01-18 06:00:00,1,16,20160118061,6,0
2016-01-18 07:00:00,1,16,20160118071,7,0
2016-01-18 08:00:00,1,22,20160118081,8,0
2016-01-18 09:00:00,1,35,20160118091,9,0
2016-01-18 10:00:00,1,44,20160118101,10,0
2016-01-18 11:00:00,1,42,20160118111,11,0
2016-01-18 12:00:00,1,45,20160118121,12,0
2016-01-18 13:00:00,1,39,20160118131,13,0
2016-01-18 14:00:00,1,41,20160118141,14,0
2016-01-18 15:00:00,1,38,20160118151,15,0
2016-01-18 16:00:00,1,38,20160118161,16,0
2016-01-18 17:00:00,1,34,20160118171,17,0
2016-01-18 18:00:00,1,35,20160118181,18,0
2016-01-18 19:00:00,1,39,20160118191,19,0
2016-01-18 20:00:00,1,40,20160118201,20,0
2016-01-18 21:00:00,1,38,20160118211,21,0
2016-01-18 22:00:00,1,37,20160118221,22,0
2016-01-18 23:00:00,1,35,20160118231,23,0
2016-01-19 00:00:00,1,32,20160119001,0,1
2016-01-19 01:00:00,1,32,20160119011,1,1
2016-01-19 02:00:00,1,24,20160119021,2,1
2016-01-19 03:00:00,1,22,20160119031,3,1
2016-01-19 04:00:00,1,20,20160119041,4,1
2016-01-19 05:00:00,1,19,20160119051,5,1
2016-01-19 06:00:00,1,20,20160119061,6,1
2016-01-19 07:00:00,1,21,20160119071,7,1
2016-01-19 08:00:00,1,24,20160119081,8,1
2016-01-19 09:00:00,1,24,20160119091,9,1
2016-01-19 10:00:00,1,34,20160119101,10,1
2016-01-19 11:00:00,1,36,20160119111,11,1
2016-01-19 12:00:00,1,32,20160119121,12,1
2016-01-19 13:00:00,1,32,20160119131,13,1
2016-01-19 14:00:00,1,38,20160119141,14,1
2016-01-19 15:00:00,1,34,20160119151,15,1
2016-01-19 16:00:00,1,37,20160119161,16,1
2016-01-19 17:00:00,1,35,20160119171,17,1
2016-01-19 18:00:00,1,38,20160119181,18,1
2016-01-19 19:00:00,1,38,20160119191,19,1
2016-01-19 20:00:00,1,33,20160119201,20,1
2016-01-19 21:00:00,1,38,20160119211,21,1
2016-01-19 22:00:00,1,37,20160119221,22,1
2016-01-19 23:00:00,1,29,20160119231,23,1
2016-01-20 00:00:00,1,30,20160120001,0,2
2016-01-20 01:00:00,1,26,20160120011,1,2
2016-01-20 02:00:00,1,28,20160120021,2,2
2016-01-20 03:00:00,1,24,20160120031,3,2
2016-01-20 04:00:00,1,20,20160120041,4,2
2016-01-20 05:00:00,1,14,20160120051,5,2
2016-01-20 06:00:00,1,16,20160120061,6,2
2016-01-20 07:00:00,1,19,20160120071,7,2
2016-01-20 08:00:00,1,21,20160120081,8,2
2016-01-20 09:00:00,1,31,20160120091,9,2
2016-01-20 10:00:00,1,37,20160120101,10,2
2016-01-20 11:00:00,1,38,20160120111,11,2
2016-01-20 12:00:00,1,39,20160120121,12,2
2016-01-20 13:00:00,1,36,20160120131,13,2
2016-01-20 14:00:00,1,33,20160120141,14,2
2016-01-20 15:00:00,1,35,20160120151,15,2
2016-01-20 16:00:00,1,34,20160120161,16,2
2016-01-20 17:00:00,1,34,20160120171,17,2
2016-01-20 18:00:00,1,34,20160120181,18,2
2016-01-20 19:00:00,1,32,20160120191,19,2
2016-01-20 20:00:00,1,36,20160120201,20,2
2016-01-20 21:00:00,1,30,20160120211,21,2
2016-01-20 22:00:00,1,33,20160120221,22,2
2016-01-20 23:00:00,1,30,20160120231,23,2
2016-01-21 00:00:00,1,29,20160121001,0,3
2016-01-21 01:00:00,1,24,20160121011,1,3
2016-01-21 02:00:00,1,29,20160121021,2,3
2016-01-21 03:00:00,1,21,20160121031,3,3
2016-01-21 04:00:00,1,18,20160121041,4,3
2016-01-21 05:00:00,1,14,20160121051,5,3
2016-01-21 06:00:00,1,17,20160121061,6,3
2016-01-21 07:00:00,1,17,20160121071,7,3
2016-01-21 08:00:00,1,21,20160121081,8,3
2016-01-21 09:00:00,1,21,20160121091,9,3
2016-01-21 10:00:00,1,24,20160121101,10,3
2016-01-21 11:00:00,1,28,20160121111,11,3
2016-01-21 12:00:00,1,34,20160121121,12,3
2016-01-21 13:00:00,1,28,20160121131,13,3
2016-01-21 14:00:00,1,32,20160121141,14,3
2016-01-21 15:00:00,1,32,20160121151,15,3
2016-01-21 16:00:00,1,31,20160121161,16,3
2016-01-21 17:00:00,1,30,20160121171,17,3
2016-01-21 18:00:00,1,33,20160121181,18,3
2016-01-21 19:00:00,1,38,20160121191,19,3
2016-01-21 20:00:00,1,33,20160121201,20,3
2016-01-21 21:00:00,1,31,20160121211,21,3
2016-01-21 22:00:00,1,32,20160121221,22,3
2016-01-21 23:00:00,1,30,20160121231,23,3
2016-01-22 00:00:00,1,25,20160122001,0,4
2016-01-22 01:00:00,1,25,20160122011,1,4
2016-01-22 02:00:00,1,21,20160122021,2,4
2016-01-22 03:00:00,1,17,20160122031,3,4
2016-01-22 04:00:00,1,16,20160122041,4,4
2016-01-22 05:00:00,1,13,20160122051,5,4
2016-01-22 06:00:00,1,13,20160122061,6,4
2016-01-22 07:00:00,1,15,20160122071,7,4
2016-01-22 08:00:00,1,20,20160122081,8,4
2016-01-22 09:00:00,1,29,20160122091,9,4
2016-01-22 10:00:00,1,39,20160122101,10,4
2016-01-22 11:00:00,1,39,20160122111,11,4
2016-01-22 12:00:00,1,41,20160122121,12,4
2016-01-22 13:00:00,1,32,20160122131,13,4
2016-01-22 14:00:00,1,34,20160122141,14,4
2016-01-22 15:00:00,1,35,20160122151,15,4
2016-01-22 16:00:00,1,33,20160122161,16,4
2016-01-22 17:00:00,1,30,20160122171,17,4
2016-01-22 18:00:00,1,31,20160122181,18,4
2016-01-22 19:00:00,1,35,20160122191,19,4
2016-01-22 20:00:00,1,31,20160122201,20,4
2016-01-22 21:00:00,1,34,20160122211,21,4
2016-01-22 22:00:00,1,30,20160122221,22,4
2016-01-22 23:00:00,1,26,20160122231,23,4
2016-01-23 00:00:00,1,27,20160123001,0,5
2016-01-23 01:00:00,1,31,20160123011,1,5
2016-01-23 02:00:00,1,24,20160123021,2,5
2016-01-23 03:00:00,1,16,20160123031,3,5
2016-01-23 04:00:00,1,16,20160123041,4,5
2016-01-23 05:00:00,1,15,20160123051,5,5
2016-01-23 06:00:00,1,14,20160123061,6,5
2016-01-23 07:00:00,1,14,20160123071,7,5
2016-01-23 08:00:00,1,15,20160123081,8,5
2016-01-23 09:00:00,1,19,20160123091,9,5
2016-01-23 10:00:00,1,25,20160123101,10,5
2016-01-23 11:00:00,1,23,20160123111,11,5
2016-01-23 12:00:00,1,20,20160123121,12,5
2016-01-23 13:00:00,1,21,20160123131,13,5
2016-01-23 14:00:00,1,19,20160123141,14,5
2016-01-23 15:00:00,1,22,20160123151,15,5
2016-01-23 16:00:00,1,20,20160123161,16,5
2016-01-23 17:00:00,1,19,20160123171,17,5
2016-01-23 18:00:00,1,20,20160123181,18,5
2016-01-23 19:00:00,1,26,20160123191,19,5
2016-01-23 20:00:00,1,27,20160123201,20,5
2016-01-23 21:00:00,1,22,20160123211,21,5
2016-01-23 22:00:00,1,22,20160123221,22,5
2016-01-23 23:00:00,1,23,20160123231,23,5
2016-01-24 00:00:00,1,19,20160124001,0,6
2016-01-24 01:00:00,1,20,20160124011,1,6
2016-01-24 02:00:00,1,17,20160124021,2,6
2016-01-24 03:00:00,1,14,20160124031,3,6
2016-01-24 04:00:00,1,14,20160124041,4,6
2016-01-24 05:00:00,1,12,20160124051,5,6
2016-01-24 06:00:00,1,11,20160124061,6,6
2016-01-24 07:00:00,1,14,20160124071,7,6
2016-01-24 08:00:00,1,12,20160124081,8,6
2016-01-24 09:00:00,1,16,20160124091,9,6
2016-01-24 10:00:00,1,16,20160124101,10,6
2016-01-24 11:00:00,1,23,20160124111,11,6
2016-01-24 12:00:00,1,24,20160124121,12,6
2016-01-24 13:00:00,1,19,20160124131,13,6
2016-01-24 14:00:00,1,21,20160124141,14,6
2016-01-24 15:00:00,1,17,20160124151,15,6
2016-01-24 16:00:00,1,18,20160124161,16,6
2016-01-24 17:00:00,1,19,20160124171,17,6
2016-01-24 18:00:00,1,24,20160124181,18,6
2016-01-24 19:00:00,1,23,20160124191,19,6
2016-01-24 20:00:00,1,21,20160124201,20,6
2016-01-24 21:00:00,1,23,20160124211,21,6
2016-01-24 22:00:00,1,25,20160124221,22,6
2016-01-24 23:00:00,1,27,20160124231,23,6
2016-01-25 00:00:00,1,23,20160125001,0,0
2016-01-25 01:00:00,1,19,20160125011,1,0
2016-01-25 02:00:00,1,18,20160125021,2,0
2016-01-25 03:00:00,1,16,20160125031,3,0
2016-01-25 04:00:00,1,13,20160125041,4,0
2016-01-25 05:00:00,1,12,20160125051,5,0
2016-01-25 06:00:00,1,15,20160125061,6,0
2016-01-25 07:00:00,1,17,20160125071,7,0
2016-01-25 08:00:00,1,19,20160125081,8,0
2016-01-25 09:00:00,1,21,20160125091,9,0
2016-01-25 10:00:00,1,32,20160125101,10,0
2016-01-25 11:00:00,1,33,20160125111,11,0
2016-01-25 12:00:00,1,32,20160125121,12,0
2016-01-25 13:00:00,1,31,20160125131,13,0
2016-01-25 14:00:00,1,33,20160125141,14,0
2016-01-25 15:00:00,1,35,20160125151,15,0
2016-01-25 16:00:00,1,34,20160125161,16,0
2016-01-25 17:00:00,1,34,20160125171,17,0
2016-01-25 18:00:00,1,32,20160125181,18,0
2016-01-25 19:00:00,1,31,20160125191,19,0
2016-01-25 20:00:00,1,31,20160125201,20,0
2016-01-25 21:00:00,1,27,20160125211,21,0
2016-01-25 22:00:00,1,31,20160125221,22,0
2016-01-25 23:00:00,1,27,20160125231,23,0
2016-01-26 00:00:00,1,27,20160126001,0,1
2016-01-26 01:00:00,1,27,20160126011,1,1
2016-01-26 02:00:00,1,21,20160126021,2,1
2016-01-26 03:00:00,1,18,20160126031,3,1
2016-01-26 04:00:00,1,14,20160126041,4,1
2016-01-26 05:00:00,1,15,20160126051,5,1
2016-01-26 06:00:00,1,17,20160126061,6,1
2016-01-26 07:00:00,1,17,20160126071,7,1
2016-01-26 08:00:00,1,17,20160126081,8,1
2016-01-26 09:00:00,1,21,20160126091,9,1
2016-01-26 10:00:00,1,29,20160126101,10,1
2016-01-26 11:00:00,1,30,20160126111,11,1
2016-01-26 12:00:00,1,31,20160126121,12,1
2016-01-26 13:00:00,1,26,20160126131,13,1
2016-01-26 14:00:00,1,23,20160126141,14,1
2016-01-26 15:00:00,1,27,20160126151,15,1
2016-01-26 16:00:00,1,28,20160126161,16,1
2016-01-26 17:00:00,1,24,20160126171,17,1
2016-01-26 18:00:00,1,30,20160126181,18,1
2016-01-26 19:00:00,1,30,20160126191,19,1
2016-01-26 20:00:00,1,31,20160126201,20,1
2016-01-26 21:00:00,1,34,20160126211,21,1
2016-01-26 22:00:00,1,34,20160126221,22,1
2016-01-26 23:00:00,1,30,20160126231,23,1
2016-01-27 00:00:00,1,29,20160127001,0,2
2016-01-27 01:00:00,1,27,20160127011,1,2
2016-01-27 02:00:00,1,21,20160127021,2,2
2016-01-27 03:00:00,1,21,20160127031,3,2
2016-01-27 04:00:00,1,14,20160127041,4,2
2016-01-27 05:00:00,1,14,20160127051,5,2
2016-01-27 06:00:00,1,14,20160127061,6,2
2016-01-27 07:00:00,1,17,20160127071,7,2
2016-01-27 08:00:00,1,19,20160127081,8,2
2016-01-27 09:00:00,1,38,20160127091,9,2
2016-01-27 10:00:00,1,50,20160127101,10,2
2016-01-27 11:00:00,1,47,20160127111,11,2
2016-01-27 12:00:00,1,44,20160127121,12,2
2016-01-27 13:00:00,1,37,20160127131,13,2
2016-01-27 14:00:00,1,42,20160127141,14,2
2016-01-27 15:00:00,1,37,20160127151,15,2
2016-01-27 16:00:00,1,36,20160127161,16,2
2016-01-27 17:00:00,1,36,20160127171,17,2
2016-01-27 18:00:00,1,32,20160127181,18,2
2016-01-27 19:00:00,1,40,20160127191,19,2
2016-01-27 20:00:00,1,38,20160127201,20,2
2016-01-27 21:00:00,1,36,20160127211,21,2
2016-01-27 22:00:00,1,37,20160127221,22,2
2016-01-27 23:00:00,1,36,20160127231,23,2
2016-01-28 00:00:00,1,30,20160128001,0,3
2016-01-28 01:00:00,1,26,20160128011,1,3
2016-01-28 02:00:00,1,23,20160128021,2,3
2016-01-28 03:00:00,1,21,20160128031,3,3
2016-01-28 04:00:00,1,17,20160128041,4,3
2016-01-28 05:00:00,1,15,20160128051,5,3
2016-01-28 06:00:00,1,16,20160128061,6,3
2016-01-28 07:00:00,1,18,20160128071,7,3
2016-01-28 08:00:00,1,21,20160128081,8,3
2016-01-28 09:00:00,1,22,20160128091,9,3
2016-01-28 10:00:00,1,31,20160128101,10,3
2016-01-28 11:00:00,1,33,20160128111,11,3
2016-01-28 12:00:00,1,41,20160128121,12,3
2016-01-28 13:00:00,1,35,20160128131,13,3
2016-01-28 14:00:00,1,36,20160128141,14,3
2016-01-28 15:00:00,1,37,20160128151,15,3
2016-01-28 16:00:00,1,34,20160128161,16,3
2016-01-28 17:00:00,1,36,20160128171,17,3
2016-01-28 18:00:00,1,36,20160128181,18,3
2016-01-28 19:00:00,1,36,20160128191,19,3
2016-01-28 20:00:00,1,39,20160128201,20,3
2016-01-28 21:00:00,1,36,20160128211,21,3
2016-01-28 22:00:00,1,37,20160128221,22,3
2016-01-28 23:00:00,1,34,20160128231,23,3
2016-01-29 00:00:00,1,29,20160129001,0,4
2016-01-29 01:00:00,1,29,20160129011,1,4
2016-01-29 02:00:00,1,21,20160129021,2,4
2016-01-29 03:00:00,1,22,20160129031,3,4
2016-01-29 04:00:00,1,16,20160129041,4,4
2016-01-29 05:00:00,1,15,20160129051,5,4
2016-01-29 06:00:00,1,15,20160129061,6,4
2016-01-29 07:00:00,1,17,20160129071,7,4
2016-01-29 08:00:00,1,18,20160129081,8,4
2016-01-29 09:00:00,1,31,20160129091,9,4
2016-01-29 10:00:00,1,35,20160129101,10,4
2016-01-29 11:00:00,1,36,20160129111,11,4
2016-01-29 12:00:00,1,38,20160129121,12,4
2016-01-29 13:00:00,1,31,20160129131,13,4
2016-01-29 14:00:00,1,33,20160129141,14,4
2016-01-29 15:00:00,1,35,20160129151,15,4
2016-01-29 16:00:00,1,31,20160129161,16,4
2016-01-29 17:00:00,1,26,20160129171,17,4
2016-01-29 18:00:00,1,34,20160129181,18,4
2016-01-29 19:00:00,1,35,20160129191,19,4
2016-01-29 20:00:00,1,36,20160129201,20,4
2016-01-29 21:00:00,1,33,20160129211,21,4
2016-01-29 22:00:00,1,30,20160129221,22,4
2016-01-29 23:00:00,1,32,20160129231,23,4
2016-01-30 00:00:00,1,27,20160130001,0,5
2016-01-30 01:00:00,1,25,20160130011,1,5
2016-01-30 02:00:00,1,21,20160130021,2,5
2016-01-30 03:00:00,1,15,20160130031,3,5
2016-01-30 04:00:00,1,18,20160130041,4,5
2016-01-30 05:00:00,1,16,20160130051,5,5
2016-01-30 06:00:00,1,10,20160130061,6,5
2016-01-30 07:00:00,1,15,20160130071,7,5
2016-01-30 08:00:00,1,16,20160130081,8,5
2016-01-30 09:00:00,1,15,20160130091,9,5
2016-01-30 10:00:00,1,24,20160130101,10,5
2016-01-30 11:00:00,1,25,20160130111,11,5
2016-01-30 12:00:00,1,24,20160130121,12,5
2016-01-30 13:00:00,1,18,20160130131,13,5
2016-01-30 14:00:00,1,24,20160130141,14,5
2016-01-30 15:00:00,1,17,20160130151,15,5
2016-01-30 16:00:00,1,22,20160130161,16,5
2016-01-30 17:00:00,1,22,20160130171,17,5
2016-01-30 18:00:00,1,22,20160130181,18,5
2016-01-30 19:00:00,1,29,20160130191,19,5
2016-01-30 20:00:00,1,30,20160130201,20,5
2016-01-30 21:00:00,1,28,20160130211,21,5
2016-01-30 22:00:00,1,30,20160130221,22,5
2016-01-30 23:00:00,1,30,20160130231,23,5
2016-01-31 00:00:00,1,27,20160131001,0,6
2016-01-31 01:00:00,1,21,20160131011,1,6
2016-01-31 02:00:00,1,19,20160131021,2,6
2016-01-31 03:00:00,1,16,20160131031,3,6
2016-01-31 04:00:00,1,14,20160131041,4,6
2016-01-31 05:00:00,1,13,20160131051,5,6
2016-01-31 06:00:00,1,11,20160131061,6,6
2016-01-31 07:00:00,1,10,20160131071,7,6
2016-01-31 08:00:00,1,13,20160131081,8,6
2016-01-31 09:00:00,1,17,20160131091,9,6
2016-01-31 10:00:00,1,21,20160131101,10,6
2016-01-31 11:00:00,1,21,20160131111,11,6
2016-01-31 12:00:00,1,22,20160131121,12,6
2016-01-31 13:00:00,1,19,20160131131,13,6
2016-01-31 14:00:00,1,19,20160131141,14,6
2016-01-31 15:00:00,1,19,20160131151,15,6
2016-01-31 16:00:00,1,21,20160131161,16,6
2016-01-31 17:00:00,1,19,20160131171,17,6
2016-01-31 18:00:00,1,20,20160131181,18,6
2016-01-31 19:00:00,1,29,20160131191,19,6
2016-01-31 20:00:00,1,27,20160131201,20,6
2016-01-31 21:00:00,1,29,20160131211,21,6
2016-01-31 22:00:00,1,26,20160131221,22,6
2016-01-31 23:00:00,1,27,20160131231,23,6
2016-02-01 00:00:00,1,27,20160201001,0,0
2016-02-01 01:00:00,1,19,20160201011,1,0
2016-02-01 02:00:00,1,21,20160201021,2,0
2016-02-01 03:00:00,1,17,20160201031,3,0
2016-02-01 04:00:00,1,12,20160201041,4,0
2016-02-01 05:00:00,1,15,20160201051,5,0
2016-02-01 06:00:00,1,12,20160201061,6,0
2016-02-01 07:00:00,1,17,20160201071,7,0
2016-02-01 08:00:00,1,19,20160201081,8,0
2016-02-01 09:00:00,1,22,20160201091,9,0
2016-02-01 10:00:00,1,38,20160201101,10,0
2016-02-01 11:00:00,1,46,20160201111,11,0
2016-02-01 12:00:00,1,40,20160201121,12,0
2016-02-01 13:00:00,1,35,20160201131,13,0
2016-02-01 14:00:00,1,40,20160201141,14,0
2016-02-01 15:00:00,1,38,20160201151,15,0
2016-02-01 16:00:00,1,36,20160201161,16,0
2016-02-01 17:00:00,1,35,20160201171,17,0
2016-02-01 18:00:00,1,38,20160201181,18,0
2016-02-01 19:00:00,1,41,20160201191,19,0
2016-02-01 20:00:00,1,39,20160201201,20,0
2016-02-01 21:00:00,1,35,20160201211,21,0
2016-02-01 22:00:00,1,40,20160201221,22,0
2016-02-01 23:00:00,1,35,20160201231,23,0
2016-02-02 00:00:00,1,34,20160202001,0,1
2016-02-02 01:00:00,1,31,20160202011,1,1
2016-02-02 02:00:00,1,24,20160202021,2,1
2016-02-02 03:00:00,1,23,20160202031,3,1
2016-02-02 04:00:00,1,18,20160202041,4,1
2016-02-02 05:00:00,1,14,20160202051,5,1
2016-02-02 06:00:00,1,17,20160202061,6,1
2016-02-02 07:00:00,1,19,20160202071,7,1
2016-02-02 08:00:00,1,19,20160202081,8,1
2016-02-02 09:00:00,1,23,20160202091,9,1
2016-02-02 10:00:00,1,37,20160202101,10,1
2016-02-02 11:00:00,1,36,20160202111,11,1
2016-02-02 12:00:00,1,34,20160202121,12,1
2016-02-02 13:00:00,1,34,20160202131,13,1
2016-02-02 14:00:00,1,38,20160202141,14,1
2016-02-02 15:00:00,1,39,20160202151,15,1
2016-02-02 16:00:00,1,31,20160202161,16,1
2016-02-02 17:00:00,1,36,20160202171,17,1
2016-02-02 18:00:00,1,37,20160202181,18,1
2016-02-02 19:00:00,1,40,20160202191,19,1
2016-02-02 20:00:00,1,37,20160202201,20,1
2016-02-02 21:00:00,1,37,20160202211,21,1
2016-02-02 22:00:00,1,36,20160202221,22,1
2016-02-02 23:00:00,1,35,20160202231,23,1
2016-02-03 00:00:00,1,34,20160203001,0,2
2016-02-03 01:00:00,1,28,20160203011,1,2
2016-02-03 02:00:00,1,22,20160203021,2,2
2016-02-03 03:00:00,1,22,20160203031,3,2
2016-02-03 04:00:00,1,15,20160203041,4,2
2016-02-03 05:00:00,1,15,20160203051,5,2
2016-02-03 06:00:00,1,17,20160203061,6,2
2016-02-03 07:00:00,1,20,20160203071,7,2
2016-02-03 08:00:00,1,22,20160203081,8,2
2016-02-03 09:00:00,1,26,20160203091,9,2
2016-02-03 10:00:00,1,32,20160203101,10,2
2016-02-03 11:00:00,1,47,20160203111,11,2
2016-02-03 12:00:00,1,47,20160203121,12,2
2016-02-03 13:00:00,1,41,20160203131,13,2
2016-02-03 14:00:00,1,38,20160203141,14,2
2016-02-03 15:00:00,1,37,20160203151,15,2
2016-02-03 16:00:00,1,38,20160203161,16,2
2016-02-03 17:00:00,1,39,20160203171,17,2
2016-02-03 18:00:00,1,34,20160203181,18,2
2016-02-03 19:00:00,1,38,20160203191,19,2
2016-02-03 20:00:00,1,37,20160203201,20,2
2016-02-03 21:00:00,1,38,20160203211,21,2
2016-02-03 22:00:00,1,39,20160203221,22,2
2016-02-03 23:00:00,1,32,20160203231,23,2
2016-02-04 00:00:00,1,32,20160204001,0,3
2016-02-04 01:00:00,1,29,20160204011,1,3
2016-02-04 02:00:00,1,23,20160204021,2,3
2016-02-04 03:00:00,1,21,20160204031,3,3
2016-02-04 04:00:00,1,18,20160204041,4,3
2016-02-04 05:00:00,1,20,20160204051,5,3
2016-02-04 06:00:00,1,15,20160204061,6,3
2016-02-04 07:00:00,1,21,20160204071,7,3
2016-02-04 08:00:00,1,17,20160204081,8,3
2016-02-04 09:00:00,1,23,20160204091,9,3
2016-02-04 10:00:00,1,33,20160204101,10,3
2016-02-04 11:00:00,1,33,20160204111,11,3
2016-02-04 12:00:00,1,39,20160204121,12,3
2016-02-04 13:00:00,1,32,20160204131,13,3
2016-02-04 14:00:00,1,37,20160204141,14,3
2016-02-04 15:00:00,1,35,20160204151,15,3
2016-02-04 16:00:00,1,32,20160204161,16,3
2016-02-04 17:00:00,1,35,20160204171,17,3
2016-02-04 18:00:00,1,37,20160204181,18,3
2016-02-04 19:00:00,1,36,20160204191,19,3
2016-02-04 20:00:00,1,33,20160204201,20,3
2016-02-04 21:00:00,1,34,20160204211,21,3
2016-02-04 22:00:00,1,33,20160204221,22,3
2016-02-04 23:00:00,1,29,20160204231,23,3
2016-02-05 00:00:00,1,32,20160205001,0,4
2016-02-05 01:00:00,1,34,20160205011,1,4
2016-02-05 02:00:00,1,24,20160205021,2,4
2016-02-05 03:00:00,1,21,20160205031,3,4
2016-02-05 04:00:00,1,19,20160205041,4,4
2016-02-05 05:00:00,1,18,20160205051,5,4
2016-02-05 06:00:00,1,14,20160205061,6,4
2016-02-05 07:00:00,1,15,20160205071,7,4
2016-02-05 08:00:00,1,19,20160205081,8,4
2016-02-05 09:00:00,1,24,20160205091,9,4
2016-02-05 10:00:00,1,29,20160205101,10,4
2016-02-05 11:00:00,1,33,20160205111,11,4
2016-02-05 12:00:00,1,33,20160205121,12,4
2016-02-05 13:00:00,1,36,20160205131,13,4
2016-02-05 14:00:00,1,35,20160205141,14,4
2016-02-05 15:00:00,1,34,20160205151,15,4
2016-02-05 16:00:00,1,33,20160205161,16,4
2016-02-05 17:00:00,1,28,20160205171,17,4
2016-02-05 18:00:00,1,33,20160205181,18,4
2016-02-05 19:00:00,1,33,20160205191,19,4
2016-02-05 20:00:00,1,32,20160205201,20,4
2016-02-05 21:00:00,1,31,20160205211,21,4
2016-02-05 22:00:00,1,31,20160205221,22,4
2016-02-05 23:00:00,1,31,20160205231,23,4
2016-02-06 00:00:00,1,30,20160206001,0,5
2016-02-06 01:00:00,1,27,20160206011,1,5
2016-02-06 02:00:00,1,23,20160206021,2,5
2016-02-06 03:00:00,1,22,20160206031,3,5
2016-02-06 04:00:00,1,14,20160206041,4,5
2016-02-06 05:00:00,1,13,20160206051,5,5
2016-02-06 06:00:00,1,14,20160206061,6,5
2016-02-06 07:00:00,1,18,20160206071,7,5
2016-02-06 08:00:00,1,13,20160206081,8,5
2016-02-06 09:00:00,1,20,20160206091,9,5
2016-02-06 10:00:00,1,24,20160206101,10,5
2016-02-06 11:00:00,1,20,20160206111,11,5
2016-02-06 12:00:00,1,26,20160206121,12,5
2016-02-06 13:00:00,1,21,20160206131,13,5
2016-02-06 14:00:00,1,20,20160206141,14,5
2016-02-06 15:00:00,1,23,20160206151,15,5
2016-02-06 16:00:00,1,26,20160206161,16,5
2016-02-06 17:00:00,1,25,20160206171,17,5
2016-02-06 18:00:00,1,32,20160206181,18,5
2016-02-06 19:00:00,1,35,20160206191,19,5
2016-02-06 20:00:00,1,32,20160206201,20,5
2016-02-06 21:00:00,1,32,20160206211,21,5
2016-02-06 22:00:00,1,30,20160206221,22,5
2016-02-06 23:00:00,1,25,20160206231,23,5
2016-02-07 00:00:00,1,28,20160207001,0,6
2016-02-07 01:00:00,1,26,20160207011,1,6
2016-02-07 02:00:00,1,17,20160207021,2,6
2016-02-07 03:00:00,1,17,20160207031,3,6
2016-02-07 04:00:00,1,14,20160207041,4,6
2016-02-07 05:00:00,1,11,20160207051,5,6
2016-02-07 06:00:00,1,15,20160207061,6,6
2016-02-07 07:00:00,1,16,20160207071,7,6
2016-02-07 08:00:00,1,13,20160207081,8,6
2016-02-07 09:00:00,1,20,20160207091,9,6
2016-02-07 10:00:00,1,20,20160207101,10,6
2016-02-07 11:00:00,1,20,20160207111,11,6
2016-02-07 12:00:00,1,22,20160207121,12,6
2016-02-07 13:00:00,1,30,20160207131,13,6
2016-02-07 14:00:00,1,24,20160207141,14,6
2016-02-07 15:00:00,1,27,20160207151,15,6
2016-02-07 16:00:00,1,25,20160207161,16,6
2016-02-07 17:00:00,1,21,20160207171,17,6
2016-02-07 18:00:00,1,31,20160207181,18,6
2016-02-07 19:00:00,1,32,20160207191,19,6
2016-02-07 20:00:00,1,30,20160207201,20,6
2016-02-07 21:00:00,1,28,20160207211,21,6
2016-02-07 22:00:00,1,29,20160207221,22,6
2016-02-07 23:00:00,1,28,20160207231,23,6
2016-02-08 00:00:00,1,28,20160208001,0,0
2016-02-08 01:00:00,1,26,20160208011,1,0
2016-02-08 02:00:00,1,25,20160208021,2,0
2016-02-08 03:00:00,1,18,20160208031,3,0
2016-02-08 04:00:00,1,19,20160208041,4,0
2016-02-08 05:00:00,1,14,20160208051,5,0
2016-02-08 06:00:00,1,12,20160208061,6,0
2016-02-08 07:00:00,1,13,20160208071,7,0
2016-02-08 08:00:00,1,21,20160208081,8,0
2016-02-08 09:00:00,1,24,20160208091,9,0
2016-02-08 10:00:00,1,36,20160208101,10,0
2016-02-08 11:00:00,1,39,20160208111,11,0
2016-02-08 12:00:00,1,40,20160208121,12,0
2016-02-08 13:00:00,1,34,20160208131,13,0
2016-02-08 14:00:00,1,35,20160208141,14,0
2016-02-08 15:00:00,1,37,20160208151,15,0
2016-02-08 16:00:00,1,33,20160208161,16,0
2016-02-08 17:00:00,1,34,20160208171,17,0
2016-02-08 18:00:00,1,36,20160208181,18,0
2016-02-08 19:00:00,1,41,20160208191,19,0
2016-02-08 20:00:00,1,40,20160208201,20,0
2016-02-08 21:00:00,1,38,20160208211,21,0
2016-02-08 22:00:00,1,38,20160208221,22,0
2016-02-08 23:00:00,1,40,20160208231,23,0
2016-02-09 00:00:00,1,36,20160209001,0,1
2016-02-09 01:00:00,1,45,20160209011,1,1
2016-02-09 02:00:00,1,33,20160209021,2,1
2016-02-09 03:00:00,1,27,20160209031,3,1
2016-02-09 04:00:00,1,22,20160209041,4,1
2016-02-09 05:00:00,1,19,20160209051,5,1
2016-02-09 06:00:00,1,23,20160209061,6,1
2016-02-09 07:00:00,1,19,20160209071,7,1
2016-02-09 08:00:00,1,23,20160209081,8,1
2016-02-09 09:00:00,1,30,20160209091,9,1
2016-02-09 10:00:00,1,44,20160209101,10,1
2016-02-09 11:00:00,1,39,20160209111,11,1
2016-02-09 12:00:00,1,41,20160209121,12,1
2016-02-09 13:00:00,1,37,20160209131,13,1
2016-02-09 14:00:00,1,39,20160209141,14,1
2016-02-09 15:00:00,1,40,20160209151,15,1
2016-02-09 16:00:00,1,34,20160209161,16,1
2016-02-09 17:00:00,1,34,20160209171,17,1
2016-02-09 18:00:00,1,36,20160209181,18,1
2016-02-09 19:00:00,1,41,20160209191,19,1
2016-02-09 20:00:00,1,37,20160209201,20,1
2016-02-09 21:00:00,1,32,20160209211,21,1
2016-02-09 22:00:00,1,37,20160209221,22,1
2016-02-09 23:00:00,1,34,20160209231,23,1
2016-02-10 00:00:00,1,36,20160210001,0,2
2016-02-10 01:00:00,1,35,20160210011,1,2
2016-02-10 02:00:00,1,30,20160210021,2,2
2016-02-10 03:00:00,1,27,20160210031,3,2
2016-02-10 04:00:00,1,21,20160210041,4,2
2016-02-10 05:00:00,1,14,20160210051,5,2
2016-02-10 06:00:00,1,16,20160210061,6,2
2016-02-10 07:00:00,1,21,20160210071,7,2
2016-02-10 08:00:00,1,20,20160210081,8,2
2016-02-10 09:00:00,1,24,20160210091,9,2
2016-02-10 10:00:00,1,24,20160210101,10,2
2016-02-10 11:00:00,1,45,20160210111,11,2
2016-02-10 12:00:00,1,41,20160210121,12,2
2016-02-10 13:00:00,1,38,20160210131,13,2
2016-02-10 14:00:00,1,35,20160210141,14,2
2016-02-10 15:00:00,1,36,20160210151,15,2
2016-02-10 16:00:00,1,36,20160210161,16,2
2016-02-10 17:00:00,1,34,20160210171,17,2
2016-02-10 18:00:00,1,30,20160210181,18,2
2016-02-10 19:00:00,1,40,20160210191,19,2
2016-02-10 20:00:00,1,42,20160210201,20,2
2016-02-10 21:00:00,1,38,20160210211,21,2
2016-02-10 22:00:00,1,36,20160210221,22,2
2016-02-10 23:00:00,1,39,20160210231,23,2
2016-02-11 00:00:00,1,32,20160211001,0,3
2016-02-11 01:00:00,1,34,20160211011,1,3
2016-02-11 02:00:00,1,27,20160211021,2,3
2016-02-11 03:00:00,1,25,20160211031,3,3
2016-02-11 04:00:00,1,22,20160211041,4,3
2016-02-11 05:00:00,1,23,20160211051,5,3
2016-02-11 06:00:00,1,25,20160211061,6,3
2016-02-11 07:00:00,1,23,20160211071,7,3
2016-02-11 08:00:00,1,21,20160211081,8,3
2016-02-11 09:00:00,1,28,20160211091,9,3
2016-02-11 10:00:00,1,32,20160211101,10,3
2016-02-11 11:00:00,1,34,20160211111,11,3
2016-02-11 12:00:00,1,37,20160211121,12,3
2016-02-11 13:00:00,1,32,20160211131,13,3
2016-02-11 14:00:00,1,31,20160211141,14,3
2016-02-11 15:00:00,1,36,20160211151,15,3
2016-02-11 16:00:00,1,36,20160211161,16,3
2016-02-11 17:00:00,1,33,20160211171,17,3
2016-02-11 18:00:00,1,35,20160211181,18,3
2016-02-11 19:00:00,1,39,20160211191,19,3
2016-02-11 20:00:00,1,41,20160211201,20,3
2016-02-11 21:00:00,1,42,20160211211,21,3
2016-02-11 22:00:00,1,43,20160211221,22,3
2016-02-11 23:00:00,1,37,20160211231,23,3
2016-02-12 00:00:00,1,33,20160212001,0,4
2016-02-12 01:00:00,1,36,20160212011,1,4
2016-02-12 02:00:00,1,28,20160212021,2,4
2016-02-12 03:00:00,1,20,20160212031,3,4
2016-02-12 04:00:00,1,24,20160212041,4,4
2016-02-12 05:00:00,1,21,20160212051,5,4
2016-02-12 06:00:00,1,16,20160212061,6,4
2016-02-12 07:00:00,1,20,20160212071,7,4
2016-02-12 08:00:00,1,26,20160212081,8,4
2016-02-12 09:00:00,1,29,20160212091,9,4
2016-02-12 10:00:00,1,34,20160212101,10,4
2016-02-12 11:00:00,1,36,20160212111,11,4
2016-02-12 12:00:00,1,34,20160212121,12,4
2016-02-12 13:00:00,1,31,20160212131,13,4
2016-02-12 14:00:00,1,36,20160212141,14,4
2016-02-12 15:00:00,1,33,20160212151,15,4
2016-02-12 16:00:00,1,36,20160212161,16,4
2016-02-12 17:00:00,1,33,20160212171,17,4
2016-02-12 18:00:00,1,34,20160212181,18,4
2016-02-12 19:00:00,1,33,20160212191,19,4
2016-02-12 20:00:00,1,34,20160212201,20,4
2016-02-12 21:00:00,1,35,20160212211,21,4
2016-02-12 22:00:00,1,33,20160212221,22,4
2016-02-12 23:00:00,1,27,20160212231,23,4
2016-02-13 00:00:00,1,29,20160213001,0,5
2016-02-13 01:00:00,1,26,20160213011,1,5
2016-02-13 02:00:00,1,23,20160213021,2,5
2016-02-13 03:00:00,1,18,20160213031,3,5
2016-02-13 04:00:00,1,18,20160213041,4,5
2016-02-13 05:00:00,1,16,20160213051,5,5
2016-02-13 06:00:00,1,14,20160213061,6,5
2016-02-13 07:00:00,1,17,20160213071,7,5
2016-02-13 08:00:00,1,17,20160213081,8,5
2016-02-13 09:00:00,1,17,20160213091,9,5
2016-02-13 10:00:00,1,24,20160213101,10,5
2016-02-13 11:00:00,1,24,20160213111,11,5
2016-02-13 12:00:00,1,22,20160213121,12,5
2016-02-13 13:00:00,1,22,20160213131,13,5
2016-02-13 14:00:00,1,22,20160213141,14,5
2016-02-13 15:00:00,1,20,20160213151,15,5
2016-02-13 16:00:00,1,22,20160213161,16,5
2016-02-13 17:00:00,1,23,20160213171,17,5
2016-02-13 18:00:00,1,26,20160213181,18,5
2016-02-13 19:00:00,1,28,20160213191,19,5
2016-02-13 20:00:00,1,24,20160213201,20,5
2016-02-13 21:00:00,1,26,20160213211,21,5
2016-02-13 22:00:00,1,24,20160213221,22,5
2016-02-13 23:00:00,1,26,20160213231,23,5
2016-02-14 00:00:00,1,26,20160214001,0,6
2016-02-14 01:00:00,1,20,20160214011,1,6
2016-02-14 02:00:00,1,18,20160214021,2,6
2016-02-14 03:00:00,1,15,20160214031,3,6
2016-02-14 04:00:00,1,17,20160214041,4,6
2016-02-14 05:00:00,1,14,20160214051,5,6
2016-02-14 06:00:00,1,16,20160214061,6,6
2016-02-14 07:00:00,1,11,20160214071,7,6
2016-02-14 08:00:00,1,16,20160214081,8,6
2016-02-14 09:00:00,1,18,20160214091,9,6
2016-02-14 10:00:00,1,19,20160214101,10,6
2016-02-14 11:00:00,1,21,20160214111,11,6
2016-02-14 12:00:00,1,20,20160214121,12,6
2016-02-14 13:00:00,1,18,20160214131,13,6
2016-02-14 14:00:00,1,19,20160214141,14,6
2016-02-14 15:00:00,1,19,20160214151,15,6
2016-02-14 16:00:00,1,16,20160214161,16,6
2016-02-14 17:00:00,1,19,20160214171,17,6
2016-02-14 18:00:00,1,18,20160214181,18,6
2016-02-14 19:00:00,1,27,20160214191,19,6
2016-02-14 20:00:00,1,24,20160214201,20,6
2016-02-14 21:00:00,1,21,20160214211,21,6
2016-02-14 22:00:00,1,26,20160214221,22,6
2016-02-14 23:00:00,1,24,20160214231,23,6
2016-02-15 00:00:00,1,27,20160215001,0,0
2016-02-15 01:00:00,1,22,20160215011,1,0
2016-02-15 02:00:00,1,19,20160215021,2,0
2016-02-15 03:00:00,1,19,20160215031,3,0
2016-02-15 04:00:00,1,16,20160215041,4,0
2016-02-15 05:00:00,1,17,20160215051,5,0
2016-02-15 06:00:00,1,14,20160215061,6,0
2016-02-15 07:00:00,1,15,20160215071,7,0
2016-02-15 08:00:00,1,23,20160215081,8,0
2016-02-15 09:00:00,1,38,20160215091,9,0
2016-02-15 10:00:00,1,47,20160215101,10,0
2016-02-15 11:00:00,1,48,20160215111,11,0
2016-02-15 12:00:00,1,46,20160215121,12,0
2016-02-15 13:00:00,1,41,20160215131,13,0
2016-02-15 14:00:00,1,42,20160215141,14,0
2016-02-15 15:00:00,1,41,20160215151,15,0
2016-02-15 16:00:00,1,40,20160215161,16,0
2016-02-15 17:00:00,1,36,20160215171,17,0
2016-02-15 18:00:00,1,36,20160215181,18,0
2016-02-15 19:00:00,1,39,20160215191,19,0
2016-02-15 20:00:00,1,41,20160215201,20,0
2016-02-15 21:00:00,1,39,20160215211,21,0
2016-02-15 22:00:00,1,38,20160215221,22,0
2016-02-15 23:00:00,1,36,20160215231,23,0
2016-02-16 00:00:00,1,29,20160216001,0,1
2016-02-16 01:00:00,1,28,20160216011,1,1
2016-02-16 02:00:00,1,25,20160216021,2,1
2016-02-16 03:00:00,1,22,20160216031,3,1
2016-02-16 04:00:00,1,18,20160216041,4,1
2016-02-16 05:00:00,1,17,20160216051,5,1
2016-02-16 06:00:00,1,17,20160216061,6,1
2016-02-16 07:00:00,1,18,20160216071,7,1
2016-02-16 08:00:00,1,23,20160216081,8,1
2016-02-16 09:00:00,1,24,20160216091,9,1
2016-02-16 10:00:00,1,39,20160216101,10,1
2016-02-16 11:00:00,1,39,20160216111,11,1
2016-02-16 12:00:00,1,38,20160216121,12,1
2016-02-16 13:00:00,1,35,20160216131,13,1
2016-02-16 14:00:00,1,36,20160216141,14,1
2016-02-16 15:00:00,1,37,20160216151,15,1
2016-02-16 16:00:00,1,37,20160216161,16,1
2016-02-16 17:00:00,1,35,20160216171,17,1
2016-02-16 18:00:00,1,33,20160216181,18,1
2016-02-16 19:00:00,1,39,20160216191,19,1
2016-02-16 20:00:00,1,37,20160216201,20,1
2016-02-16 21:00:00,1,37,20160216211,21,1
2016-02-16 22:00:00,1,33,20160216221,22,1
2016-02-16 23:00:00,1,32,20160216231,23,1
2016-02-17 00:00:00,1,33,20160217001,0,2
2016-02-17 01:00:00,1,28,20160217011,1,2
2016-02-17 02:00:00,1,20,20160217021,2,2
2016-02-17 03:00:00,1,22,20160217031,3,2
2016-02-17 04:00:00,1,20,20160217041,4,2
2016-02-17 05:00:00,1,18,20160217051,5,2
2016-02-17 06:00:00,1,18,20160217061,6,2
2016-02-17 07:00:00,1,21,20160217071,7,2
2016-02-17 08:00:00,1,22,20160217081,8,2
2016-02-17 09:00:00,1,24,20160217091,9,2
2016-02-17 10:00:00,1,32,20160217101,10,2
2016-02-17 11:00:00,1,70,20160217111,11,2
2016-02-17 12:00:00,1,54,20160217121,12,2
2016-02-17 13:00:00,1,45,20160217131,13,2
2016-02-17 14:00:00,1,46,20160217141,14,2
2016-02-17 15:00:00,1,43,20160217151,15,2
2016-02-17 16:00:00,1,39,20160217161,16,2
2016-02-17 17:00:00,1,43,20160217171,17,2
2016-02-17 18:00:00,1,44,20160217181,18,2
2016-02-17 19:00:00,1,43,20160217191,19,2
2016-02-17 20:00:00,1,48,20160217201,20,2
2016-02-17 21:00:00,1,42,20160217211,21,2
2016-02-17 22:00:00,1,41,20160217221,22,2
2016-02-17 23:00:00,1,38,20160217231,23,2
2016-02-18 00:00:00,1,33,20160218001,0,3
2016-02-18 01:00:00,1,35,20160218011,1,3
2016-02-18 02:00:00,1,30,20160218021,2,3
2016-02-18 03:00:00,1,24,20160218031,3,3
2016-02-18 04:00:00,1,23,20160218041,4,3
2016-02-18 05:00:00,1,24,20160218051,5,3
2016-02-18 06:00:00,1,24,20160218061,6,3
2016-02-18 07:00:00,1,23,20160218071,7,3
2016-02-18 08:00:00,1,28,20160218081,8,3
2016-02-18 09:00:00,1,30,20160218091,9,3
2016-02-18 10:00:00,1,36,20160218101,10,3
2016-02-18 11:00:00,1,35,20160218111,11,3
2016-02-18 12:00:00,1,40,20160218121,12,3
2016-02-18 13:00:00,1,37,20160218131,13,3
2016-02-18 14:00:00,1,40,20160218141,14,3
2016-02-18 15:00:00,1,38,20160218151,15,3
2016-02-18 16:00:00,1,39,20160218161,16,3
2016-02-18 17:00:00,1,35,20160218171,17,3
2016-02-18 18:00:00,1,39,20160218181,18,3
2016-02-18 19:00:00,1,42,20160218191,19,3
2016-02-18 20:00:00,1,39,20160218201,20,3
2016-02-18 21:00:00,1,39,20160218211,21,3
2016-02-18 22:00:00,1,41,20160218221,22,3
2016-02-18 23:00:00,1,29,20160218231,23,3
2016-02-19 00:00:00,1,35,20160219001,0,4
2016-02-19 01:00:00,1,30,20160219011,1,4
2016-02-19 02:00:00,1,26,20160219021,2,4
2016-02-19 03:00:00,1,22,20160219031,3,4
2016-02-19 04:00:00,1,18,20160219041,4,4
2016-02-19 05:00:00,1,19,20160219051,5,4
2016-02-19 06:00:00,1,19,20160219061,6,4
2016-02-19 07:00:00,1,19,20160219071,7,4
2016-02-19 08:00:00,1,22,20160219081,8,4
2016-02-19 09:00:00,1,25,20160219091,9,4
2016-02-19 10:00:00,1,38,20160219101,10,4
2016-02-19 11:00:00,1,50,20160219111,11,4
2016-02-19 12:00:00,1,44,20160219121,12,4
2016-02-19 13:00:00,1,38,20160219131,13,4
2016-02-19 14:00:00,1,42,20160219141,14,4
2016-02-19 15:00:00,1,39,20160219151,15,4
2016-02-19 16:00:00,1,35,20160219161,16,4
2016-02-19 17:00:00,1,34,20160219171,17,4
2016-02-19 18:00:00,1,36,20160219181,18,4
2016-02-19 19:00:00,1,40,20160219191,19,4
2016-02-19 20:00:00,1,39,20160219201,20,4
2016-02-19 21:00:00,1,37,20160219211,21,4
2016-02-19 22:00:00,1,35,20160219221,22,4
2016-02-19 23:00:00,1,31,20160219231,23,4
2016-02-20 00:00:00,1,33,20160220001,0,5
2016-02-20 01:00:00,1,29,20160220011,1,5
2016-02-20 02:00:00,1,29,20160220021,2,5
2016-02-20 03:00:00,1,24,20160220031,3,5
2016-02-20 04:00:00,1,17,20160220041,4,5
2016-02-20 05:00:00,1,18,20160220051,5,5
2016-02-20 06:00:00,1,15,20160220061,6,5
2016-02-20 07:00:00,1,18,20160220071,7,5
2016-02-20 08:00:00,1,17,20160220081,8,5
2016-02-20 09:00:00,1,19,20160220091,9,5
2016-02-20 10:00:00,1,26,20160220101,10,5
2016-02-20 11:00:00,1,29,20160220111,11,5
2016-02-20 12:00:00,1,29,20160220121,12,5
2016-02-20 13:00:00,1,26,20160220131,13,5
2016-02-20 14:00:00,1,26,20160220141,14,5
2016-02-20 15:00:00,1,30,20160220151,15,5
2016-02-20 16:00:00,1,28,20160220161,16,5
2016-02-20 17:00:00,1,25,20160220171,17,5
2016-02-20 18:00:00,1,28,20160220181,18,5
2016-02-20 19:00:00,1,31,20160220191,19,5
2016-02-20 20:00:00,1,34,20160220201,20,5
2016-02-20 21:00:00,1,35,20160220211,21,5
2016-02-20 22:00:00,1,28,20160220221,22,5
2016-02-20 23:00:00,1,28,20160220231,23,5
2016-02-21 00:00:00,1,31,20160221001,0,6
2016-02-21 01:00:00,1,24,20160221011,1,6
2016-02-21 02:00:00,1,22,20160221021,2,6
2016-02-21 03:00:00,1,21,20160221031,3,6
2016-02-21 04:00:00,1,21,20160221041,4,6
2016-02-21 05:00:00,1,18,20160221051,5,6
2016-02-21 06:00:00,1,17,20160221061,6,6
2016-02-21 07:00:00,1,17,20160221071,7,6
2016-02-21 08:00:00,1,16,20160221081,8,6
2016-02-21 09:00:00,1,23,20160221091,9,6
2016-02-21 10:00:00,1,21,20160221101,10,6
2016-02-21 11:00:00,1,26,20160221111,11,6
2016-02-21 12:00:00,1,25,20160221121,12,6
2016-02-21 13:00:00,1,22,20160221131,13,6
2016-02-21 14:00:00,1,22,20160221141,14,6
2016-02-21 15:00:00,1,25,20160221151,15,6
2016-02-21 16:00:00,1,25,20160221161,16,6
2016-02-21 17:00:00,1,25,20160221171,17,6
2016-02-21 18:00:00,1,28,20160221181,18,6
2016-02-21 19:00:00,1,29,20160221191,19,6
2016-02-21 20:00:00,1,28,20160221201,20,6
2016-02-21 21:00:00,1,28,20160221211,21,6
2016-02-21 22:00:00,1,29,20160221221,22,6
2016-02-21 23:00:00,1,32,20160221231,23,6
2016-02-22 00:00:00,1,32,20160222001,0,0
2016-02-22 01:00:00,1,21,20160222011,1,0
2016-02-22 02:00:00,1,24,20160222021,2,0
2016-02-22 03:00:00,1,22,20160222031,3,0
2016-02-22 04:00:00,1,19,20160222041,4,0
2016-02-22 05:00:00,1,18,20160222051,5,0
2016-02-22 06:00:00,1,19,20160222061,6,0
2016-02-22 07:00:00,1,25,20160222071,7,0
2016-02-22 08:00:00,1,22,20160222081,8,0
2016-02-22 09:00:00,1,30,20160222091,9,0
2016-02-22 10:00:00,1,41,20160222101,10,0
2016-02-22 11:00:00,1,41,20160222111,11,0
2016-02-22 12:00:00,1,41,20160222121,12,0
2016-02-22 13:00:00,1,37,20160222131,13,0
2016-02-22 14:00:00,1,39,20160222141,14,0
2016-02-22 15:00:00,1,40,20160222151,15,0
2016-02-22 16:00:00,1,38,20160222161,16,0
2016-02-22 17:00:00,1,38,20160222171,17,0
2016-02-22 18:00:00,1,38,20160222181,18,0
2016-02-22 19:00:00,1,45,20160222191,19,0
2016-02-22 20:00:00,1,40,20160222201,20,0
2016-02-22 21:00:00,1,40,20160222211,21,0
2016-02-22 22:00:00,1,37,20160222221,22,0
2016-02-22 23:00:00,1,36,20160222231,23,0
2016-02-23 00:00:00,1,38,20160223001,0,1
2016-02-23 01:00:00,1,31,20160223011,1,1
2016-02-23 02:00:00,1,24,20160223021,2,1
2016-02-23 03:00:00,1,24,20160223031,3,1
2016-02-23 04:00:00,1,22,20160223041,4,1
2016-02-23 05:00:00,1,16,20160223051,5,1
2016-02-23 06:00:00,1,19,20160223061,6,1
2016-02-23 07:00:00,1,22,20160223071,7,1
2016-02-23 08:00:00,1,19,20160223081,8,1
2016-02-23 09:00:00,1,27,20160223091,9,1
2016-02-23 10:00:00,1,33,20160223101,10,1
2016-02-23 11:00:00,1,52,20160223111,11,1
2016-02-23 12:00:00,1,55,20160223121,12,1
2016-02-23 13:00:00,1,46,20160223131,13,1
2016-02-23 14:00:00,1,49,20160223141,14,1
2016-02-23 15:00:00,1,48,20160223151,15,1
2016-02-23 16:00:00,1,43,20160223161,16,1
2016-02-23 17:00:00,1,40,20160223171,17,1
2016-02-23 18:00:00,1,44,20160223181,18,1
2016-02-23 19:00:00,1,46,20160223191,19,1
2016-02-23 20:00:00,1,43,20160223201,20,1
2016-02-23 21:00:00,1,41,20160223211,21,1
2016-02-23 22:00:00,1,42,20160223221,22,1
2016-02-23 23:00:00,1,43,20160223231,23,1
2016-02-24 00:00:00,1,35,20160224001,0,2
2016-02-24 01:00:00,1,33,20160224011,1,2
2016-02-24 02:00:00,1,29,20160224021,2,2
2016-02-24 03:00:00,1,25,20160224031,3,2
2016-02-24 04:00:00,1,21,20160224041,4,2
2016-02-24 05:00:00,1,18,20160224051,5,2
2016-02-24 06:00:00,1,21,20160224061,6,2
2016-02-24 07:00:00,1,24,20160224071,7,2
2016-02-24 08:00:00,1,28,20160224081,8,2
2016-02-24 09:00:00,1,34,20160224091,9,2
2016-02-24 10:00:00,1,43,20160224101,10,2
2016-02-24 11:00:00,1,45,20160224111,11,2
2016-02-24 12:00:00,1,45,20160224121,12,2
2016-02-24 13:00:00,1,58,20160224131,13,2
2016-02-24 14:00:00,1,50,20160224141,14,2
2016-02-24 15:00:00,1,44,20160224151,15,2
2016-02-24 16:00:00,1,42,20160224161,16,2
2016-02-24 17:00:00,1,42,20160224171,17,2
2016-02-24 18:00:00,1,44,20160224181,18,2
2016-02-24 19:00:00,1,45,20160224191,19,2
2016-02-24 20:00:00,1,40,20160224201,20,2
2016-02-24 21:00:00,1,44,20160224211,21,2
2016-02-24 22:00:00,1,43,20160224221,22,2
2016-02-24 23:00:00,1,39,20160224231,23,2
2016-02-25 00:00:00,1,36,20160225001,0,3
2016-02-25 01:00:00,1,34,20160225011,1,3
2016-02-25 02:00:00,1,26,20160225021,2,3
2016-02-25 03:00:00,1,26,20160225031,3,3
2016-02-25 04:00:00,1,21,20160225041,4,3
2016-02-25 05:00:00,1,21,20160225051,5,3
2016-02-25 06:00:00,1,19,20160225061,6,3
2016-02-25 07:00:00,1,25,20160225071,7,3
2016-02-25 08:00:00,1,28,20160225081,8,3
2016-02-25 09:00:00,1,29,20160225091,9,3
2016-02-25 10:00:00,1,41,20160225101,10,3
2016-02-25 11:00:00,1,38,20160225111,11,3
2016-02-25 12:00:00,1,37,20160225121,12,3
2016-02-25 13:00:00,1,34,20160225131,13,3
2016-02-25 14:00:00,1,34,20160225141,14,3
2016-02-25 15:00:00,1,37,20160225151,15,3
2016-02-25 16:00:00,1,37,20160225161,16,3
2016-02-25 17:00:00,1,37,20160225171,17,3
2016-02-25 18:00:00,1,36,20160225181,18,3
2016-02-25 19:00:00,1,38,20160225191,19,3
2016-02-25 20:00:00,1,33,20160225201,20,3
2016-02-25 21:00:00,1,34,20160225211,21,3
2016-02-25 22:00:00,1,36,20160225221,22,3
2016-02-25 23:00:00,1,36,20160225231,23,3
2016-02-26 00:00:00,1,37,20160226001,0,4
2016-02-26 01:00:00,1,38,20160226011,1,4
2016-02-26 02:00:00,1,25,20160226021,2,4
2016-02-26 03:00:00,1,23,20160226031,3,4
2016-02-26 04:00:00,1,21,20160226041,4,4
2016-02-26 05:00:00,1,20,20160226051,5,4
2016-02-26 06:00:00,1,19,20160226061,6,4
2016-02-26 07:00:00,1,20,20160226071,7,4
2016-02-26 08:00:00,1,25,20160226081,8,4
2016-02-26 09:00:00,1,25,20160226091,9,4
2016-02-26 10:00:00,1,38,20160226101,10,4
2016-02-26 11:00:00,1,41,20160226111,11,4
2016-02-26 12:00:00,1,40,20160226121,12,4
2016-02-26 13:00:00,1,33,20160226131,13,4
2016-02-26 14:00:00,1,39,20160226141,14,4
2016-02-26 15:00:00,1,36,20160226151,15,4
2016-02-26 16:00:00,1,38,20160226161,16,4
2016-02-26 17:00:00,1,36,20160226171,17,4
2016-02-26 18:00:00,1,34,20160226181,18,4
2016-02-26 19:00:00,1,52,20160226191,19,4
2016-02-26 20:00:00,1,44,20160226201,20,4
2016-02-26 21:00:00,1,39,20160226211,21,4
2016-02-26 22:00:00,1,32,20160226221,22,4
2016-02-26 23:00:00,1,32,20160226231,23,4
2016-02-27 00:00:00,1,34,20160227001,0,5
2016-02-27 01:00:00,1,28,20160227011,1,5
2016-02-27 02:00:00,1,23,20160227021,2,5
2016-02-27 03:00:00,1,23,20160227031,3,5
2016-02-27 04:00:00,1,17,20160227041,4,5
2016-02-27 05:00:00,1,15,20160227051,5,5
2016-02-27 06:00:00,1,13,20160227061,6,5
2016-02-27 07:00:00,1,14,20160227071,7,5
2016-02-27 08:00:00,1,20,20160227081,8,5
2016-02-27 09:00:00,1,23,20160227091,9,5
2016-02-27 10:00:00,1,27,20160227101,10,5
2016-02-27 11:00:00,1,27,20160227111,11,5
2016-02-27 12:00:00,1,24,20160227121,12,5
2016-02-27 13:00:00,1,24,20160227131,13,5
2016-02-27 14:00:00,1,25,20160227141,14,5
2016-02-27 15:00:00,1,23,20160227151,15,5
2016-02-27 16:00:00,1,22,20160227161,16,5
2016-02-27 17:00:00,1,23,20160227171,17,5
2016-02-27 18:00:00,1,23,20160227181,18,5
2016-02-27 19:00:00,1,26,20160227191,19,5
2016-02-27 20:00:00,1,30,20160227201,20,5
2016-02-27 21:00:00,1,24,20160227211,21,5
2016-02-27 22:00:00,1,32,20160227221,22,5
2016-02-27 23:00:00,1,28,20160227231,23,5
2016-02-28 00:00:00,1,27,20160228001,0,6
2016-02-28 01:00:00,1,25,20160228011,1,6
2016-02-28 02:00:00,1,20,20160228021,2,6
2016-02-28 03:00:00,1,19,20160228031,3,6
2016-02-28 04:00:00,1,14,20160228041,4,6
2016-02-28 05:00:00,1,16,20160228051,5,6
2016-02-28 06:00:00,1,13,20160228061,6,6
2016-02-28 07:00:00,1,16,20160228071,7,6
2016-02-28 08:00:00,1,16,20160228081,8,6
2016-02-28 09:00:00,1,19,20160228091,9,6
2016-02-28 10:00:00,1,23,20160228101,10,6
2016-02-28 11:00:00,1,24,20160228111,11,6
2016-02-28 12:00:00,1,25,20160228121,12,6
2016-02-28 13:00:00,1,23,20160228131,13,6
2016-02-28 14:00:00,1,22,20160228141,14,6
2016-02-28 15:00:00,1,22,20160228151,15,6
2016-02-28 16:00:00,1,22,20160228161,16,6
2016-02-28 17:00:00,1,25,20160228171,17,6
2016-02-28 18:00:00,1,23,20160228181,18,6
2016-02-28 19:00:00,1,28,20160228191,19,6
2016-02-28 20:00:00,1,27,20160228201,20,6
2016-02-28 21:00:00,1,25,20160228211,21,6
2016-02-28 22:00:00,1,30,20160228221,22,6
2016-02-28 23:00:00,1,29,20160228231,23,6
2016-02-29 00:00:00,1,28,20160229001,0,0
2016-02-29 01:00:00,1,26,20160229011,1,0
2016-02-29 02:00:00,1,24,20160229021,2,0
2016-02-29 03:00:00,1,21,20160229031,3,0
2016-02-29 04:00:00,1,22,20160229041,4,0
2016-02-29 05:00:00,1,22,20160229051,5,0
2016-02-29 06:00:00,1,27,20160229061,6,0
2016-02-29 07:00:00,1,30,20160229071,7,0
2016-02-29 08:00:00,1,36,20160229081,8,0
2016-02-29 09:00:00,1,49,20160229091,9,0
2016-02-29 10:00:00,1,64,20160229101,10,0
2016-02-29 11:00:00,1,62,20160229111,11,0
2016-02-29 12:00:00,1,58,20160229121,12,0
2016-02-29 13:00:00,1,54,20160229131,13,0
2016-02-29 14:00:00,1,48,20160229141,14,0
2016-02-29 15:00:00,1,54,20160229151,15,0
2016-02-29 16:00:00,1,49,20160229161,16,0
2016-02-29 17:00:00,1,52,20160229171,17,0
2016-02-29 18:00:00,1,54,20160229181,18,0
2016-02-29 19:00:00,1,54,20160229191,19,0
2016-02-29 20:00:00,1,51,20160229201,20,0
2016-02-29 21:00:00,1,52,20160229211,21,0
2016-02-29 22:00:00,1,51,20160229221,22,0
2016-02-29 23:00:00,1,44,20160229231,23,0
2016-03-01 00:00:00,1,42,20160301001,0,1
2016-03-01 01:00:00,1,39,20160301011,1,1
2016-03-01 02:00:00,1,39,20160301021,2,1
2016-03-01 03:00:00,1,30,20160301031,3,1
2016-03-01 04:00:00,1,26,20160301041,4,1
2016-03-01 05:00:00,1,25,20160301051,5,1
2016-03-01 06:00:00,1,27,20160301061,6,1
2016-03-01 07:00:00,1,30,20160301071,7,1
2016-03-01 08:00:00,1,33,20160301081,8,1
2016-03-01 09:00:00,1,37,20160301091,9,1
2016-03-01 10:00:00,1,38,20160301101,10,1
2016-03-01 11:00:00,1,41,20160301111,11,1
2016-03-01 12:00:00,1,44,20160301121,12,1
2016-03-01 13:00:00,1,43,20160301131,13,1
2016-03-01 14:00:00,1,42,20160301141,14,1
2016-03-01 15:00:00,1,44,20160301151,15,1
2016-03-01 16:00:00,1,40,20160301161,16,1
2016-03-01 17:00:00,1,38,20160301171,17,1
2016-03-01 18:00:00,1,37,20160301181,18,1
2016-03-01 19:00:00,1,40,20160301191,19,1
2016-03-01 20:00:00,1,41,20160301201,20,1
2016-03-01 21:00:00,1,47,20160301211,21,1
2016-03-01 22:00:00,1,46,20160301221,22,1
2016-03-01 23:00:00,1,40,20160301231,23,1
2016-03-02 00:00:00,1,35,20160302001,0,2
2016-03-02 01:00:00,1,36,20160302011,1,2
2016-03-02 02:00:00,1,27,20160302021,2,2
2016-03-02 03:00:00,1,23,20160302031,3,2
2016-03-02 04:00:00,1,19,20160302041,4,2
2016-03-02 05:00:00,1,22,20160302051,5,2
2016-03-02 06:00:00,1,20,20160302061,6,2
2016-03-02 07:00:00,1,21,20160302071,7,2
2016-03-02 08:00:00,1,27,20160302081,8,2
2016-03-02 09:00:00,1,36,20160302091,9,2
2016-03-02 10:00:00,1,43,20160302101,10,2
2016-03-02 11:00:00,1,42,20160302111,11,2
2016-03-02 12:00:00,1,41,20160302121,12,2
2016-03-02 13:00:00,1,43,20160302131,13,2
2016-03-02 14:00:00,1,46,20160302141,14,2
2016-03-02 15:00:00,1,41,20160302151,15,2
2016-03-02 16:00:00,1,38,20160302161,16,2
2016-03-02 17:00:00,1,41,20160302171,17,2
2016-03-02 18:00:00,1,40,20160302181,18,2
2016-03-02 19:00:00,1,47,20160302191,19,2
2016-03-02 20:00:00,1,44,20160302201,20,2
2016-03-02 21:00:00,1,44,20160302211,21,2
2016-03-02 22:00:00,1,40,20160302221,22,2
2016-03-02 23:00:00,1,38,20160302231,23,2
2016-03-03 00:00:00,1,37,20160303001,0,3
2016-03-03 01:00:00,1,32,20160303011,1,3
2016-03-03 02:00:00,1,29,20160303021,2,3
2016-03-03 03:00:00,1,25,20160303031,3,3
2016-03-03 04:00:00,1,19,20160303041,4,3
2016-03-03 05:00:00,1,16,20160303051,5,3
2016-03-03 06:00:00,1,21,20160303061,6,3
2016-03-03 07:00:00,1,24,20160303071,7,3
2016-03-03 08:00:00,1,24,20160303081,8,3
2016-03-03 09:00:00,1,29,20160303091,9,3
2016-03-03 10:00:00,1,29,20160303101,10,3
2016-03-03 11:00:00,1,41,20160303111,11,3
2016-03-03 12:00:00,1,39,20160303121,12,3
2016-03-03 13:00:00,1,34,20160303131,13,3
2016-03-03 14:00:00,1,40,20160303141,14,3
2016-03-03 15:00:00,1,38,20160303151,15,3
2016-03-03 16:00:00,1,42,20160303161,16,3
2016-03-03 17:00:00,1,35,20160303171,17,3
2016-03-03 18:00:00,1,36,20160303181,18,3
2016-03-03 19:00:00,1,41,20160303191,19,3
2016-03-03 20:00:00,1,36,20160303201,20,3
2016-03-03 21:00:00,1,36,20160303211,21,3
2016-03-03 22:00:00,1,35,20160303221,22,3
2016-03-03 23:00:00,1,35,20160303231,23,3
2016-03-04 00:00:00,1,35,20160304001,0,4
2016-03-04 01:00:00,1,33,20160304011,1,4
2016-03-04 02:00:00,1,24,20160304021,2,4
2016-03-04 03:00:00,1,20,20160304031,3,4
2016-03-04 04:00:00,1,17,20160304041,4,4
2016-03-04 05:00:00,1,20,20160304051,5,4
2016-03-04 06:00:00,1,18,20160304061,6,4
2016-03-04 07:00:00,1,20,20160304071,7,4
2016-03-04 08:00:00,1,21,20160304081,8,4
2016-03-04 09:00:00,1,24,20160304091,9,4
2016-03-04 10:00:00,1,30,20160304101,10,4
2016-03-04 11:00:00,1,35,20160304111,11,4
2016-03-04 12:00:00,1,46,20160304121,12,4
2016-03-04 13:00:00,1,40,20160304131,13,4
2016-03-04 14:00:00,1,40,20160304141,14,4
2016-03-04 15:00:00,1,37,20160304151,15,4
2016-03-04 16:00:00,1,35,20160304161,16,4
2016-03-04 17:00:00,1,31,20160304171,17,4
2016-03-04 18:00:00,1,35,20160304181,18,4
2016-03-04 19:00:00,1,46,20160304191,19,4
2016-03-04 20:00:00,1,38,20160304201,20,4
2016-03-04 21:00:00,1,37,20160304211,21,4
2016-03-04 22:00:00,1,32,20160304221,22,4
2016-03-04 23:00:00,1,36,20160304231,23,4
2016-03-05 00:00:00,1,32,20160305001,0,5
2016-03-05 01:00:00,1,28,20160305011,1,5
2016-03-05 02:00:00,1,23,20160305021,2,5
2016-03-05 03:00:00,1,22,20160305031,3,5
2016-03-05 04:00:00,1,20,20160305041,4,5
2016-03-05 05:00:00,1,17,20160305051,5,5
2016-03-05 06:00:00,1,15,20160305061,6,5
2016-03-05 07:00:00,1,19,20160305071,7,5
2016-03-05 08:00:00,1,23,20160305081,8,5
2016-03-05 09:00:00,1,22,20160305091,9,5
2016-03-05 10:00:00,1,32,20160305101,10,5
2016-03-05 11:00:00,1,29,20160305111,11,5
2016-03-05 12:00:00,1,27,20160305121,12,5
2016-03-05 13:00:00,1,28,20160305131,13,5
2016-03-05 14:00:00,1,23,20160305141,14,5
2016-03-05 15:00:00,1,24,20160305151,15,5
2016-03-05 16:00:00,1,22,20160305161,16,5
2016-03-05 17:00:00,1,25,20160305171,17,5
2016-03-05 18:00:00,1,32,20160305181,18,5
2016-03-05 19:00:00,1,35,20160305191,19,5
2016-03-05 20:00:00,1,36,20160305201,20,5
2016-03-05 21:00:00,1,28,20160305211,21,5
2016-03-05 22:00:00,1,30,20160305221,22,5
2016-03-05 23:00:00,1,26,20160305231,23,5
2016-03-06 00:00:00,1,23,20160306001,0,6
2016-03-06 01:00:00,1,24,20160306011,1,6
2016-03-06 02:00:00,1,18,20160306021,2,6
2016-03-06 03:00:00,1,18,20160306031,3,6
2016-03-06 04:00:00,1,17,20160306041,4,6
2016-03-06 05:00:00,1,15,20160306051,5,6
2016-03-06 06:00:00,1,16,20160306061,6,6
2016-03-06 07:00:00,1,18,20160306071,7,6
2016-03-06 08:00:00,1,17,20160306081,8,6
2016-03-06 09:00:00,1,22,20160306091,9,6
2016-03-06 10:00:00,1,24,20160306101,10,6
2016-03-06 11:00:00,1,24,20160306111,11,6
2016-03-06 12:00:00,1,25,20160306121,12,6
2016-03-06 13:00:00,1,25,20160306131,13,6
2016-03-06 14:00:00,1,22,20160306141,14,6
2016-03-06 15:00:00,1,23,20160306151,15,6
2016-03-06 16:00:00,1,20,20160306161,16,6
2016-03-06 17:00:00,1,24,20160306171,17,6
2016-03-06 18:00:00,1,29,20160306181,18,6
2016-03-06 19:00:00,1,30,20160306191,19,6
2016-03-06 20:00:00,1,29,20160306201,20,6
2016-03-06 21:00:00,1,27,20160306211,21,6
2016-03-06 22:00:00,1,29,20160306221,22,6
2016-03-06 23:00:00,1,30,20160306231,23,6
2016-03-07 00:00:00,1,25,20160307001,0,0
2016-03-07 01:00:00,1,22,20160307011,1,0
2016-03-07 02:00:00,1,22,20160307021,2,0
2016-03-07 03:00:00,1,17,20160307031,3,0
2016-03-07 04:00:00,1,15,20160307041,4,0
2016-03-07 05:00:00,1,17,20160307051,5,0
2016-03-07 06:00:00,1,15,20160307061,6,0
2016-03-07 07:00:00,1,20,20160307071,7,0
2016-03-07 08:00:00,1,24,20160307081,8,0
2016-03-07 09:00:00,1,25,20160307091,9,0
2016-03-07 10:00:00,1,37,20160307101,10,0
2016-03-07 11:00:00,1,37,20160307111,11,0
2016-03-07 12:00:00,1,36,20160307121,12,0
2016-03-07 13:00:00,1,34,20160307131,13,0
2016-03-07 14:00:00,1,35,20160307141,14,0
2016-03-07 15:00:00,1,37,20160307151,15,0
2016-03-07 16:00:00,1,35,20160307161,16,0
2016-03-07 17:00:00,1,30,20160307171,17,0
2016-03-07 18:00:00,1,39,20160307181,18,0
2016-03-07 19:00:00,1,40,20160307191,19,0
2016-03-07 20:00:00,1,42,20160307201,20,0
2016-03-07 21:00:00,1,38,20160307211,21,0
2016-03-07 22:00:00,1,25,20160307221,22,0
2016-03-07 23:00:00,1,21,20160307231,23,0
2016-03-08 00:00:00,1,29,20160308001,0,1
2016-03-08 01:00:00,1,28,20160308011,1,1
2016-03-08 02:00:00,1,24,20160308021,2,1
2016-03-08 03:00:00,1,23,20160308031,3,1
2016-03-08 04:00:00,1,17,20160308041,4,1
2016-03-08 05:00:00,1,19,20160308051,5,1
2016-03-08 06:00:00,1,21,20160308061,6,1
2016-03-08 07:00:00,1,22,20160308071,7,1
2016-03-08 08:00:00,1,22,20160308081,8,1
2016-03-08 09:00:00,1,28,20160308091,9,1
2016-03-08 10:00:00,1,35,20160308101,10,1
2016-03-08 11:00:00,1,48,20160308111,11,1
2016-03-08 12:00:00,1,44,20160308121,12,1
2016-03-08 13:00:00,1,36,20160308131,13,1
2016-03-08 14:00:00,1,42,20160308141,14,1
2016-03-08 15:00:00,1,44,20160308151,15,1
2016-03-08 16:00:00,1,38,20160308161,16,1
2016-03-08 17:00:00,1,38,20160308171,17,1
2016-03-08 18:00:00,1,37,20160308181,18,1
2016-03-08 19:00:00,1,39,20160308191,19,1
2016-03-08 20:00:00,1,38,20160308201,20,1
2016-03-08 21:00:00,1,39,20160308211,21,1
2016-03-08 22:00:00,1,37,20160308221,22,1
2016-03-08 23:00:00,1,37,20160308231,23,1
2016-03-09 00:00:00,1,35,20160309001,0,2
2016-03-09 01:00:00,1,30,20160309011,1,2
2016-03-09 02:00:00,1,24,20160309021,2,2
2016-03-09 03:00:00,1,21,20160309031,3,2
2016-03-09 04:00:00,1,20,20160309041,4,2
2016-03-09 05:00:00,1,20,20160309051,5,2
2016-03-09 06:00:00,1,17,20160309061,6,2
2016-03-09 07:00:00,1,20,20160309071,7,2
2016-03-09 08:00:00,1,25,20160309081,8,2
2016-03-09 09:00:00,1,35,20160309091,9,2
2016-03-09 10:00:00,1,44,20160309101,10,2
2016-03-09 11:00:00,1,40,20160309111,11,2
2016-03-09 12:00:00,1,46,20160309121,12,2
2016-03-09 13:00:00,1,40,20160309131,13,2
2016-03-09 14:00:00,1,45,20160309141,14,2
2016-03-09 15:00:00,1,38,20160309151,15,2
2016-03-09 16:00:00,1,37,20160309161,16,2
2016-03-09 17:00:00,1,36,20160309171,17,2
2016-03-09 18:00:00,1,36,20160309181,18,2
2016-03-09 19:00:00,1,43,20160309191,19,2
2016-03-09 20:00:00,1,43,20160309201,20,2
2016-03-09 21:00:00,1,36,20160309211,21,2
2016-03-09 22:00:00,1,38,20160309221,22,2
2016-03-09 23:00:00,1,32,20160309231,23,2
2016-03-10 00:00:00,1,36,20160310001,0,3
2016-03-10 01:00:00,1,28,20160310011,1,3
2016-03-10 02:00:00,1,25,20160310021,2,3
2016-03-10 03:00:00,1,24,20160310031,3,3
2016-03-10 04:00:00,1,22,20160310041,4,3
2016-03-10 05:00:00,1,20,20160310051,5,3
2016-03-10 06:00:00,1,17,20160310061,6,3
2016-03-10 07:00:00,1,20,20160310071,7,3
2016-03-10 08:00:00,1,23,20160310081,8,3
2016-03-10 09:00:00,1,31,20160310091,9,3
2016-03-10 10:00:00,1,33,20160310101,10,3
2016-03-10 11:00:00,1,34,20160310111,11,3
2016-03-10 12:00:00,1,35,20160310121,12,3
2016-03-10 13:00:00,1,33,20160310131,13,3
2016-03-10 14:00:00,1,42,20160310141,14,3
2016-03-10 15:00:00,1,35,20160310151,15,3
2016-03-10 16:00:00,1,37,20160310161,16,3
2016-03-10 17:00:00,1,34,20160310171,17,3
2016-03-10 18:00:00,1,37,20160310181,18,3
2016-03-10 19:00:00,1,34,20160310191,19,3
2016-03-10 20:00:00,1,38,20160310201,20,3
2016-03-10 21:00:00,1,37,20160310211,21,3
2016-03-10 22:00:00,1,35,20160310221,22,3
2016-03-10 23:00:00,1,33,20160310231,23,3
2016-03-11 00:00:00,1,32,20160311001,0,4
2016-03-11 01:00:00,1,27,20160311011,1,4
2016-03-11 02:00:00,1,26,20160311021,2,4
2016-03-11 03:00:00,1,24,20160311031,3,4
2016-03-11 04:00:00,1,15,20160311041,4,4
2016-03-11 05:00:00,1,20,20160311051,5,4
2016-03-11 06:00:00,1,15,20160311061,6,4
2016-03-11 07:00:00,1,20,20160311071,7,4
2016-03-11 08:00:00,1,23,20160311081,8,4
2016-03-11 09:00:00,1,24,20160311091,9,4
2016-03-11 10:00:00,1,29,20160311101,10,4
2016-03-11 11:00:00,1,35,20160311111,11,4
2016-03-11 12:00:00,1,41,20160311121,12,4
2016-03-11 13:00:00,1,37,20160311131,13,4
2016-03-11 14:00:00,1,35,20160311141,14,4
2016-03-11 15:00:00,1,36,20160311151,15,4
2016-03-11 16:00:00,1,33,20160311161,16,4
2016-03-11 17:00:00,1,33,20160311171,17,4
2016-03-11 18:00:00,1,32,20160311181,18,4
2016-03-11 19:00:00,1,32,20160311191,19,4
2016-03-11 20:00:00,1,35,20160311201,20,4
2016-03-11 21:00:00,1,35,20160311211,21,4
2016-03-11 22:00:00,1,37,20160311221,22,4
2016-03-11 23:00:00,1,32,20160311231,23,4
2016-03-12 00:00:00,1,28,20160312001,0,5
2016-03-12 01:00:00,1,24,20160312011,1,5
2016-03-12 02:00:00,1,24,20160312021,2,5
2016-03-12 03:00:00,1,19,20160312031,3,5
2016-03-12 04:00:00,1,18,20160312041,4,5
2016-03-12 05:00:00,1,13,20160312051,5,5
2016-03-12 06:00:00,1,12,20160312061,6,5
2016-03-12 07:00:00,1,16,20160312071,7,5
2016-03-12 08:00:00,1,18,20160312081,8,5
2016-03-12 09:00:00,1,23,20160312091,9,5
2016-03-12 10:00:00,1,27,20160312101,10,5
2016-03-12 11:00:00,1,31,20160312111,11,5
2016-03-12 12:00:00,1,24,20160312121,12,5
2016-03-12 13:00:00,1,26,20160312131,13,5
2016-03-12 14:00:00,1,26,20160312141,14,5
2016-03-12 15:00:00,1,27,20160312151,15,5
2016-03-12 16:00:00,1,22,20160312161,16,5
2016-03-12 17:00:00,1,23,20160312171,17,5
2016-03-12 18:00:00,1,26,20160312181,18,5
2016-03-12 19:00:00,1,31,20160312191,19,5
2016-03-12 20:00:00,1,34,20160312201,20,5
2016-03-12 21:00:00,1,31,20160312211,21,5
2016-03-12 22:00:00,1,31,20160312221,22,5
2016-03-12 23:00:00,1,34,20160312231,23,5
2016-03-13 00:00:00,1,27,20160313001,0,6
2016-03-13 01:00:00,1,22,20160313011,1,6
2016-03-13 02:00:00,1,20,20160313021,2,6
2016-03-13 03:00:00,1,14,20160313031,3,6
2016-03-13 04:00:00,1,17,20160313041,4,6
2016-03-13 05:00:00,1,16,20160313051,5,6
2016-03-13 06:00:00,1,17,20160313061,6,6
2016-03-13 07:00:00,1,17,20160313071,7,6
2016-03-13 08:00:00,1,18,20160313081,8,6
2016-03-13 09:00:00,1,21,20160313091,9,6
2016-03-13 10:00:00,1,24,20160313101,10,6
2016-03-13 11:00:00,1,23,20160313111,11,6
2016-03-13 12:00:00,1,27,20160313121,12,6
2016-03-13 13:00:00,1,23,20160313131,13,6
2016-03-13 14:00:00,1,23,20160313141,14,6
2016-03-13 15:00:00,1,20,20160313151,15,6
2016-03-13 16:00:00,1,25,20160313161,16,6
2016-03-13 17:00:00,1,21,20160313171,17,6
2016-03-13 18:00:00,1,25,20160313181,18,6
2016-03-13 19:00:00,1,33,20160313191,19,6
2016-03-13 20:00:00,1,28,20160313201,20,6
2016-03-13 21:00:00,1,28,20160313211,21,6
2016-03-13 22:00:00,1,32,20160313221,22,6
2016-03-13 23:00:00,1,33,20160313231,23,6
2016-03-14 00:00:00,1,29,20160314001,0,0
2016-03-14 01:00:00,1,24,20160314011,1,0
2016-03-14 02:00:00,1,21,20160314021,2,0
2016-03-14 03:00:00,1,16,20160314031,3,0
2016-03-14 04:00:00,1,19,20160314041,4,0
2016-03-14 05:00:00,1,16,20160314051,5,0
2016-03-14 06:00:00,1,17,20160314061,6,0
2016-03-14 07:00:00,1,23,20160314071,7,0
2016-03-14 08:00:00,1,22,20160314081,8,0
2016-03-14 09:00:00,1,30,20160314091,9,0
2016-03-14 10:00:00,1,47,20160314101,10,0
2016-03-14 11:00:00,1,46,20160314111,11,0
2016-03-14 12:00:00,1,45,20160314121,12,0
2016-03-14 13:00:00,1,42,20160314131,13,0
2016-03-14 14:00:00,1,49,20160314141,14,0
2016-03-14 15:00:00,1,46,20160314151,15,0
2016-03-14 16:00:00,1,44,20160314161,16,0
2016-03-14 17:00:00,1,38,20160314171,17,0
2016-03-14 18:00:00,1,46,20160314181,18,0
2016-03-14 19:00:00,1,44,20160314191,19,0
2016-03-14 20:00:00,1,38,20160314201,20,0
2016-03-14 21:00:00,1,41,20160314211,21,0
2016-03-14 22:00:00,1,37,20160314221,22,0
2016-03-14 23:00:00,1,36,20160314231,23,0
2016-03-15 00:00:00,1,36,20160315001,0,1
2016-03-15 01:00:00,1,30,20160315011,1,1
2016-03-15 02:00:00,1,26,20160315021,2,1
2016-03-15 03:00:00,1,25,20160315031,3,1
2016-03-15 04:00:00,1,19,20160315041,4,1
2016-03-15 05:00:00,1,19,20160315051,5,1
2016-03-15 06:00:00,1,16,20160315061,6,1
2016-03-15 07:00:00,1,22,20160315071,7,1
2016-03-15 08:00:00,1,24,20160315081,8,1
2016-03-15 09:00:00,1,31,20160315091,9,1
2016-03-15 10:00:00,1,37,20160315101,10,1
2016-03-15 11:00:00,1,44,20160315111,11,1
2016-03-15 12:00:00,1,40,20160315121,12,1
2016-03-15 13:00:00,1,37,20160315131,13,1
2016-03-15 14:00:00,1,41,20160315141,14,1
2016-03-15 15:00:00,1,39,20160315151,15,1
2016-03-15 16:00:00,1,44,20160315161,16,1
2016-03-15 17:00:00,1,41,20160315171,17,1
2016-03-15 18:00:00,1,38,20160315181,18,1
2016-03-15 19:00:00,1,39,20160315191,19,1
2016-03-15 20:00:00,1,38,20160315201,20,1
2016-03-15 21:00:00,1,34,20160315211,21,1
2016-03-15 22:00:00,1,38,20160315221,22,1
2016-03-15 23:00:00,1,38,20160315231,23,1
2016-03-16 00:00:00,1,32,20160316001,0,2
2016-03-16 01:00:00,1,24,20160316011,1,2
2016-03-16 02:00:00,1,25,20160316021,2,2
2016-03-16 03:00:00,1,22,20160316031,3,2
2016-03-16 04:00:00,1,20,20160316041,4,2
2016-03-16 05:00:00,1,18,20160316051,5,2
2016-03-16 06:00:00,1,17,20160316061,6,2
2016-03-16 07:00:00,1,19,20160316071,7,2
2016-03-16 08:00:00,1,25,20160316081,8,2
2016-03-16 09:00:00,1,40,20160316091,9,2
2016-03-16 10:00:00,1,50,20160316101,10,2
2016-03-16 11:00:00,1,49,20160316111,11,2
2016-03-16 12:00:00,1,44,20160316121,12,2
2016-03-16 13:00:00,1,39,20160316131,13,2
2016-03-16 14:00:00,1,43,20160316141,14,2
2016-03-16 15:00:00,1,44,20160316151,15,2
2016-03-16 16:00:00,1,43,20160316161,16,2
2016-03-16 17:00:00,1,40,20160316171,17,2
2016-03-16 18:00:00,1,42,20160316181,18,2
2016-03-16 19:00:00,1,48,20160316191,19,2
2016-03-16 20:00:00,1,44,20160316201,20,2
2016-03-16 21:00:00,1,40,20160316211,21,2
2016-03-16 22:00:00,1,43,20160316221,22,2
2016-03-16 23:00:00,1,40,20160316231,23,2
2016-03-17 00:00:00,1,35,20160317001,0,3
2016-03-17 01:00:00,1,28,20160317011,1,3
2016-03-17 02:00:00,1,28,20160317021,2,3
2016-03-17 03:00:00,1,24,20160317031,3,3
2016-03-17 04:00:00,1,18,20160317041,4,3
2016-03-17 05:00:00,1,17,20160317051,5,3
2016-03-17 06:00:00,1,20,20160317061,6,3
2016-03-17 07:00:00,1,26,20160317071,7,3
2016-03-17 08:00:00,1,24,20160317081,8,3
2016-03-17 09:00:00,1,29,20160317091,9,3
2016-03-17 10:00:00,1,38,20160317101,10,3
2016-03-17 11:00:00,1,42,20160317111,11,3
2016-03-17 12:00:00,1,40,20160317121,12,3
2016-03-17 13:00:00,1,38,20160317131,13,3
2016-03-17 14:00:00,1,43,20160317141,14,3
2016-03-17 15:00:00,1,40,20160317151,15,3
2016-03-17 16:00:00,1,39,20160317161,16,3
2016-03-17 17:00:00,1,37,20160317171,17,3
2016-03-17 18:00:00,1,38,20160317181,18,3
2016-03-17 19:00:00,1,45,20160317191,19,3
2016-03-17 20:00:00,1,44,20160317201,20,3
2016-03-17 21:00:00,1,41,20160317211,21,3
2016-03-17 22:00:00,1,38,20160317221,22,3
2016-03-17 23:00:00,1,36,20160317231,23,3
2016-03-18 00:00:00,1,32,20160318001,0,4
2016-03-18 01:00:00,1,27,20160318011,1,4
2016-03-18 02:00:00,1,23,20160318021,2,4
2016-03-18 03:00:00,1,20,20160318031,3,4
2016-03-18 04:00:00,1,16,20160318041,4,4
2016-03-18 05:00:00,1,15,20160318051,5,4
2016-03-18 06:00:00,1,20,20160318061,6,4
2016-03-18 07:00:00,1,21,20160318071,7,4
2016-03-18 08:00:00,1,20,20160318081,8,4
2016-03-18 09:00:00,1,23,20160318091,9,4
2016-03-18 10:00:00,1,33,20160318101,10,4
2016-03-18 11:00:00,1,40,20160318111,11,4
2016-03-18 12:00:00,1,43,20160318121,12,4
2016-03-18 13:00:00,1,35,20160318131,13,4
2016-03-18 14:00:00,1,39,20160318141,14,4
2016-03-18 15:00:00,1,38,20160318151,15,4
2016-03-18 16:00:00,1,34,20160318161,16,4
2016-03-18 17:00:00,1,33,20160318171,17,4
2016-03-18 18:00:00,1,35,20160318181,18,4
2016-03-18 19:00:00,1,41,20160318191,19,4
2016-03-18 20:00:00,1,36,20160318201,20,4
2016-03-18 21:00:00,1,34,20160318211,21,4
2016-03-18 22:00:00,1,34,20160318221,22,4
2016-03-18 23:00:00,1,33,20160318231,23,4
2016-03-19 00:00:00,1,32,20160319001,0,5
2016-03-19 01:00:00,1,25,20160319011,1,5
2016-03-19 02:00:00,1,18,20160319021,2,5
2016-03-19 03:00:00,1,17,20160319031,3,5
2016-03-19 04:00:00,1,17,20160319041,4,5
2016-03-19 05:00:00,1,16,20160319051,5,5
2016-03-19 06:00:00,1,13,20160319061,6,5
2016-03-19 07:00:00,1,15,20160319071,7,5
2016-03-19 08:00:00,1,19,20160319081,8,5
2016-03-19 09:00:00,1,20,20160319091,9,5
2016-03-19 10:00:00,1,30,20160319101,10,5
2016-03-19 11:00:00,1,26,20160319111,11,5
2016-03-19 12:00:00,1,30,20160319121,12,5
2016-03-19 13:00:00,1,22,20160319131,13,5
2016-03-19 14:00:00,1,26,20160319141,14,5
2016-03-19 15:00:00,1,21,20160319151,15,5
2016-03-19 16:00:00,1,23,20160319161,16,5
2016-03-19 17:00:00,1,25,20160319171,17,5
2016-03-19 18:00:00,1,23,20160319181,18,5
2016-03-19 19:00:00,1,27,20160319191,19,5
2016-03-19 20:00:00,1,26,20160319201,20,5
2016-03-19 21:00:00,1,26,20160319211,21,5
2016-03-19 22:00:00,1,25,20160319221,22,5
2016-03-19 23:00:00,1,23,20160319231,23,5
2016-03-20 00:00:00,1,24,20160320001,0,6
2016-03-20 01:00:00,1,21,20160320011,1,6
2016-03-20 02:00:00,1,18,20160320021,2,6
2016-03-20 03:00:00,1,15,20160320031,3,6
2016-03-20 04:00:00,1,13,20160320041,4,6
2016-03-20 05:00:00,1,13,20160320051,5,6
2016-03-20 06:00:00,1,14,20160320061,6,6
2016-03-20 07:00:00,1,18,20160320071,7,6
2016-03-20 08:00:00,1,15,20160320081,8,6
2016-03-20 09:00:00,1,19,20160320091,9,6
2016-03-20 10:00:00,1,24,20160320101,10,6
2016-03-20 11:00:00,1,26,20160320111,11,6
2016-03-20 12:00:00,1,24,20160320121,12,6
2016-03-20 13:00:00,1,23,20160320131,13,6
2016-03-20 14:00:00,1,22,20160320141,14,6
2016-03-20 15:00:00,1,23,20160320151,15,6
2016-03-20 16:00:00,1,20,20160320161,16,6
2016-03-20 17:00:00,1,25,20160320171,17,6
2016-03-20 18:00:00,1,27,20160320181,18,6
2016-03-20 19:00:00,1,26,20160320191,19,6
2016-03-20 20:00:00,1,33,20160320201,20,6
2016-03-20 21:00:00,1,28,20160320211,21,6
2016-03-20 22:00:00,1,28,20160320221,22,6
2016-03-20 23:00:00,1,32,20160320231,23,6
2016-03-21 00:00:00,1,25,20160321001,0,0
2016-03-21 01:00:00,1,22,20160321011,1,0
2016-03-21 02:00:00,1,16,20160321021,2,0
2016-03-21 03:00:00,1,19,20160321031,3,0
2016-03-21 04:00:00,1,16,20160321041,4,0
2016-03-21 05:00:00,1,13,20160321051,5,0
2016-03-21 06:00:00,1,16,20160321061,6,0
2016-03-21 07:00:00,1,24,20160321071,7,0
2016-03-21 08:00:00,1,21,20160321081,8,0
2016-03-21 09:00:00,1,25,20160321091,9,0
2016-03-21 10:00:00,1,31,20160321101,10,0
2016-03-21 11:00:00,1,48,20160321111,11,0
2016-03-21 12:00:00,1,49,20160321121,12,0
2016-03-21 13:00:00,1,44,20160321131,13,0
2016-03-21 14:00:00,1,51,20160321141,14,0
2016-03-21 15:00:00,1,44,20160321151,15,0
2016-03-21 16:00:00,1,47,20160321161,16,0
2016-03-21 17:00:00,1,43,20160321171,17,0
2016-03-21 18:00:00,1,46,20160321181,18,0
2016-03-21 19:00:00,1,40,20160321191,19,0
2016-03-21 20:00:00,1,45,20160321201,20,0
2016-03-21 21:00:00,1,38,20160321211,21,0
2016-03-21 22:00:00,1,38,20160321221,22,0
2016-03-21 23:00:00,1,38,20160321231,23,0
2016-03-22 00:00:00,1,34,20160322001,0,1
2016-03-22 01:00:00,1,30,20160322011,1,1
2016-03-22 02:00:00,1,24,20160322021,2,1
2016-03-22 03:00:00,1,23,20160322031,3,1
2016-03-22 04:00:00,1,18,20160322041,4,1
2016-03-22 05:00:00,1,15,20160322051,5,1
2016-03-22 06:00:00,1,19,20160322061,6,1
2016-03-22 07:00:00,1,24,20160322071,7,1
2016-03-22 08:00:00,1,28,20160322081,8,1
2016-03-22 09:00:00,1,28,20160322091,9,1
2016-03-22 10:00:00,1,39,20160322101,10,1
2016-03-22 11:00:00,1,38,20160322111,11,1
2016-03-22 12:00:00,1,35,20160322121,12,1
2016-03-22 13:00:00,1,40,20160322131,13,1
2016-03-22 14:00:00,1,38,20160322141,14,1
2016-03-22 15:00:00,1,39,20160322151,15,1
2016-03-22 16:00:00,1,37,20160322161,16,1
2016-03-22 17:00:00,1,35,20160322171,17,1
2016-03-22 18:00:00,1,48,20160322181,18,1
2016-03-22 19:00:00,1,48,20160322191,19,1
2016-03-22 20:00:00,1,41,20160322201,20,1
2016-03-22 21:00:00,1,36,20160322211,21,1
2016-03-22 22:00:00,1,34,20160322221,22,1
2016-03-22 23:00:00,1,35,20160322231,23,1
2016-03-23 00:00:00,1,34,20160323001,0,2
2016-03-23 01:00:00,1,29,20160323011,1,2
2016-03-23 02:00:00,1,27,20160323021,2,2
2016-03-23 03:00:00,1,21,20160323031,3,2
2016-03-23 04:00:00,1,21,20160323041,4,2
2016-03-23 05:00:00,1,16,20160323051,5,2
2016-03-23 06:00:00,1,19,20160323061,6,2
2016-03-23 07:00:00,1,19,20160323071,7,2
2016-03-23 08:00:00,1,23,20160323081,8,2
2016-03-23 09:00:00,1,31,20160323091,9,2
2016-03-23 10:00:00,1,41,20160323101,10,2
2016-03-23 11:00:00,1,41,20160323111,11,2
2016-03-23 12:00:00,1,39,20160323121,12,2
2016-03-23 13:00:00,1,35,20160323131,13,2
2016-03-23 14:00:00,1,45,20160323141,14,2
2016-03-23 15:00:00,1,42,20160323151,15,2
2016-03-23 16:00:00,1,37,20160323161,16,2
2016-03-23 17:00:00,1,36,20160323171,17,2
2016-03-23 18:00:00,1,39,20160323181,18,2
2016-03-23 19:00:00,1,42,20160323191,19,2
2016-03-23 20:00:00,1,42,20160323201,20,2
2016-03-23 21:00:00,1,36,20160323211,21,2
2016-03-23 22:00:00,1,33,20160323221,22,2
2016-03-23 23:00:00,1,28,20160323231,23,2
2016-03-24 00:00:00,1,33,20160324001,0,3
2016-03-24 01:00:00,1,25,20160324011,1,3
2016-03-24 02:00:00,1,21,20160324021,2,3
2016-03-24 03:00:00,1,19,20160324031,3,3
2016-03-24 04:00:00,1,19,20160324041,4,3
2016-03-24 05:00:00,1,18,20160324051,5,3
2016-03-24 06:00:00,1,16,20160324061,6,3
2016-03-24 07:00:00,1,20,20160324071,7,3
2016-03-24 08:00:00,1,19,20160324081,8,3
2016-03-24 09:00:00,1,26,20160324091,9,3
2016-03-24 10:00:00,1,26,20160324101,10,3
2016-03-24 11:00:00,1,37,20160324111,11,3
2016-03-24 12:00:00,1,32,20160324121,12,3
2016-03-24 13:00:00,1,28,20160324131,13,3
2016-03-24 14:00:00,1,32,20160324141,14,3
2016-03-24 15:00:00,1,33,20160324151,15,3
2016-03-24 16:00:00,1,32,20160324161,16,3
2016-03-24 17:00:00,1,34,20160324171,17,3
2016-03-24 18:00:00,1,29,20160324181,18,3
2016-03-24 19:00:00,1,38,20160324191,19,3
2016-03-24 20:00:00,1,31,20160324201,20,3
2016-03-24 21:00:00,1,30,20160324211,21,3
2016-03-24 22:00:00,1,36,20160324221,22,3
2016-03-24 23:00:00,1,32,20160324231,23,3
2016-03-25 00:00:00,1,30,20160325001,0,4
2016-03-25 01:00:00,1,28,20160325011,1,4
2016-03-25 02:00:00,1,22,20160325021,2,4
2016-03-25 03:00:00,1,18,20160325031,3,4
2016-03-25 04:00:00,1,14,20160325041,4,4
2016-03-25 05:00:00,1,17,20160325051,5,4
2016-03-25 06:00:00,1,14,20160325061,6,4
2016-03-25 07:00:00,1,18,20160325071,7,4
2016-03-25 08:00:00,1,16,20160325081,8,4
2016-03-25 09:00:00,1,28,20160325091,9,4
2016-03-25 10:00:00,1,32,20160325101,10,4
2016-03-25 11:00:00,1,29,20160325111,11,4
2016-03-25 12:00:00,1,32,20160325121,12,4
2016-03-25 13:00:00,1,27,20160325131,13,4
2016-03-25 14:00:00,1,27,20160325141,14,4
2016-03-25 15:00:00,1,26,20160325151,15,4
2016-03-25 16:00:00,1,25,20160325161,16,4
2016-03-25 17:00:00,1,25,20160325171,17,4
2016-03-25 18:00:00,1,28,20160325181,18,4
2016-03-25 19:00:00,1,35,20160325191,19,4
2016-03-25 20:00:00,1,30,20160325201,20,4
2016-03-25 21:00:00,1,33,20160325211,21,4
2016-03-25 22:00:00,1,25,20160325221,22,4
2016-03-25 23:00:00,1,26,20160325231,23,4
2016-03-26 00:00:00,1,28,20160326001,0,5
2016-03-26 01:00:00,1,24,20160326011,1,5
2016-03-26 02:00:00,1,18,20160326021,2,5
2016-03-26 03:00:00,1,17,20160326031,3,5
2016-03-26 04:00:00,1,15,20160326041,4,5
2016-03-26 05:00:00,1,13,20160326051,5,5
2016-03-26 06:00:00,1,14,20160326061,6,5
2016-03-26 07:00:00,1,15,20160326071,7,5
2016-03-26 08:00:00,1,17,20160326081,8,5
2016-03-26 09:00:00,1,18,20160326091,9,5
2016-03-26 10:00:00,1,22,20160326101,10,5
2016-03-26 11:00:00,1,24,20160326111,11,5
2016-03-26 12:00:00,1,18,20160326121,12,5
2016-03-26 13:00:00,1,22,20160326131,13,5
2016-03-26 14:00:00,1,19,20160326141,14,5
2016-03-26 15:00:00,1,20,20160326151,15,5
2016-03-26 16:00:00,1,23,20160326161,16,5
2016-03-26 17:00:00,1,22,20160326171,17,5
2016-03-26 18:00:00,1,22,20160326181,18,5
2016-03-26 19:00:00,1,27,20160326191,19,5
2016-03-26 20:00:00,1,24,20160326201,20,5
2016-03-26 21:00:00,1,25,20160326211,21,5
2016-03-26 22:00:00,1,23,20160326221,22,5
2016-03-26 23:00:00,1,24,20160326231,23,5
2016-03-27 00:00:00,1,24,20160327001,0,6
2016-03-27 01:00:00,1,19,20160327011,1,6
2016-03-27 02:00:00,1,17,20160327021,2,6
2016-03-27 03:00:00,1,13,20160327031,3,6
2016-03-27 04:00:00,1,13,20160327041,4,6
2016-03-27 05:00:00,1,13,20160327051,5,6
2016-03-27 06:00:00,1,13,20160327061,6,6
2016-03-27 07:00:00,1,15,20160327071,7,6
2016-03-27 08:00:00,1,16,20160327081,8,6
2016-03-27 09:00:00,1,16,20160327091,9,6
2016-03-27 10:00:00,1,18,20160327101,10,6
2016-03-27 11:00:00,1,22,20160327111,11,6
2016-03-27 12:00:00,1,22,20160327121,12,6
2016-03-27 13:00:00,1,21,20160327131,13,6
2016-03-27 14:00:00,1,19,20160327141,14,6
2016-03-27 15:00:00,1,22,20160327151,15,6
2016-03-27 16:00:00,1,22,20160327161,16,6
2016-03-27 17:00:00,1,21,20160327171,17,6
2016-03-27 18:00:00,1,27,20160327181,18,6
2016-03-27 19:00:00,1,26,20160327191,19,6
2016-03-27 20:00:00,1,25,20160327201,20,6
2016-03-27 21:00:00,1,26,20160327211,21,6
2016-03-27 22:00:00,1,21,20160327221,22,6
2016-03-27 23:00:00,1,24,20160327231,23,6
2016-03-28 00:00:00,1,23,20160328001,0,0
2016-03-28 01:00:00,1,22,20160328011,1,0
2016-03-28 02:00:00,1,16,20160328021,2,0
2016-03-28 03:00:00,1,17,20160328031,3,0
2016-03-28 04:00:00,1,13,20160328041,4,0
2016-03-28 05:00:00,1,12,20160328051,5,0
2016-03-28 06:00:00,1,19,20160328061,6,0
2016-03-28 07:00:00,1,18,20160328071,7,0
2016-03-28 08:00:00,1,21,20160328081,8,0
2016-03-28 09:00:00,1,28,20160328091,9,0
2016-03-28 10:00:00,1,29,20160328101,10,0
2016-03-28 11:00:00,1,41,20160328111,11,0
2016-03-28 12:00:00,1,43,20160328121,12,0
2016-03-28 13:00:00,1,34,20160328131,13,0
2016-03-28 14:00:00,1,39,20160328141,14,0
2016-03-28 15:00:00,1,37,20160328151,15,0
2016-03-28 16:00:00,1,39,20160328161,16,0
2016-03-28 17:00:00,1,38,20160328171,17,0
2016-03-28 18:00:00,1,39,20160328181,18,0
2016-03-28 19:00:00,1,38,20160328191,19,0
2016-03-28 20:00:00,1,42,20160328201,20,0
2016-03-28 21:00:00,1,39,20160328211,21,0
2016-03-28 22:00:00,1,39,20160328221,22,0
2016-03-28 23:00:00,1,38,20160328231,23,0
2016-03-29 00:00:00,1,32,20160329001,0,1
2016-03-29 01:00:00,1,31,20160329011,1,1
2016-03-29 02:00:00,1,26,20160329021,2,1
2016-03-29 03:00:00,1,19,20160329031,3,1
2016-03-29 04:00:00,1,18,20160329041,4,1
2016-03-29 05:00:00,1,16,20160329051,5,1
2016-03-29 06:00:00,1,20,20160329061,6,1
2016-03-29 07:00:00,1,22,20160329071,7,1
2016-03-29 08:00:00,1,25,20160329081,8,1
2016-03-29 09:00:00,1,28,20160329091,9,1
2016-03-29 10:00:00,1,38,20160329101,10,1
2016-03-29 11:00:00,1,42,20160329111,11,1
2016-03-29 12:00:00,1,43,20160329121,12,1
2016-03-29 13:00:00,1,41,20160329131,13,1
2016-03-29 14:00:00,1,44,20160329141,14,1
2016-03-29 15:00:00,1,45,20160329151,15,1
2016-03-29 16:00:00,1,38,20160329161,16,1
2016-03-29 17:00:00,1,42,20160329171,17,1
2016-03-29 18:00:00,1,43,20160329181,18,1
2016-03-29 19:00:00,1,44,20160329191,19,1
2016-03-29 20:00:00,1,44,20160329201,20,1
2016-03-29 21:00:00,1,40,20160329211,21,1
2016-03-29 22:00:00,1,39,20160329221,22,1
2016-03-29 23:00:00,1,39,20160329231,23,1
2016-03-30 00:00:00,1,36,20160330001,0,2
2016-03-30 01:00:00,1,33,20160330011,1,2
2016-03-30 02:00:00,1,26,20160330021,2,2
2016-03-30 03:00:00,1,21,20160330031,3,2
2016-03-30 04:00:00,1,18,20160330041,4,2
2016-03-30 05:00:00,1,17,20160330051,5,2
2016-03-30 06:00:00,1,20,20160330061,6,2
2016-03-30 07:00:00,1,26,20160330071,7,2
2016-03-30 08:00:00,1,25,20160330081,8,2
2016-03-30 09:00:00,1,27,20160330091,9,2
2016-03-30 10:00:00,1,44,20160330101,10,2
2016-03-30 11:00:00,1,52,20160330111,11,2
2016-03-30 12:00:00,1,48,20160330121,12,2
2016-03-30 13:00:00,1,43,20160330131,13,2
2016-03-30 14:00:00,1,46,20160330141,14,2
2016-03-30 15:00:00,1,51,20160330151,15,2
2016-03-30 16:00:00,1,46,20160330161,16,2
2016-03-30 17:00:00,1,47,20160330171,17,2
2016-03-30 18:00:00,1,42,20160330181,18,2
2016-03-30 19:00:00,1,48,20160330191,19,2
2016-03-30 20:00:00,1,44,20160330201,20,2
2016-03-30 21:00:00,1,41,20160330211,21,2
2016-03-30 22:00:00,1,41,20160330221,22,2
2016-03-30 23:00:00,1,38,20160330231,23,2
2016-03-31 00:00:00,1,36,20160331001,0,3
2016-03-31 01:00:00,1,30,20160331011,1,3
2016-03-31 02:00:00,1,26,20160331021,2,3
2016-03-31 03:00:00,1,24,20160331031,3,3
2016-03-31 04:00:00,1,18,20160331041,4,3
2016-03-31 05:00:00,1,18,20160331051,5,3
2016-03-31 06:00:00,1,18,20160331061,6,3
2016-03-31 07:00:00,1,22,20160331071,7,3
2016-03-31 08:00:00,1,25,20160331081,8,3
2016-03-31 09:00:00,1,28,20160331091,9,3
2016-03-31 10:00:00,1,40,20160331101,10,3
2016-03-31 11:00:00,1,41,20160331111,11,3
2016-03-31 12:00:00,1,41,20160331121,12,3
2016-03-31 13:00:00,1,36,20160331131,13,3
2016-03-31 14:00:00,1,42,20160331141,14,3
2016-03-31 15:00:00,1,41,20160331151,15,3
2016-03-31 16:00:00,1,40,20160331161,16,3
2016-03-31 17:00:00,1,37,20160331171,17,3
2016-03-31 18:00:00,1,44,20160331181,18,3
2016-03-31 19:00:00,1,45,20160331191,19,3
2016-03-31 20:00:00,1,40,20160331201,20,3
2016-03-31 21:00:00,1,38,20160331211,21,3
2016-03-31 22:00:00,1,32,20160331221,22,3
2016-03-31 23:00:00,1,37,20160331231,23,3
2016-04-01 00:00:00,1,35,20160401001,0,4
2016-04-01 01:00:00,1,30,20160401011,1,4
2016-04-01 02:00:00,1,23,20160401021,2,4
2016-04-01 03:00:00,1,22,20160401031,3,4
2016-04-01 04:00:00,1,18,20160401041,4,4
2016-04-01 05:00:00,1,17,20160401051,5,4
2016-04-01 06:00:00,1,18,20160401061,6,4
2016-04-01 07:00:00,1,22,20160401071,7,4
2016-04-01 08:00:00,1,23,20160401081,8,4
2016-04-01 09:00:00,1,28,20160401091,9,4
2016-04-01 10:00:00,1,34,20160401101,10,4
2016-04-01 11:00:00,1,45,20160401111,11,4
2016-04-01 12:00:00,1,50,20160401121,12,4
2016-04-01 13:00:00,1,43,20160401131,13,4
2016-04-01 14:00:00,1,40,20160401141,14,4
2016-04-01 15:00:00,1,43,20160401151,15,4
2016-04-01 16:00:00,1,37,20160401161,16,4
2016-04-01 17:00:00,1,35,20160401171,17,4
2016-04-01 18:00:00,1,40,20160401181,18,4
2016-04-01 19:00:00,1,40,20160401191,19,4
2016-04-01 20:00:00,1,37,20160401201,20,4
2016-04-01 21:00:00,1,38,20160401211,21,4
2016-04-01 22:00:00,1,34,20160401221,22,4
2016-04-01 23:00:00,1,31,20160401231,23,4
2016-04-02 00:00:00,1,32,20160402001,0,5
2016-04-02 01:00:00,1,24,20160402011,1,5
2016-04-02 02:00:00,1,20,20160402021,2,5
2016-04-02 03:00:00,1,14,20160402031,3,5
2016-04-02 04:00:00,1,16,20160402041,4,5
2016-04-02 05:00:00,1,11,20160402051,5,5
2016-04-02 06:00:00,1,14,20160402061,6,5
2016-04-02 07:00:00,1,16,20160402071,7,5
2016-04-02 08:00:00,1,17,20160402081,8,5
2016-04-02 09:00:00,1,20,20160402091,9,5
2016-04-02 10:00:00,1,21,20160402101,10,5
2016-04-02 11:00:00,1,25,20160402111,11,5
2016-04-02 12:00:00,1,26,20160402121,12,5
2016-04-02 13:00:00,1,26,20160402131,13,5
2016-04-02 14:00:00,1,24,20160402141,14,5
2016-04-02 15:00:00,1,24,20160402151,15,5
2016-04-02 16:00:00,1,28,20160402161,16,5
2016-04-02 17:00:00,1,27,20160402171,17,5
2016-04-02 18:00:00,1,31,20160402181,18,5
2016-04-02 19:00:00,1,29,20160402191,19,5
2016-04-02 20:00:00,1,29,20160402201,20,5
2016-04-02 21:00:00,1,32,20160402211,21,5
2016-04-02 22:00:00,1,31,20160402221,22,5
2016-04-02 23:00:00,1,32,20160402231,23,5
2016-04-03 00:00:00,1,28,20160403001,0,6
2016-04-03 01:00:00,1,21,20160403011,1,6
2016-04-03 02:00:00,1,20,20160403021,2,6
2016-04-03 03:00:00,1,20,20160403031,3,6
2016-04-03 04:00:00,1,14,20160403041,4,6
2016-04-03 05:00:00,1,13,20160403051,5,6
2016-04-03 06:00:00,1,13,20160403061,6,6
2016-04-03 07:00:00,1,20,20160403071,7,6
2016-04-03 08:00:00,1,17,20160403081,8,6
2016-04-03 09:00:00,1,26,20160403091,9,6
2016-04-03 10:00:00,1,27,20160403101,10,6
2016-04-03 11:00:00,1,25,20160403111,11,6
2016-04-03 12:00:00,1,24,20160403121,12,6
2016-04-03 13:00:00,1,25,20160403131,13,6
2016-04-03 14:00:00,1,24,20160403141,14,6
2016-04-03 15:00:00,1,27,20160403151,15,6
2016-04-03 16:00:00,1,25,20160403161,16,6
2016-04-03 17:00:00,1,27,20160403171,17,6
2016-04-03 18:00:00,1,30,20160403181,18,6
2016-04-03 19:00:00,1,28,20160403191,19,6
2016-04-03 20:00:00,1,27,20160403201,20,6
2016-04-03 21:00:00,1,29,20160403211,21,6
2016-04-03 22:00:00,1,26,20160403221,22,6
2016-04-03 23:00:00,1,28,20160403231,23,6
2016-04-04 00:00:00,1,28,20160404001,0,0
2016-04-04 01:00:00,1,24,20160404011,1,0
2016-04-04 02:00:00,1,21,20160404021,2,0
2016-04-04 03:00:00,1,19,20160404031,3,0
2016-04-04 04:00:00,1,17,20160404041,4,0
2016-04-04 05:00:00,1,17,20160404051,5,0
2016-04-04 06:00:00,1,16,20160404061,6,0
2016-04-04 07:00:00,1,20,20160404071,7,0
2016-04-04 08:00:00,1,27,20160404081,8,0
2016-04-04 09:00:00,1,28,20160404091,9,0
2016-04-04 10:00:00,1,39,20160404101,10,0
2016-04-04 11:00:00,1,53,20160404111,11,0
2016-04-04 12:00:00,1,50,20160404121,12,0
2016-04-04 13:00:00,1,42,20160404131,13,0
2016-04-04 14:00:00,1,44,20160404141,14,0
2016-04-04 15:00:00,1,45,20160404151,15,0
2016-04-04 16:00:00,1,45,20160404161,16,0
2016-04-04 17:00:00,1,44,20160404171,17,0
2016-04-04 18:00:00,1,44,20160404181,18,0
2016-04-04 19:00:00,1,48,20160404191,19,0
2016-04-04 20:00:00,1,43,20160404201,20,0
2016-04-04 21:00:00,1,40,20160404211,21,0
2016-04-04 22:00:00,1,39,20160404221,22,0
2016-04-04 23:00:00,1,41,20160404231,23,0
2016-04-05 00:00:00,1,35,20160405001,0,1
2016-04-05 01:00:00,1,29,20160405011,1,1
2016-04-05 02:00:00,1,26,20160405021,2,1
2016-04-05 03:00:00,1,20,20160405031,3,1
2016-04-05 04:00:00,1,18,20160405041,4,1
2016-04-05 05:00:00,1,17,20160405051,5,1
2016-04-05 06:00:00,1,19,20160405061,6,1
2016-04-05 07:00:00,1,25,20160405071,7,1
2016-04-05 08:00:00,1,29,20160405081,8,1
2016-04-05 09:00:00,1,30,20160405091,9,1
2016-04-05 10:00:00,1,43,20160405101,10,1
2016-04-05 11:00:00,1,44,20160405111,11,1
2016-04-05 12:00:00,1,45,20160405121,12,1
2016-04-05 13:00:00,1,38,20160405131,13,1
2016-04-05 14:00:00,1,45,20160405141,14,1
2016-04-05 15:00:00,1,43,20160405151,15,1
2016-04-05 16:00:00,1,40,20160405161,16,1
2016-04-05 17:00:00,1,42,20160405171,17,1
2016-04-05 18:00:00,1,43,20160405181,18,1
2016-04-05 19:00:00,1,44,20160405191,19,1
2016-04-05 20:00:00,1,39,20160405201,20,1
2016-04-05 21:00:00,1,40,20160405211,21,1
2016-04-05 22:00:00,1,39,20160405221,22,1
2016-04-05 23:00:00,1,41,20160405231,23,1
2016-04-06 00:00:00,1,35,20160406001,0,2
2016-04-06 01:00:00,1,32,20160406011,1,2
2016-04-06 02:00:00,1,23,20160406021,2,2
2016-04-06 03:00:00,1,18,20160406031,3,2
2016-04-06 04:00:00,1,18,20160406041,4,2
2016-04-06 05:00:00,1,16,20160406051,5,2
2016-04-06 06:00:00,1,19,20160406061,6,2
2016-04-06 07:00:00,1,23,20160406071,7,2
2016-04-06 08:00:00,1,21,20160406081,8,2
2016-04-06 09:00:00,1,25,20160406091,9,2
2016-04-06 10:00:00,1,39,20160406101,10,2
2016-04-06 11:00:00,1,41,20160406111,11,2
2016-04-06 12:00:00,1,41,20160406121,12,2
2016-04-06 13:00:00,1,39,20160406131,13,2
2016-04-06 14:00:00,1,41,20160406141,14,2
2016-04-06 15:00:00,1,38,20160406151,15,2
2016-04-06 16:00:00,1,36,20160406161,16,2
2016-04-06 17:00:00,1,37,20160406171,17,2
2016-04-06 18:00:00,1,46,20160406181,18,2
2016-04-06 19:00:00,1,46,20160406191,19,2
2016-04-06 20:00:00,1,45,20160406201,20,2
2016-04-06 21:00:00,1,43,20160406211,21,2
2016-04-06 22:00:00,1,39,20160406221,22,2
2016-04-06 23:00:00,1,35,20160406231,23,2
2016-04-07 00:00:00,1,34,20160407001,0,3
2016-04-07 01:00:00,1,25,20160407011,1,3
2016-04-07 02:00:00,1,27,20160407021,2,3
2016-04-07 03:00:00,1,22,20160407031,3,3
2016-04-07 04:00:00,1,20,20160407041,4,3
2016-04-07 05:00:00,1,17,20160407051,5,3
2016-04-07 06:00:00,1,20,20160407061,6,3
2016-04-07 07:00:00,1,26,20160407071,7,3
2016-04-07 08:00:00,1,23,20160407081,8,3
2016-04-07 09:00:00,1,28,20160407091,9,3
2016-04-07 10:00:00,1,48,20160407101,10,3
2016-04-07 11:00:00,1,46,20160407111,11,3
2016-04-07 12:00:00,1,45,20160407121,12,3
2016-04-07 13:00:00,1,41,20160407131,13,3
2016-04-07 14:00:00,1,46,20160407141,14,3
2016-04-07 15:00:00,1,43,20160407151,15,3
2016-04-07 16:00:00,1,43,20160407161,16,3
2016-04-07 17:00:00,1,45,20160407171,17,3
2016-04-07 18:00:00,1,42,20160407181,18,3
2016-04-07 19:00:00,1,45,20160407191,19,3
2016-04-07 20:00:00,1,42,20160407201,20,3
2016-04-07 21:00:00,1,40,20160407211,21,3
2016-04-07 22:00:00,1,39,20160407221,22,3
2016-04-07 23:00:00,1,32,20160407231,23,3
2016-04-08 00:00:00,1,34,20160408001,0,4
2016-04-08 01:00:00,1,29,20160408011,1,4
2016-04-08 02:00:00,1,24,20160408021,2,4
2016-04-08 03:00:00,1,19,20160408031,3,4
2016-04-08 04:00:00,1,15,20160408041,4,4
2016-04-08 05:00:00,1,17,20160408051,5,4
2016-04-08 06:00:00,1,19,20160408061,6,4
2016-04-08 07:00:00,1,21,20160408071,7,4
2016-04-08 08:00:00,1,20,20160408081,8,4
2016-04-08 09:00:00,1,23,20160408091,9,4
2016-04-08 10:00:00,1,27,20160408101,10,4
2016-04-08 11:00:00,1,34,20160408111,11,4
2016-04-08 12:00:00,1,36,20160408121,12,4
2016-04-08 13:00:00,1,34,20160408131,13,4
2016-04-08 14:00:00,1,34,20160408141,14,4
2016-04-08 15:00:00,1,34,20160408151,15,4
2016-04-08 16:00:00,1,30,20160408161,16,4
2016-04-08 17:00:00,1,30,20160408171,17,4
2016-04-08 18:00:00,1,34,20160408181,18,4
2016-04-08 19:00:00,1,39,20160408191,19,4
2016-04-08 20:00:00,1,36,20160408201,20,4
2016-04-08 21:00:00,1,31,20160408211,21,4
2016-04-08 22:00:00,1,33,20160408221,22,4
2016-04-08 23:00:00,1,28,20160408231,23,4
2016-04-09 00:00:00,1,28,20160409001,0,5
2016-04-09 01:00:00,1,24,20160409011,1,5
2016-04-09 02:00:00,1,22,20160409021,2,5
2016-04-09 03:00:00,1,19,20160409031,3,5
2016-04-09 04:00:00,1,16,20160409041,4,5
2016-04-09 05:00:00,1,13,20160409051,5,5
2016-04-09 06:00:00,1,13,20160409061,6,5
2016-04-09 07:00:00,1,16,20160409071,7,5
2016-04-09 08:00:00,1,17,20160409081,8,5
2016-04-09 09:00:00,1,21,20160409091,9,5
2016-04-09 10:00:00,1,31,20160409101,10,5
2016-04-09 11:00:00,1,31,20160409111,11,5
2016-04-09 12:00:00,1,30,20160409121,12,5
2016-04-09 13:00:00,1,23,20160409131,13,5
2016-04-09 14:00:00,1,24,20160409141,14,5
2016-04-09 15:00:00,1,22,20160409151,15,5
2016-04-09 16:00:00,1,24,20160409161,16,5
2016-04-09 17:00:00,1,27,20160409171,17,5
2016-04-09 18:00:00,1,27,20160409181,18,5
2016-04-09 19:00:00,1,29,20160409191,19,5
2016-04-09 20:00:00,1,29,20160409201,20,5
2016-04-09 21:00:00,1,30,20160409211,21,5
2016-04-09 22:00:00,1,28,20160409221,22,5
2016-04-09 23:00:00,1,29,20160409231,23,5
2016-04-10 00:00:00,1,30,20160410001,0,6
2016-04-10 01:00:00,1,19,20160410011,1,6
2016-04-10 02:00:00,1,21,20160410021,2,6
2016-04-10 03:00:00,1,15,20160410031,3,6
2016-04-10 04:00:00,1,16,20160410041,4,6
2016-04-10 05:00:00,1,11,20160410051,5,6
2016-04-10 06:00:00,1,13,20160410061,6,6
2016-04-10 07:00:00,1,14,20160410071,7,6
2016-04-10 08:00:00,1,16,20160410081,8,6
2016-04-10 09:00:00,1,19,20160410091,9,6
2016-04-10 10:00:00,1,24,20160410101,10,6
2016-04-10 11:00:00,1,23,20160410111,11,6
2016-04-10 12:00:00,1,25,20160410121,12,6
2016-04-10 13:00:00,1,26,20160410131,13,6
2016-04-10 14:00:00,1,25,20160410141,14,6
2016-04-10 15:00:00,1,23,20160410151,15,6
2016-04-10 16:00:00,1,20,20160410161,16,6
2016-04-10 17:00:00,1,25,20160410171,17,6
2016-04-10 18:00:00,1,28,20160410181,18,6
2016-04-10 19:00:00,1,29,20160410191,19,6
2016-04-10 20:00:00,1,30,20160410201,20,6
2016-04-10 21:00:00,1,27,20160410211,21,6
2016-04-10 22:00:00,1,31,20160410221,22,6
2016-04-10 23:00:00,1,30,20160410231,23,6
2016-04-11 00:00:00,1,23,20160411001,0,0
2016-04-11 01:00:00,1,21,20160411011,1,0
2016-04-11 02:00:00,1,19,20160411021,2,0
2016-04-11 03:00:00,1,17,20160411031,3,0
2016-04-11 04:00:00,1,13,20160411041,4,0
2016-04-11 05:00:00,1,15,20160411051,5,0
2016-04-11 06:00:00,1,17,20160411061,6,0
2016-04-11 07:00:00,1,21,20160411071,7,0
2016-04-11 08:00:00,1,21,20160411081,8,0
2016-04-11 09:00:00,1,28,20160411091,9,0
2016-04-11 10:00:00,1,33,20160411101,10,0
2016-04-11 11:00:00,1,41,20160411111,11,0
2016-04-11 12:00:00,1,39,20160411121,12,0
2016-04-11 13:00:00,1,38,20160411131,13,0
2016-04-11 14:00:00,1,44,20160411141,14,0
2016-04-11 15:00:00,1,38,20160411151,15,0
2016-04-11 16:00:00,1,42,20160411161,16,0
2016-04-11 17:00:00,1,42,20160411171,17,0
2016-04-11 18:00:00,1,46,20160411181,18,0
2016-04-11 19:00:00,1,43,20160411191,19,0
2016-04-11 20:00:00,1,46,20160411201,20,0
2016-04-11 21:00:00,1,39,20160411211,21,0
2016-04-11 22:00:00,1,43,20160411221,22,0
2016-04-11 23:00:00,1,36,20160411231,23,0
2016-04-12 00:00:00,1,36,20160412001,0,1
2016-04-12 01:00:00,1,32,20160412011,1,1
2016-04-12 02:00:00,1,23,20160412021,2,1
2016-04-12 03:00:00,1,19,20160412031,3,1
2016-04-12 04:00:00,1,20,20160412041,4,1
2016-04-12 05:00:00,1,14,20160412051,5,1
2016-04-12 06:00:00,1,18,20160412061,6,1
2016-04-12 07:00:00,1,20,20160412071,7,1
2016-04-12 08:00:00,1,25,20160412081,8,1
2016-04-12 09:00:00,1,38,20160412091,9,1
2016-04-12 10:00:00,1,53,20160412101,10,1
2016-04-12 11:00:00,1,53,20160412111,11,1
2016-04-12 12:00:00,1,54,20160412121,12,1
2016-04-12 13:00:00,1,48,20160412131,13,1
2016-04-12 14:00:00,1,48,20160412141,14,1
2016-04-12 15:00:00,1,48,20160412151,15,1
2016-04-12 16:00:00,1,41,20160412161,16,1
2016-04-12 17:00:00,1,45,20160412171,17,1
2016-04-12 18:00:00,1,50,20160412181,18,1
2016-04-12 19:00:00,1,48,20160412191,19,1
2016-04-12 20:00:00,1,47,20160412201,20,1
2016-04-12 21:00:00,1,41,20160412211,21,1
2016-04-12 22:00:00,1,38,20160412221,22,1
2016-04-12 23:00:00,1,38,20160412231,23,1
2016-04-13 00:00:00,1,36,20160413001,0,2
2016-04-13 01:00:00,1,33,20160413011,1,2
2016-04-13 02:00:00,1,28,20160413021,2,2
2016-04-13 03:00:00,1,22,20160413031,3,2
2016-04-13 04:00:00,1,18,20160413041,4,2
2016-04-13 05:00:00,1,19,20160413051,5,2
2016-04-13 06:00:00,1,25,20160413061,6,2
2016-04-13 07:00:00,1,27,20160413071,7,2
2016-04-13 08:00:00,1,24,20160413081,8,2
2016-04-13 09:00:00,1,33,20160413091,9,2
2016-04-13 10:00:00,1,45,20160413101,10,2
2016-04-13 11:00:00,1,41,20160413111,11,2
2016-04-13 12:00:00,1,46,20160413121,12,2
2016-04-13 13:00:00,1,40,20160413131,13,2
2016-04-13 14:00:00,1,38,20160413141,14,2
2016-04-13 15:00:00,1,43,20160413151,15,2
2016-04-13 16:00:00,1,40,20160413161,16,2
2016-04-13 17:00:00,1,39,20160413171,17,2
2016-04-13 18:00:00,1,41,20160413181,18,2
2016-04-13 19:00:00,1,43,20160413191,19,2
2016-04-13 20:00:00,1,39,20160413201,20,2
2016-04-13 21:00:00,1,35,20160413211,21,2
2016-04-13 22:00:00,1,37,20160413221,22,2
2016-04-13 23:00:00,1,35,20160413231,23,2
2016-04-14 00:00:00,1,33,20160414001,0,3
2016-04-14 01:00:00,1,27,20160414011,1,3
2016-04-14 02:00:00,1,25,20160414021,2,3
2016-04-14 03:00:00,1,21,20160414031,3,3
2016-04-14 04:00:00,1,18,20160414041,4,3
2016-04-14 05:00:00,1,17,20160414051,5,3
2016-04-14 06:00:00,1,17,20160414061,6,3
2016-04-14 07:00:00,1,21,20160414071,7,3
2016-04-14 08:00:00,1,21,20160414081,8,3
2016-04-14 09:00:00,1,28,20160414091,9,3
2016-04-14 10:00:00,1,35,20160414101,10,3
2016-04-14 11:00:00,1,41,20160414111,11,3
2016-04-14 12:00:00,1,36,20160414121,12,3
2016-04-14 13:00:00,1,36,20160414131,13,3
2016-04-14 14:00:00,1,42,20160414141,14,3
2016-04-14 15:00:00,1,43,20160414151,15,3
2016-04-14 16:00:00,1,45,20160414161,16,3
2016-04-14 17:00:00,1,47,20160414171,17,3
2016-04-14 18:00:00,1,45,20160414181,18,3
2016-04-14 19:00:00,1,45,20160414191,19,3
2016-04-14 20:00:00,1,37,20160414201,20,3
2016-04-14 21:00:00,1,36,20160414211,21,3
2016-04-14 22:00:00,1,35,20160414221,22,3
2016-04-14 23:00:00,1,36,20160414231,23,3
2016-04-15 00:00:00,1,32,20160415001,0,4
2016-04-15 01:00:00,1,29,20160415011,1,4
2016-04-15 02:00:00,1,23,20160415021,2,4
2016-04-15 03:00:00,1,21,20160415031,3,4
2016-04-15 04:00:00,1,18,20160415041,4,4
2016-04-15 05:00:00,1,16,20160415051,5,4
2016-04-15 06:00:00,1,15,20160415061,6,4
2016-04-15 07:00:00,1,22,20160415071,7,4
2016-04-15 08:00:00,1,20,20160415081,8,4
2016-04-15 09:00:00,1,33,20160415091,9,4
2016-04-15 10:00:00,1,39,20160415101,10,4
2016-04-15 11:00:00,1,42,20160415111,11,4
2016-04-15 12:00:00,1,44,20160415121,12,4
2016-04-15 13:00:00,1,38,20160415131,13,4
2016-04-15 14:00:00,1,42,20160415141,14,4
2016-04-15 15:00:00,1,36,20160415151,15,4
2016-04-15 16:00:00,1,40,20160415161,16,4
2016-04-15 17:00:00,1,37,20160415171,17,4
2016-04-15 18:00:00,1,37,20160415181,18,4
2016-04-15 19:00:00,1,40,20160415191,19,4
2016-04-15 20:00:00,1,37,20160415201,20,4
2016-04-15 21:00:00,1,40,20160415211,21,4
2016-04-15 22:00:00,1,34,20160415221,22,4
2016-04-15 23:00:00,1,33,20160415231,23,4
2016-04-16 00:00:00,1,33,20160416001,0,5
2016-04-16 01:00:00,1,24,20160416011,1,5
2016-04-16 02:00:00,1,24,20160416021,2,5
2016-04-16 03:00:00,1,21,20160416031,3,5
2016-04-16 04:00:00,1,15,20160416041,4,5
2016-04-16 05:00:00,1,14,20160416051,5,5
2016-04-16 06:00:00,1,14,20160416061,6,5
2016-04-16 07:00:00,1,17,20160416071,7,5
2016-04-16 08:00:00,1,15,20160416081,8,5
2016-04-16 09:00:00,1,21,20160416091,9,5
2016-04-16 10:00:00,1,28,20160416101,10,5
2016-04-16 11:00:00,1,26,20160416111,11,5
2016-04-16 12:00:00,1,26,20160416121,12,5
2016-04-16 13:00:00,1,24,20160416131,13,5
2016-04-16 14:00:00,1,22,20160416141,14,5
2016-04-16 15:00:00,1,22,20160416151,15,5
2016-04-16 16:00:00,1,23,20160416161,16,5
2016-04-16 17:00:00,1,20,20160416171,17,5
2016-04-16 18:00:00,1,25,20160416181,18,5
2016-04-16 19:00:00,1,32,20160416191,19,5
2016-04-16 20:00:00,1,28,20160416201,20,5
2016-04-16 21:00:00,1,27,20160416211,21,5
2016-04-16 22:00:00,1,28,20160416221,22,5
2016-04-16 23:00:00,1,25,20160416231,23,5
2016-04-17 00:00:00,1,25,20160417001,0,6
2016-04-17 01:00:00,1,25,20160417011,1,6
2016-04-17 02:00:00,1,18,20160417021,2,6
2016-04-17 03:00:00,1,15,20160417031,3,6
2016-04-17 04:00:00,1,13,20160417041,4,6
2016-04-17 05:00:00,1,13,20160417051,5,6
2016-04-17 06:00:00,1,15,20160417061,6,6
2016-04-17 07:00:00,1,13,20160417071,7,6
2016-04-17 08:00:00,1,20,20160417081,8,6
2016-04-17 09:00:00,1,23,20160417091,9,6
2016-04-17 10:00:00,1,23,20160417101,10,6
2016-04-17 11:00:00,1,26,20160417111,11,6
2016-04-17 12:00:00,1,26,20160417121,12,6
2016-04-17 13:00:00,1,24,20160417131,13,6
2016-04-17 14:00:00,1,26,20160417141,14,6
2016-04-17 15:00:00,1,24,20160417151,15,6
2016-04-17 16:00:00,1,27,20160417161,16,6
2016-04-17 17:00:00,1,30,20160417171,17,6
2016-04-17 18:00:00,1,28,20160417181,18,6
2016-04-17 19:00:00,1,33,20160417191,19,6
2016-04-17 20:00:00,1,29,20160417201,20,6
2016-04-17 21:00:00,1,30,20160417211,21,6
2016-04-17 22:00:00,1,29,20160417221,22,6
2016-04-17 23:00:00,1,27,20160417231,23,6
2016-04-18 00:00:00,1,30,20160418001,0,0
2016-04-18 01:00:00,1,24,20160418011,1,0
2016-04-18 02:00:00,1,20,20160418021,2,0
2016-04-18 03:00:00,1,18,20160418031,3,0
2016-04-18 04:00:00,1,16,20160418041,4,0
2016-04-18 05:00:00,1,15,20160418051,5,0
2016-04-18 06:00:00,1,20,20160418061,6,0
2016-04-18 07:00:00,1,20,20160418071,7,0
2016-04-18 08:00:00,1,26,20160418081,8,0
2016-04-18 09:00:00,1,36,20160418091,9,0
2016-04-18 10:00:00,1,45,20160418101,10,0
2016-04-18 11:00:00,1,47,20160418111,11,0
2016-04-18 12:00:00,1,49,20160418121,12,0
2016-04-18 13:00:00,1,48,20160418131,13,0
2016-04-18 14:00:00,1,47,20160418141,14,0
2016-04-18 15:00:00,1,48,20160418151,15,0
2016-04-18 16:00:00,1,45,20160418161,16,0
2016-04-18 17:00:00,1,45,20160418171,17,0
2016-04-18 18:00:00,1,47,20160418181,18,0
2016-04-18 19:00:00,1,48,20160418191,19,0
2016-04-18 20:00:00,1,45,20160418201,20,0
2016-04-18 21:00:00,1,43,20160418211,21,0
2016-04-18 22:00:00,1,43,20160418221,22,0
2016-04-18 23:00:00,1,41,20160418231,23,0
2016-04-19 00:00:00,1,37,20160419001,0,1
2016-04-19 01:00:00,1,34,20160419011,1,1
2016-04-19 02:00:00,1,31,20160419021,2,1
2016-04-19 03:00:00,1,27,20160419031,3,1
2016-04-19 04:00:00,1,22,20160419041,4,1
2016-04-19 05:00:00,1,27,20160419051,5,1
2016-04-19 06:00:00,1,23,20160419061,6,1
2016-04-19 07:00:00,1,27,20160419071,7,1
2016-04-19 08:00:00,1,32,20160419081,8,1
2016-04-19 09:00:00,1,32,20160419091,9,1
2016-04-19 10:00:00,1,38,20160419101,10,1
2016-04-19 11:00:00,1,45,20160419111,11,1
2016-04-19 12:00:00,1,46,20160419121,12,1
2016-04-19 13:00:00,1,37,20160419131,13,1
2016-04-19 14:00:00,1,43,20160419141,14,1
2016-04-19 15:00:00,1,44,20160419151,15,1
2016-04-19 16:00:00,1,44,20160419161,16,1
2016-04-19 17:00:00,1,44,20160419171,17,1
2016-04-19 18:00:00,1,44,20160419181,18,1
2016-04-19 19:00:00,1,45,20160419191,19,1
2016-04-19 20:00:00,1,41,20160419201,20,1
2016-04-19 21:00:00,1,42,20160419211,21,1
2016-04-19 22:00:00,1,40,20160419221,22,1
2016-04-19 23:00:00,1,39,20160419231,23,1
2016-04-20 00:00:00,1,35,20160420001,0,2
2016-04-20 01:00:00,1,32,20160420011,1,2
2016-04-20 02:00:00,1,27,20160420021,2,2
2016-04-20 03:00:00,1,21,20160420031,3,2
2016-04-20 04:00:00,1,19,20160420041,4,2
2016-04-20 05:00:00,1,18,20160420051,5,2
2016-04-20 06:00:00,1,20,20160420061,6,2
2016-04-20 07:00:00,1,25,20160420071,7,2
2016-04-20 08:00:00,1,25,20160420081,8,2
2016-04-20 09:00:00,1,29,20160420091,9,2
2016-04-20 10:00:00,1,35,20160420101,10,2
2016-04-20 11:00:00,1,44,20160420111,11,2
2016-04-20 12:00:00,1,42,20160420121,12,2
2016-04-20 13:00:00,1,36,20160420131,13,2
2016-04-20 14:00:00,1,42,20160420141,14,2
2016-04-20 15:00:00,1,41,20160420151,15,2
2016-04-20 16:00:00,1,41,20160420161,16,2
2016-04-20 17:00:00,1,40,20160420171,17,2
2016-04-20 18:00:00,1,39,20160420181,18,2
2016-04-20 19:00:00,1,43,20160420191,19,2
2016-04-20 20:00:00,1,40,20160420201,20,2
2016-04-20 21:00:00,1,38,20160420211,21,2
2016-04-20 22:00:00,1,35,20160420221,22,2
2016-04-20 23:00:00,1,31,20160420231,23,2
2016-04-21 00:00:00,1,34,20160421001,0,3
2016-04-21 01:00:00,1,29,20160421011,1,3
2016-04-21 02:00:00,1,25,20160421021,2,3
2016-04-21 03:00:00,1,19,20160421031,3,3
2016-04-21 04:00:00,1,17,20160421041,4,3
2016-04-21 05:00:00,1,18,20160421051,5,3
2016-04-21 06:00:00,1,20,20160421061,6,3
2016-04-21 07:00:00,1,25,20160421071,7,3
2016-04-21 08:00:00,1,21,20160421081,8,3
2016-04-21 09:00:00,1,29,20160421091,9,3
2016-04-21 10:00:00,1,43,20160421101,10,3
2016-04-21 11:00:00,1,45,20160421111,11,3
2016-04-21 12:00:00,1,43,20160421121,12,3
2016-04-21 13:00:00,1,40,20160421131,13,3
2016-04-21 14:00:00,1,41,20160421141,14,3
2016-04-21 15:00:00,1,40,20160421151,15,3
2016-04-21 16:00:00,1,39,20160421161,16,3
2016-04-21 17:00:00,1,39,20160421171,17,3
2016-04-21 18:00:00,1,41,20160421181,18,3
2016-04-21 19:00:00,1,40,20160421191,19,3
2016-04-21 20:00:00,1,38,20160421201,20,3
2016-04-21 21:00:00,1,39,20160421211,21,3
2016-04-21 22:00:00,1,32,20160421221,22,3
2016-04-21 23:00:00,1,35,20160421231,23,3
2016-04-22 00:00:00,1,29,20160422001,0,4
2016-04-22 01:00:00,1,25,20160422011,1,4
2016-04-22 02:00:00,1,24,20160422021,2,4
2016-04-22 03:00:00,1,20,20160422031,3,4
2016-04-22 04:00:00,1,18,20160422041,4,4
2016-04-22 05:00:00,1,13,20160422051,5,4
2016-04-22 06:00:00,1,17,20160422061,6,4
2016-04-22 07:00:00,1,21,20160422071,7,4
2016-04-22 08:00:00,1,20,20160422081,8,4
2016-04-22 09:00:00,1,27,20160422091,9,4
2016-04-22 10:00:00,1,37,20160422101,10,4
2016-04-22 11:00:00,1,39,20160422111,11,4
2016-04-22 12:00:00,1,41,20160422121,12,4
2016-04-22 13:00:00,1,40,20160422131,13,4
2016-04-22 14:00:00,1,41,20160422141,14,4
2016-04-22 15:00:00,1,41,20160422151,15,4
2016-04-22 16:00:00,1,37,20160422161,16,4
2016-04-22 17:00:00,1,35,20160422171,17,4
2016-04-22 18:00:00,1,38,20160422181,18,4
2016-04-22 19:00:00,1,39,20160422191,19,4
2016-04-22 20:00:00,1,37,20160422201,20,4
2016-04-22 21:00:00,1,38,20160422211,21,4
2016-04-22 22:00:00,1,34,20160422221,22,4
2016-04-22 23:00:00,1,33,20160422231,23,4
2016-04-23 00:00:00,1,32,20160423001,0,5
2016-04-23 01:00:00,1,28,20160423011,1,5
2016-04-23 02:00:00,1,22,20160423021,2,5
2016-04-23 03:00:00,1,18,20160423031,3,5
2016-04-23 04:00:00,1,14,20160423041,4,5
2016-04-23 05:00:00,1,14,20160423051,5,5
2016-04-23 06:00:00,1,16,20160423061,6,5
2016-04-23 07:00:00,1,18,20160423071,7,5
2016-04-23 08:00:00,1,18,20160423081,8,5
2016-04-23 09:00:00,1,22,20160423091,9,5
2016-04-23 10:00:00,1,29,20160423101,10,5
2016-04-23 11:00:00,1,31,20160423111,11,5
2016-04-23 12:00:00,1,30,20160423121,12,5
2016-04-23 13:00:00,1,25,20160423131,13,5
2016-04-23 14:00:00,1,27,20160423141,14,5
2016-04-23 15:00:00,1,25,20160423151,15,5
2016-04-23 16:00:00,1,23,20160423161,16,5
2016-04-23 17:00:00,1,24,20160423171,17,5
2016-04-23 18:00:00,1,30,20160423181,18,5
2016-04-23 19:00:00,1,31,20160423191,19,5
2016-04-23 20:00:00,1,34,20160423201,20,5
2016-04-23 21:00:00,1,28,20160423211,21,5
2016-04-23 22:00:00,1,29,20160423221,22,5
2016-04-23 23:00:00,1,32,20160423231,23,5
2016-04-24 00:00:00,1,30,20160424001,0,6
2016-04-24 01:00:00,1,25,20160424011,1,6
2016-04-24 02:00:00,1,21,20160424021,2,6
2016-04-24 03:00:00,1,17,20160424031,3,6
2016-04-24 04:00:00,1,16,20160424041,4,6
2016-04-24 05:00:00,1,11,20160424051,5,6
2016-04-24 06:00:00,1,14,20160424061,6,6
2016-04-24 07:00:00,1,15,20160424071,7,6
2016-04-24 08:00:00,1,18,20160424081,8,6
2016-04-24 09:00:00,1,24,20160424091,9,6
2016-04-24 10:00:00,1,23,20160424101,10,6
2016-04-24 11:00:00,1,26,20160424111,11,6
2016-04-24 12:00:00,1,27,20160424121,12,6
2016-04-24 13:00:00,1,28,20160424131,13,6
2016-04-24 14:00:00,1,23,20160424141,14,6
2016-04-24 15:00:00,1,23,20160424151,15,6
2016-04-24 16:00:00,1,25,20160424161,16,6
2016-04-24 17:00:00,1,24,20160424171,17,6
2016-04-24 18:00:00,1,35,20160424181,18,6
2016-04-24 19:00:00,1,37,20160424191,19,6
2016-04-24 20:00:00,1,35,20160424201,20,6
2016-04-24 21:00:00,1,34,20160424211,21,6
2016-04-24 22:00:00,1,31,20160424221,22,6
2016-04-24 23:00:00,1,34,20160424231,23,6
2016-04-25 00:00:00,1,31,20160425001,0,0
2016-04-25 01:00:00,1,24,20160425011,1,0
2016-04-25 02:00:00,1,22,20160425021,2,0
2016-04-25 03:00:00,1,16,20160425031,3,0
2016-04-25 04:00:00,1,20,20160425041,4,0
2016-04-25 05:00:00,1,17,20160425051,5,0
2016-04-25 06:00:00,1,17,20160425061,6,0
2016-04-25 07:00:00,1,23,20160425071,7,0
2016-04-25 08:00:00,1,29,20160425081,8,0
2016-04-25 09:00:00,1,47,20160425091,9,0
2016-04-25 10:00:00,1,62,20160425101,10,0
2016-04-25 11:00:00,1,61,20160425111,11,0
2016-04-25 12:00:00,1,56,20160425121,12,0
2016-04-25 13:00:00,1,48,20160425131,13,0
2016-04-25 14:00:00,1,50,20160425141,14,0
2016-04-25 15:00:00,1,51,20160425151,15,0
2016-04-25 16:00:00,1,50,20160425161,16,0
2016-04-25 17:00:00,1,52,20160425171,17,0
2016-04-25 18:00:00,1,52,20160425181,18,0
2016-04-25 19:00:00,1,49,20160425191,19,0
2016-04-25 20:00:00,1,48,20160425201,20,0
2016-04-25 21:00:00,1,40,20160425211,21,0
2016-04-25 22:00:00,1,43,20160425221,22,0
2016-04-25 23:00:00,1,42,20160425231,23,0
2016-04-26 00:00:00,1,39,20160426001,0,1
2016-04-26 01:00:00,1,34,20160426011,1,1
2016-04-26 02:00:00,1,32,20160426021,2,1
2016-04-26 03:00:00,1,25,20160426031,3,1
2016-04-26 04:00:00,1,16,20160426041,4,1
2016-04-26 05:00:00,1,21,20160426051,5,1
2016-04-26 06:00:00,1,25,20160426061,6,1
2016-04-26 07:00:00,1,28,20160426071,7,1
2016-04-26 08:00:00,1,26,20160426081,8,1
2016-04-26 09:00:00,1,29,20160426091,9,1
2016-04-26 10:00:00,1,40,20160426101,10,1
2016-04-26 11:00:00,1,39,20160426111,11,1
2016-04-26 12:00:00,1,43,20160426121,12,1
2016-04-26 13:00:00,1,36,20160426131,13,1
2016-04-26 14:00:00,1,44,20160426141,14,1
2016-04-26 15:00:00,1,44,20160426151,15,1
2016-04-26 16:00:00,1,44,20160426161,16,1
2016-04-26 17:00:00,1,41,20160426171,17,1
2016-04-26 18:00:00,1,43,20160426181,18,1
2016-04-26 19:00:00,1,47,20160426191,19,1
2016-04-26 20:00:00,1,40,20160426201,20,1
2016-04-26 21:00:00,1,36,20160426211,21,1
2016-04-26 22:00:00,1,34,20160426221,22,1
2016-04-26 23:00:00,1,36,20160426231,23,1
2016-04-27 00:00:00,1,32,20160427001,0,2
2016-04-27 01:00:00,1,29,20160427011,1,2
2016-04-27 02:00:00,1,26,20160427021,2,2
2016-04-27 03:00:00,1,21,20160427031,3,2
2016-04-27 04:00:00,1,16,20160427041,4,2
2016-04-27 05:00:00,1,16,20160427051,5,2
2016-04-27 06:00:00,1,21,20160427061,6,2
2016-04-27 07:00:00,1,26,20160427071,7,2
2016-04-27 08:00:00,1,27,20160427081,8,2
2016-04-27 09:00:00,1,31,20160427091,9,2
2016-04-27 10:00:00,1,40,20160427101,10,2
2016-04-27 11:00:00,1,40,20160427111,11,2
2016-04-27 12:00:00,1,43,20160427121,12,2
2016-04-27 13:00:00,1,37,20160427131,13,2
2016-04-27 14:00:00,1,40,20160427141,14,2
2016-04-27 15:00:00,1,39,20160427151,15,2
2016-04-27 16:00:00,1,38,20160427161,16,2
2016-04-27 17:00:00,1,36,20160427171,17,2
2016-04-27 18:00:00,1,45,20160427181,18,2
2016-04-27 19:00:00,1,44,20160427191,19,2
2016-04-27 20:00:00,1,43,20160427201,20,2
2016-04-27 21:00:00,1,37,20160427211,21,2
2016-04-27 22:00:00,1,39,20160427221,22,2
2016-04-27 23:00:00,1,35,20160427231,23,2
2016-04-28 00:00:00,1,37,20160428001,0,3
2016-04-28 01:00:00,1,27,20160428011,1,3
2016-04-28 02:00:00,1,23,20160428021,2,3
2016-04-28 03:00:00,1,24,20160428031,3,3
2016-04-28 04:00:00,1,18,20160428041,4,3
2016-04-28 05:00:00,1,17,20160428051,5,3
2016-04-28 06:00:00,1,21,20160428061,6,3
2016-04-28 07:00:00,1,25,20160428071,7,3
2016-04-28 08:00:00,1,27,20160428081,8,3
2016-04-28 09:00:00,1,36,20160428091,9,3
2016-04-28 10:00:00,1,50,20160428101,10,3
2016-04-28 11:00:00,1,53,20160428111,11,3
2016-04-28 12:00:00,1,54,20160428121,12,3
2016-04-28 13:00:00,1,41,20160428131,13,3
2016-04-28 14:00:00,1,46,20160428141,14,3
2016-04-28 15:00:00,1,39,20160428151,15,3
2016-04-28 16:00:00,1,42,20160428161,16,3
2016-04-28 17:00:00,1,41,20160428171,17,3
2016-04-28 18:00:00,1,43,20160428181,18,3
2016-04-28 19:00:00,1,42,20160428191,19,3
2016-04-28 20:00:00,1,39,20160428201,20,3
2016-04-28 21:00:00,1,38,20160428211,21,3
2016-04-28 22:00:00,1,36,20160428221,22,3
2016-04-28 23:00:00,1,38,20160428231,23,3
2016-04-29 00:00:00,1,39,20160429001,0,4
2016-04-29 01:00:00,1,29,20160429011,1,4
2016-04-29 02:00:00,1,25,20160429021,2,4
2016-04-29 03:00:00,1,20,20160429031,3,4
2016-04-29 04:00:00,1,17,20160429041,4,4
2016-04-29 05:00:00,1,17,20160429051,5,4
2016-04-29 06:00:00,1,20,20160429061,6,4
2016-04-29 07:00:00,1,26,20160429071,7,4
2016-04-29 08:00:00,1,27,20160429081,8,4
2016-04-29 09:00:00,1,30,20160429091,9,4
2016-04-29 10:00:00,1,41,20160429101,10,4
2016-04-29 11:00:00,1,40,20160429111,11,4
2016-04-29 12:00:00,1,41,20160429121,12,4
2016-04-29 13:00:00,1,38,20160429131,13,4
2016-04-29 14:00:00,1,43,20160429141,14,4
2016-04-29 15:00:00,1,38,20160429151,15,4
2016-04-29 16:00:00,1,41,20160429161,16,4
2016-04-29 17:00:00,1,37,20160429171,17,4
2016-04-29 18:00:00,1,40,20160429181,18,4
2016-04-29 19:00:00,1,39,20160429191,19,4
2016-04-29 20:00:00,1,40,20160429201,20,4
2016-04-29 21:00:00,1,35,20160429211,21,4
2016-04-29 22:00:00,1,35,20160429221,22,4
2016-04-29 23:00:00,1,33,20160429231,23,4
2016-04-30 00:00:00,1,31,20160430001,0,5
2016-04-30 01:00:00,1,28,20160430011,1,5
2016-04-30 02:00:00,1,23,20160430021,2,5
2016-04-30 03:00:00,1,15,20160430031,3,5
2016-04-30 04:00:00,1,15,20160430041,4,5
2016-04-30 05:00:00,1,16,20160430051,5,5
2016-04-30 06:00:00,1,17,20160430061,6,5
2016-04-30 07:00:00,1,14,20160430071,7,5
2016-04-30 08:00:00,1,21,20160430081,8,5
2016-04-30 09:00:00,1,21,20160430091,9,5
2016-04-30 10:00:00,1,21,20160430101,10,5
2016-04-30 11:00:00,1,26,20160430111,11,5
2016-04-30 12:00:00,1,27,20160430121,12,5
2016-04-30 13:00:00,1,25,20160430131,13,5
2016-04-30 14:00:00,1,21,20160430141,14,5
2016-04-30 15:00:00,1,21,20160430151,15,5
2016-04-30 16:00:00,1,23,20160430161,16,5
2016-04-30 17:00:00,1,22,20160430171,17,5
2016-04-30 18:00:00,1,26,20160430181,18,5
2016-04-30 19:00:00,1,29,20160430191,19,5
2016-04-30 20:00:00,1,28,20160430201,20,5
2016-04-30 21:00:00,1,24,20160430211,21,5
2016-04-30 22:00:00,1,25,20160430221,22,5
2016-04-30 23:00:00,1,28,20160430231,23,5
2016-05-01 00:00:00,1,25,20160501001,0,6
2016-05-01 01:00:00,1,23,20160501011,1,6
2016-05-01 02:00:00,1,20,20160501021,2,6
2016-05-01 03:00:00,1,16,20160501031,3,6
2016-05-01 04:00:00,1,13,20160501041,4,6
2016-05-01 05:00:00,1,14,20160501051,5,6
2016-05-01 06:00:00,1,13,20160501061,6,6
2016-05-01 07:00:00,1,18,20160501071,7,6
2016-05-01 08:00:00,1,18,20160501081,8,6
2016-05-01 09:00:00,1,20,20160501091,9,6
2016-05-01 10:00:00,1,30,20160501101,10,6
2016-05-01 11:00:00,1,27,20160501111,11,6
2016-05-01 12:00:00,1,27,20160501121,12,6
2016-05-01 13:00:00,1,24,20160501131,13,6
2016-05-01 14:00:00,1,24,20160501141,14,6
2016-05-01 15:00:00,1,28,20160501151,15,6
2016-05-01 16:00:00,1,26,20160501161,16,6
2016-05-01 17:00:00,1,25,20160501171,17,6
2016-05-01 18:00:00,1,25,20160501181,18,6
2016-05-01 19:00:00,1,31,20160501191,19,6
2016-05-01 20:00:00,1,30,20160501201,20,6
2016-05-01 21:00:00,1,27,20160501211,21,6
2016-05-01 22:00:00,1,31,20160501221,22,6
2016-05-01 23:00:00,1,29,20160501231,23,6
2016-05-02 00:00:00,1,27,20160502001,0,0
2016-05-02 01:00:00,1,22,20160502011,1,0
2016-05-02 02:00:00,1,16,20160502021,2,0
2016-05-02 03:00:00,1,16,20160502031,3,0
2016-05-02 04:00:00,1,19,20160502041,4,0
2016-05-02 05:00:00,1,18,20160502051,5,0
2016-05-02 06:00:00,1,18,20160502061,6,0
2016-05-02 07:00:00,1,24,20160502071,7,0
2016-05-02 08:00:00,1,25,20160502081,8,0
2016-05-02 09:00:00,1,29,20160502091,9,0
2016-05-02 10:00:00,1,33,20160502101,10,0
2016-05-02 11:00:00,1,42,20160502111,11,0
2016-05-02 12:00:00,1,41,20160502121,12,0
2016-05-02 13:00:00,1,37,20160502131,13,0
2016-05-02 14:00:00,1,40,20160502141,14,0
2016-05-02 15:00:00,1,39,20160502151,15,0
2016-05-02 16:00:00,1,36,20160502161,16,0
2016-05-02 17:00:00,1,41,20160502171,17,0
2016-05-02 18:00:00,1,41,20160502181,18,0
2016-05-02 19:00:00,1,47,20160502191,19,0
2016-05-02 20:00:00,1,45,20160502201,20,0
2016-05-02 21:00:00,1,39,20160502211,21,0
2016-05-02 22:00:00,1,36,20160502221,22,0
2016-05-02 23:00:00,1,39,20160502231,23,0
2016-05-03 00:00:00,1,36,20160503001,0,1
2016-05-03 01:00:00,1,31,20160503011,1,1
2016-05-03 02:00:00,1,21,20160503021,2,1
2016-05-03 03:00:00,1,20,20160503031,3,1
2016-05-03 04:00:00,1,19,20160503041,4,1
2016-05-03 05:00:00,1,19,20160503051,5,1
2016-05-03 06:00:00,1,21,20160503061,6,1
2016-05-03 07:00:00,1,25,20160503071,7,1
2016-05-03 08:00:00,1,24,20160503081,8,1
2016-05-03 09:00:00,1,30,20160503091,9,1
2016-05-03 10:00:00,1,39,20160503101,10,1
2016-05-03 11:00:00,1,55,20160503111,11,1
2016-05-03 12:00:00,1,57,20160503121,12,1
2016-05-03 13:00:00,1,48,20160503131,13,1
2016-05-03 14:00:00,1,51,20160503141,14,1
2016-05-03 15:00:00,1,47,20160503151,15,1
2016-05-03 16:00:00,1,47,20160503161,16,1
2016-05-03 17:00:00,1,44,20160503171,17,1
2016-05-03 18:00:00,1,48,20160503181,18,1
2016-05-03 19:00:00,1,51,20160503191,19,1
2016-05-03 20:00:00,1,46,20160503201,20,1
2016-05-03 21:00:00,1,44,20160503211,21,1
2016-05-03 22:00:00,1,41,20160503221,22,1
2016-05-03 23:00:00,1,38,20160503231,23,1
2016-05-04 00:00:00,1,34,20160504001,0,2
2016-05-04 01:00:00,1,29,20160504011,1,2
2016-05-04 02:00:00,1,23,20160504021,2,2
2016-05-04 03:00:00,1,22,20160504031,3,2
2016-05-04 04:00:00,1,20,20160504041,4,2
2016-05-04 05:00:00,1,17,20160504051,5,2
2016-05-04 06:00:00,1,19,20160504061,6,2
2016-05-04 07:00:00,1,24,20160504071,7,2
2016-05-04 08:00:00,1,25,20160504081,8,2
2016-05-04 09:00:00,1,30,20160504091,9,2
2016-05-04 10:00:00,1,42,20160504101,10,2
2016-05-04 11:00:00,1,45,20160504111,11,2
2016-05-04 12:00:00,1,47,20160504121,12,2
2016-05-04 13:00:00,1,40,20160504131,13,2
2016-05-04 14:00:00,1,45,20160504141,14,2
2016-05-04 15:00:00,1,43,20160504151,15,2
2016-05-04 16:00:00,1,42,20160504161,16,2
2016-05-04 17:00:00,1,40,20160504171,17,2
2016-05-04 18:00:00,1,41,20160504181,18,2
2016-05-04 19:00:00,1,45,20160504191,19,2
2016-05-04 20:00:00,1,41,20160504201,20,2
2016-05-04 21:00:00,1,37,20160504211,21,2
2016-05-04 22:00:00,1,39,20160504221,22,2
2016-05-04 23:00:00,1,39,20160504231,23,2
2016-05-05 00:00:00,1,35,20160505001,0,3
2016-05-05 01:00:00,1,30,20160505011,1,3
2016-05-05 02:00:00,1,25,20160505021,2,3
2016-05-05 03:00:00,1,20,20160505031,3,3
2016-05-05 04:00:00,1,21,20160505041,4,3
2016-05-05 05:00:00,1,19,20160505051,5,3
2016-05-05 06:00:00,1,19,20160505061,6,3
2016-05-05 07:00:00,1,27,20160505071,7,3
2016-05-05 08:00:00,1,25,20160505081,8,3
2016-05-05 09:00:00,1,31,20160505091,9,3
2016-05-05 10:00:00,1,37,20160505101,10,3
2016-05-05 11:00:00,1,54,20160505111,11,3
2016-05-05 12:00:00,1,46,20160505121,12,3
2016-05-05 13:00:00,1,41,20160505131,13,3
2016-05-05 14:00:00,1,45,20160505141,14,3
2016-05-05 15:00:00,1,43,20160505151,15,3
2016-05-05 16:00:00,1,43,20160505161,16,3
2016-05-05 17:00:00,1,41,20160505171,17,3
2016-05-05 18:00:00,1,44,20160505181,18,3
2016-05-05 19:00:00,1,38,20160505191,19,3
2016-05-05 20:00:00,1,42,20160505201,20,3
2016-05-05 21:00:00,1,34,20160505211,21,3
2016-05-05 22:00:00,1,36,20160505221,22,3
2016-05-05 23:00:00,1,34,20160505231,23,3
2016-05-06 00:00:00,1,33,20160506001,0,4
2016-05-06 01:00:00,1,35,20160506011,1,4
2016-05-06 02:00:00,1,36,20160506021,2,4
2016-05-06 03:00:00,1,29,20160506031,3,4
2016-05-06 04:00:00,1,28,20160506041,4,4
2016-05-06 05:00:00,1,26,20160506051,5,4
2016-05-06 06:00:00,1,30,20160506061,6,4
2016-05-06 07:00:00,1,30,20160506071,7,4
2016-05-06 08:00:00,1,34,20160506081,8,4
2016-05-06 09:00:00,1,35,20160506091,9,4
2016-05-06 10:00:00,1,63,20160506101,10,4
2016-05-06 11:00:00,1,61,20160506111,11,4
2016-05-06 12:00:00,1,58,20160506121,12,4
2016-05-06 13:00:00,1,46,20160506131,13,4
2016-05-06 14:00:00,1,48,20160506141,14,4
2016-05-06 15:00:00,1,46,20160506151,15,4
2016-05-06 16:00:00,1,43,20160506161,16,4
2016-05-06 17:00:00,1,47,20160506171,17,4
2016-05-06 18:00:00,1,48,20160506181,18,4
2016-05-06 19:00:00,1,46,20160506191,19,4
2016-05-06 20:00:00,1,45,20160506201,20,4
2016-05-06 21:00:00,1,40,20160506211,21,4
2016-05-06 22:00:00,1,35,20160506221,22,4
2016-05-06 23:00:00,1,36,20160506231,23,4
2016-05-07 00:00:00,1,33,20160507001,0,5
2016-05-07 01:00:00,1,31,20160507011,1,5
2016-05-07 02:00:00,1,22,20160507021,2,5
2016-05-07 03:00:00,1,21,20160507031,3,5
2016-05-07 04:00:00,1,18,20160507041,4,5
2016-05-07 05:00:00,1,17,20160507051,5,5
2016-05-07 06:00:00,1,17,20160507061,6,5
2016-05-07 07:00:00,1,19,20160507071,7,5
2016-05-07 08:00:00,1,20,20160507081,8,5
2016-05-07 09:00:00,1,21,20160507091,9,5
2016-05-07 10:00:00,1,32,20160507101,10,5
2016-05-07 11:00:00,1,30,20160507111,11,5
2016-05-07 12:00:00,1,29,20160507121,12,5
2016-05-07 13:00:00,1,26,20160507131,13,5
2016-05-07 14:00:00,1,28,20160507141,14,5
2016-05-07 15:00:00,1,27,20160507151,15,5
2016-05-07 16:00:00,1,26,20160507161,16,5
2016-05-07 17:00:00,1,26,20160507171,17,5
2016-05-07 18:00:00,1,27,20160507181,18,5
2016-05-07 19:00:00,1,30,20160507191,19,5
2016-05-07 20:00:00,1,27,20160507201,20,5
2016-05-07 21:00:00,1,25,20160507211,21,5
2016-05-07 22:00:00,1,30,20160507221,22,5
2016-05-07 23:00:00,1,30,20160507231,23,5
2016-05-08 00:00:00,1,30,20160508001,0,6
2016-05-08 01:00:00,1,22,20160508011,1,6
2016-05-08 02:00:00,1,23,20160508021,2,6
2016-05-08 03:00:00,1,15,20160508031,3,6
2016-05-08 04:00:00,1,16,20160508041,4,6
2016-05-08 05:00:00,1,16,20160508051,5,6
2016-05-08 06:00:00,1,16,20160508061,6,6
2016-05-08 07:00:00,1,20,20160508071,7,6
2016-05-08 08:00:00,1,29,20160508081,8,6
2016-05-08 09:00:00,1,32,20160508091,9,6
2016-05-08 10:00:00,1,35,20160508101,10,6
2016-05-08 11:00:00,1,36,20160508111,11,6
2016-05-08 12:00:00,1,35,20160508121,12,6
2016-05-08 13:00:00,1,34,20160508131,13,6
2016-05-08 14:00:00,1,31,20160508141,14,6
2016-05-08 15:00:00,1,30,20160508151,15,6
2016-05-08 16:00:00,1,30,20160508161,16,6
2016-05-08 17:00:00,1,32,20160508171,17,6
2016-05-08 18:00:00,1,36,20160508181,18,6
2016-05-08 19:00:00,1,37,20160508191,19,6
2016-05-08 20:00:00,1,39,20160508201,20,6
2016-05-08 21:00:00,1,32,20160508211,21,6
2016-05-08 22:00:00,1,31,20160508221,22,6
2016-05-08 23:00:00,1,33,20160508231,23,6
2016-05-09 00:00:00,1,35,20160509001,0,0
2016-05-09 01:00:00,1,29,20160509011,1,0
2016-05-09 02:00:00,1,23,20160509021,2,0
2016-05-09 03:00:00,1,23,20160509031,3,0
2016-05-09 04:00:00,1,15,20160509041,4,0
2016-05-09 05:00:00,1,18,20160509051,5,0
2016-05-09 06:00:00,1,22,20160509061,6,0
2016-05-09 07:00:00,1,27,20160509071,7,0
2016-05-09 08:00:00,1,28,20160509081,8,0
2016-05-09 09:00:00,1,35,20160509091,9,0
2016-05-09 10:00:00,1,52,20160509101,10,0
2016-05-09 11:00:00,1,64,20160509111,11,0
2016-05-09 12:00:00,1,63,20160509121,12,0
2016-05-09 13:00:00,1,49,20160509131,13,0
2016-05-09 14:00:00,1,53,20160509141,14,0
2016-05-09 15:00:00,1,52,20160509151,15,0
2016-05-09 16:00:00,1,51,20160509161,16,0
2016-05-09 17:00:00,1,53,20160509171,17,0
2016-05-09 18:00:00,1,52,20160509181,18,0
2016-05-09 19:00:00,1,50,20160509191,19,0
2016-05-09 20:00:00,1,48,20160509201,20,0
2016-05-09 21:00:00,1,42,20160509211,21,0
2016-05-09 22:00:00,1,44,20160509221,22,0
2016-05-09 23:00:00,1,42,20160509231,23,0
2016-05-10 00:00:00,1,45,20160510001,0,1
2016-05-10 01:00:00,1,34,20160510011,1,1
2016-05-10 02:00:00,1,27,20160510021,2,1
2016-05-10 03:00:00,1,25,20160510031,3,1
2016-05-10 04:00:00,1,18,20160510041,4,1
2016-05-10 05:00:00,1,22,20160510051,5,1
2016-05-10 06:00:00,1,22,20160510061,6,1
2016-05-10 07:00:00,1,26,20160510071,7,1
2016-05-10 08:00:00,1,27,20160510081,8,1
2016-05-10 09:00:00,1,34,20160510091,9,1
2016-05-10 10:00:00,1,49,20160510101,10,1
2016-05-10 11:00:00,1,57,20160510111,11,1
2016-05-10 12:00:00,1,56,20160510121,12,1
2016-05-10 13:00:00,1,47,20160510131,13,1
2016-05-10 14:00:00,1,50,20160510141,14,1
2016-05-10 15:00:00,1,51,20160510151,15,1
2016-05-10 16:00:00,1,54,20160510161,16,1
2016-05-10 17:00:00,1,53,20160510171,17,1
2016-05-10 18:00:00,1,56,20160510181,18,1
2016-05-10 19:00:00,1,53,20160510191,19,1
2016-05-10 20:00:00,1,46,20160510201,20,1
2016-05-10 21:00:00,1,44,20160510211,21,1
2016-05-10 22:00:00,1,45,20160510221,22,1
2016-05-10 23:00:00,1,44,20160510231,23,1
2016-05-11 00:00:00,1,40,20160511001,0,2
2016-05-11 01:00:00,1,36,20160511011,1,2
2016-05-11 02:00:00,1,30,20160511021,2,2
2016-05-11 03:00:00,1,24,20160511031,3,2
2016-05-11 04:00:00,1,20,20160511041,4,2
2016-05-11 05:00:00,1,22,20160511051,5,2
2016-05-11 06:00:00,1,22,20160511061,6,2
2016-05-11 07:00:00,1,27,20160511071,7,2
2016-05-11 08:00:00,1,27,20160511081,8,2
2016-05-11 09:00:00,1,34,20160511091,9,2
2016-05-11 10:00:00,1,40,20160511101,10,2
2016-05-11 11:00:00,1,52,20160511111,11,2
2016-05-11 12:00:00,1,54,20160511121,12,2
2016-05-11 13:00:00,1,44,20160511131,13,2
2016-05-11 14:00:00,1,48,20160511141,14,2
2016-05-11 15:00:00,1,52,20160511151,15,2
2016-05-11 16:00:00,1,49,20160511161,16,2
2016-05-11 17:00:00,1,45,20160511171,17,2
2016-05-11 18:00:00,1,51,20160511181,18,2
2016-05-11 19:00:00,1,50,20160511191,19,2
2016-05-11 20:00:00,1,47,20160511201,20,2
2016-05-11 21:00:00,1,43,20160511211,21,2
2016-05-11 22:00:00,1,43,20160511221,22,2
2016-05-11 23:00:00,1,41,20160511231,23,2
2016-05-12 00:00:00,1,37,20160512001,0,3
2016-05-12 01:00:00,1,32,20160512011,1,3
2016-05-12 02:00:00,1,32,20160512021,2,3
2016-05-12 03:00:00,1,26,20160512031,3,3
2016-05-12 04:00:00,1,20,20160512041,4,3
2016-05-12 05:00:00,1,20,20160512051,5,3
2016-05-12 06:00:00,1,23,20160512061,6,3
2016-05-12 07:00:00,1,23,20160512071,7,3
2016-05-12 08:00:00,1,30,20160512081,8,3
2016-05-12 09:00:00,1,39,20160512091,9,3
2016-05-12 10:00:00,1,54,20160512101,10,3
2016-05-12 11:00:00,1,58,20160512111,11,3
2016-05-12 12:00:00,1,55,20160512121,12,3
2016-05-12 13:00:00,1,48,20160512131,13,3
2016-05-12 14:00:00,1,50,20160512141,14,3
2016-05-12 15:00:00,1,49,20160512151,15,3
2016-05-12 16:00:00,1,50,20160512161,16,3
2016-05-12 17:00:00,1,49,20160512171,17,3
2016-05-12 18:00:00,1,50,20160512181,18,3
2016-05-12 19:00:00,1,45,20160512191,19,3
2016-05-12 20:00:00,1,43,20160512201,20,3
2016-05-12 21:00:00,1,42,20160512211,21,3
2016-05-12 22:00:00,1,44,20160512221,22,3
2016-05-12 23:00:00,1,40,20160512231,23,3
2016-05-13 00:00:00,1,40,20160513001,0,4
2016-05-13 01:00:00,1,31,20160513011,1,4
2016-05-13 02:00:00,1,25,20160513021,2,4
2016-05-13 03:00:00,1,26,20160513031,3,4
2016-05-13 04:00:00,1,20,20160513041,4,4
2016-05-13 05:00:00,1,19,20160513051,5,4
2016-05-13 06:00:00,1,21,20160513061,6,4
2016-05-13 07:00:00,1,27,20160513071,7,4
2016-05-13 08:00:00,1,27,20160513081,8,4
2016-05-13 09:00:00,1,32,20160513091,9,4
2016-05-13 10:00:00,1,40,20160513101,10,4
2016-05-13 11:00:00,1,46,20160513111,11,4
2016-05-13 12:00:00,1,46,20160513121,12,4
2016-05-13 13:00:00,1,40,20160513131,13,4
2016-05-13 14:00:00,1,47,20160513141,14,4
2016-05-13 15:00:00,1,45,20160513151,15,4
2016-05-13 16:00:00,1,40,20160513161,16,4
2016-05-13 17:00:00,1,40,20160513171,17,4
2016-05-13 18:00:00,1,43,20160513181,18,4
2016-05-13 19:00:00,1,53,20160513191,19,4
2016-05-13 20:00:00,1,44,20160513201,20,4
2016-05-13 21:00:00,1,46,20160513211,21,4
2016-05-13 22:00:00,1,38,20160513221,22,4
2016-05-13 23:00:00,1,40,20160513231,23,4
2016-05-14 00:00:00,1,34,20160514001,0,5
2016-05-14 01:00:00,1,32,20160514011,1,5
2016-05-14 02:00:00,1,24,20160514021,2,5
2016-05-14 03:00:00,1,20,20160514031,3,5
2016-05-14 04:00:00,1,14,20160514041,4,5
2016-05-14 05:00:00,1,17,20160514051,5,5
2016-05-14 06:00:00,1,13,20160514061,6,5
2016-05-14 07:00:00,1,18,20160514071,7,5
2016-05-14 08:00:00,1,24,20160514081,8,5
2016-05-14 09:00:00,1,26,20160514091,9,5
2016-05-14 10:00:00,1,27,20160514101,10,5
2016-05-14 11:00:00,1,33,20160514111,11,5
2016-05-14 12:00:00,1,31,20160514121,12,5
2016-05-14 13:00:00,1,24,20160514131,13,5
2016-05-14 14:00:00,1,28,20160514141,14,5
2016-05-14 15:00:00,1,28,20160514151,15,5
2016-05-14 16:00:00,1,27,20160514161,16,5
2016-05-14 17:00:00,1,29,20160514171,17,5
2016-05-14 18:00:00,1,27,20160514181,18,5
2016-05-14 19:00:00,1,27,20160514191,19,5
2016-05-14 20:00:00,1,31,20160514201,20,5
2016-05-14 21:00:00,1,32,20160514211,21,5
2016-05-14 22:00:00,1,33,20160514221,22,5
2016-05-14 23:00:00,1,30,20160514231,23,5
2016-05-15 00:00:00,1,27,20160515001,0,6
2016-05-15 01:00:00,1,22,20160515011,1,6
2016-05-15 02:00:00,1,18,20160515021,2,6
2016-05-15 03:00:00,1,15,20160515031,3,6
2016-05-15 04:00:00,1,14,20160515041,4,6
2016-05-15 05:00:00,1,16,20160515051,5,6
2016-05-15 06:00:00,1,14,20160515061,6,6
2016-05-15 07:00:00,1,17,20160515071,7,6
2016-05-15 08:00:00,1,16,20160515081,8,6
2016-05-15 09:00:00,1,22,20160515091,9,6
2016-05-15 10:00:00,1,28,20160515101,10,6
2016-05-15 11:00:00,1,28,20160515111,11,6
2016-05-15 12:00:00,1,28,20160515121,12,6
2016-05-15 13:00:00,1,29,20160515131,13,6
2016-05-15 14:00:00,1,31,20160515141,14,6
2016-05-15 15:00:00,1,29,20160515151,15,6
2016-05-15 16:00:00,1,26,20160515161,16,6
2016-05-15 17:00:00,1,28,20160515171,17,6
2016-05-15 18:00:00,1,32,20160515181,18,6
2016-05-15 19:00:00,1,34,20160515191,19,6
2016-05-15 20:00:00,1,36,20160515201,20,6
2016-05-15 21:00:00,1,34,20160515211,21,6
2016-05-15 22:00:00,1,32,20160515221,22,6
2016-05-15 23:00:00,1,36,20160515231,23,6
2016-05-16 00:00:00,1,30,20160516001,0,0
2016-05-16 01:00:00,1,23,20160516011,1,0
2016-05-16 02:00:00,1,21,20160516021,2,0
2016-05-16 03:00:00,1,18,20160516031,3,0
2016-05-16 04:00:00,1,20,20160516041,4,0
2016-05-16 05:00:00,1,19,20160516051,5,0
2016-05-16 06:00:00,1,19,20160516061,6,0
2016-05-16 07:00:00,1,24,20160516071,7,0
2016-05-16 08:00:00,1,24,20160516081,8,0
2016-05-16 09:00:00,1,38,20160516091,9,0
2016-05-16 10:00:00,1,51,20160516101,10,0
2016-05-16 11:00:00,1,51,20160516111,11,0
2016-05-16 12:00:00,1,57,20160516121,12,0
2016-05-16 13:00:00,1,50,20160516131,13,0
2016-05-16 14:00:00,1,50,20160516141,14,0
2016-05-16 15:00:00,1,47,20160516151,15,0
2016-05-16 16:00:00,1,49,20160516161,16,0
2016-05-16 17:00:00,1,49,20160516171,17,0
2016-05-16 18:00:00,1,50,20160516181,18,0
2016-05-16 19:00:00,1,51,20160516191,19,0
2016-05-16 20:00:00,1,50,20160516201,20,0
2016-05-16 21:00:00,1,51,20160516211,21,0
2016-05-16 22:00:00,1,48,20160516221,22,0
2016-05-16 23:00:00,1,48,20160516231,23,0
2016-05-17 00:00:00,1,36,20160517001,0,1
2016-05-17 01:00:00,1,38,20160517011,1,1
2016-05-17 02:00:00,1,29,20160517021,2,1
2016-05-17 03:00:00,1,22,20160517031,3,1
2016-05-17 04:00:00,1,19,20160517041,4,1
2016-05-17 05:00:00,1,20,20160517051,5,1
2016-05-17 06:00:00,1,20,20160517061,6,1
2016-05-17 07:00:00,1,26,20160517071,7,1
2016-05-17 08:00:00,1,31,20160517081,8,1
2016-05-17 09:00:00,1,36,20160517091,9,1
2016-05-17 10:00:00,1,44,20160517101,10,1
2016-05-17 11:00:00,1,49,20160517111,11,1
2016-05-17 12:00:00,1,54,20160517121,12,1
2016-05-17 13:00:00,1,46,20160517131,13,1
2016-05-17 14:00:00,1,51,20160517141,14,1
2016-05-17 15:00:00,1,51,20160517151,15,1
2016-05-17 16:00:00,1,46,20160517161,16,1
2016-05-17 17:00:00,1,49,20160517171,17,1
2016-05-17 18:00:00,1,50,20160517181,18,1
2016-05-17 19:00:00,1,53,20160517191,19,1
2016-05-17 20:00:00,1,47,20160517201,20,1
2016-05-17 21:00:00,1,48,20160517211,21,1
2016-05-17 22:00:00,1,43,20160517221,22,1
2016-05-17 23:00:00,1,38,20160517231,23,1
2016-05-18 00:00:00,1,38,20160518001,0,2
2016-05-18 01:00:00,1,33,20160518011,1,2
2016-05-18 02:00:00,1,32,20160518021,2,2
2016-05-18 03:00:00,1,22,20160518031,3,2
2016-05-18 04:00:00,1,20,20160518041,4,2
2016-05-18 05:00:00,1,16,20160518051,5,2
2016-05-18 06:00:00,1,20,20160518061,6,2
2016-05-18 07:00:00,1,26,20160518071,7,2
2016-05-18 08:00:00,1,25,20160518081,8,2
2016-05-18 09:00:00,1,31,20160518091,9,2
2016-05-18 10:00:00,1,42,20160518101,10,2
2016-05-18 11:00:00,1,45,20160518111,11,2
2016-05-18 12:00:00,1,48,20160518121,12,2
2016-05-18 13:00:00,1,43,20160518131,13,2
2016-05-18 14:00:00,1,47,20160518141,14,2
2016-05-18 15:00:00,1,47,20160518151,15,2
2016-05-18 16:00:00,1,42,20160518161,16,2
2016-05-18 17:00:00,1,50,20160518171,17,2
2016-05-18 18:00:00,1,43,20160518181,18,2
2016-05-18 19:00:00,1,50,20160518191,19,2
2016-05-18 20:00:00,1,46,20160518201,20,2
2016-05-18 21:00:00,1,38,20160518211,21,2
2016-05-18 22:00:00,1,37,20160518221,22,2
2016-05-18 23:00:00,1,36,20160518231,23,2
2016-05-19 00:00:00,1,33,20160519001,0,3
2016-05-19 01:00:00,1,31,20160519011,1,3
2016-05-19 02:00:00,1,24,20160519021,2,3
2016-05-19 03:00:00,1,24,20160519031,3,3
2016-05-19 04:00:00,1,18,20160519041,4,3
2016-05-19 05:00:00,1,20,20160519051,5,3
2016-05-19 06:00:00,1,18,20160519061,6,3
2016-05-19 07:00:00,1,25,20160519071,7,3
2016-05-19 08:00:00,1,24,20160519081,8,3
2016-05-19 09:00:00,1,40,20160519091,9,3
2016-05-19 10:00:00,1,56,20160519101,10,3
2016-05-19 11:00:00,1,55,20160519111,11,3
2016-05-19 12:00:00,1,56,20160519121,12,3
2016-05-19 13:00:00,1,48,20160519131,13,3
2016-05-19 14:00:00,1,54,20160519141,14,3
2016-05-19 15:00:00,1,49,20160519151,15,3
2016-05-19 16:00:00,1,50,20160519161,16,3
2016-05-19 17:00:00,1,54,20160519171,17,3
2016-05-19 18:00:00,1,59,20160519181,18,3
2016-05-19 19:00:00,1,63,20160519191,19,3
2016-05-19 20:00:00,1,57,20160519201,20,3
2016-05-19 21:00:00,1,52,20160519211,21,3
2016-05-19 22:00:00,1,50,20160519221,22,3
2016-05-19 23:00:00,1,43,20160519231,23,3
2016-05-20 00:00:00,1,44,20160520001,0,4
2016-05-20 01:00:00,1,36,20160520011,1,4
2016-05-20 02:00:00,1,33,20160520021,2,4
2016-05-20 03:00:00,1,30,20160520031,3,4
2016-05-20 04:00:00,1,24,20160520041,4,4
2016-05-20 05:00:00,1,25,20160520051,5,4
2016-05-20 06:00:00,1,29,20160520061,6,4
2016-05-20 07:00:00,1,30,20160520071,7,4
2016-05-20 08:00:00,1,35,20160520081,8,4
2016-05-20 09:00:00,1,36,20160520091,9,4
2016-05-20 10:00:00,1,47,20160520101,10,4
2016-05-20 11:00:00,1,45,20160520111,11,4
2016-05-20 12:00:00,1,48,20160520121,12,4
2016-05-20 13:00:00,1,43,20160520131,13,4
2016-05-20 14:00:00,1,44,20160520141,14,4
2016-05-20 15:00:00,1,44,20160520151,15,4
2016-05-20 16:00:00,1,40,20160520161,16,4
2016-05-20 17:00:00,1,43,20160520171,17,4
2016-05-20 18:00:00,1,46,20160520181,18,4
2016-05-20 19:00:00,1,44,20160520191,19,4
2016-05-20 20:00:00,1,47,20160520201,20,4
2016-05-20 21:00:00,1,41,20160520211,21,4
2016-05-20 22:00:00,1,37,20160520221,22,4
2016-05-20 23:00:00,1,38,20160520231,23,4
2016-05-21 00:00:00,1,35,20160521001,0,5
2016-05-21 01:00:00,1,27,20160521011,1,5
2016-05-21 02:00:00,1,23,20160521021,2,5
2016-05-21 03:00:00,1,20,20160521031,3,5
2016-05-21 04:00:00,1,18,20160521041,4,5
2016-05-21 05:00:00,1,16,20160521051,5,5
2016-05-21 06:00:00,1,16,20160521061,6,5
2016-05-21 07:00:00,1,19,20160521071,7,5
2016-05-21 08:00:00,1,21,20160521081,8,5
2016-05-21 09:00:00,1,26,20160521091,9,5
2016-05-21 10:00:00,1,31,20160521101,10,5
2016-05-21 11:00:00,1,31,20160521111,11,5
2016-05-21 12:00:00,1,30,20160521121,12,5
2016-05-21 13:00:00,1,29,20160521131,13,5
2016-05-21 14:00:00,1,25,20160521141,14,5
2016-05-21 15:00:00,1,30,20160521151,15,5
2016-05-21 16:00:00,1,27,20160521161,16,5
2016-05-21 17:00:00,1,25,20160521171,17,5
2016-05-21 18:00:00,1,28,20160521181,18,5
2016-05-21 19:00:00,1,33,20160521191,19,5
2016-05-21 20:00:00,1,33,20160521201,20,5
2016-05-21 21:00:00,1,32,20160521211,21,5
2016-05-21 22:00:00,1,36,20160521221,22,5
2016-05-21 23:00:00,1,27,20160521231,23,5
2016-05-22 00:00:00,1,28,20160522001,0,6
2016-05-22 01:00:00,1,26,20160522011,1,6
2016-05-22 02:00:00,1,16,20160522021,2,6
2016-05-22 03:00:00,1,18,20160522031,3,6
2016-05-22 04:00:00,1,13,20160522041,4,6
2016-05-22 05:00:00,1,14,20160522051,5,6
2016-05-22 06:00:00,1,15,20160522061,6,6
2016-05-22 07:00:00,1,18,20160522071,7,6
2016-05-22 08:00:00,1,17,20160522081,8,6
2016-05-22 09:00:00,1,26,20160522091,9,6
2016-05-22 10:00:00,1,27,20160522101,10,6
2016-05-22 11:00:00,1,28,20160522111,11,6
2016-05-22 12:00:00,1,28,20160522121,12,6
2016-05-22 13:00:00,1,26,20160522131,13,6
2016-05-22 14:00:00,1,27,20160522141,14,6
2016-05-22 15:00:00,1,23,20160522151,15,6
2016-05-22 16:00:00,1,24,20160522161,16,6
2016-05-22 17:00:00,1,24,20160522171,17,6
2016-05-22 18:00:00,1,29,20160522181,18,6
2016-05-22 19:00:00,1,34,20160522191,19,6
2016-05-22 20:00:00,1,36,20160522201,20,6
2016-05-22 21:00:00,1,31,20160522211,21,6
2016-05-22 22:00:00,1,27,20160522221,22,6
2016-05-22 23:00:00,1,30,20160522231,23,6
2016-05-23 00:00:00,1,27,20160523001,0,0
2016-05-23 01:00:00,1,25,20160523011,1,0
2016-05-23 02:00:00,1,19,20160523021,2,0
2016-05-23 03:00:00,1,15,20160523031,3,0
2016-05-23 04:00:00,1,15,20160523041,4,0
2016-05-23 05:00:00,1,16,20160523051,5,0
2016-05-23 06:00:00,1,20,20160523061,6,0
2016-05-23 07:00:00,1,23,20160523071,7,0
2016-05-23 08:00:00,1,24,20160523081,8,0
2016-05-23 09:00:00,1,41,20160523091,9,0
2016-05-23 10:00:00,1,61,20160523101,10,0
2016-05-23 11:00:00,1,60,20160523111,11,0
2016-05-23 12:00:00,1,61,20160523121,12,0
2016-05-23 13:00:00,1,49,20160523131,13,0
2016-05-23 14:00:00,1,54,20160523141,14,0
2016-05-23 15:00:00,1,56,20160523151,15,0
2016-05-23 16:00:00,1,54,20160523161,16,0
2016-05-23 17:00:00,1,55,20160523171,17,0
2016-05-23 18:00:00,1,53,20160523181,18,0
2016-05-23 19:00:00,1,54,20160523191,19,0
2016-05-23 20:00:00,1,52,20160523201,20,0
2016-05-23 21:00:00,1,44,20160523211,21,0
2016-05-23 22:00:00,1,45,20160523221,22,0
2016-05-23 23:00:00,1,40,20160523231,23,0
2016-05-24 00:00:00,1,40,20160524001,0,1
2016-05-24 01:00:00,1,36,20160524011,1,1
2016-05-24 02:00:00,1,29,20160524021,2,1
2016-05-24 03:00:00,1,24,20160524031,3,1
2016-05-24 04:00:00,1,22,20160524041,4,1
2016-05-24 05:00:00,1,17,20160524051,5,1
2016-05-24 06:00:00,1,22,20160524061,6,1
2016-05-24 07:00:00,1,24,20160524071,7,1
2016-05-24 08:00:00,1,29,20160524081,8,1
2016-05-24 09:00:00,1,32,20160524091,9,1
2016-05-24 10:00:00,1,47,20160524101,10,1
2016-05-24 11:00:00,1,49,20160524111,11,1
2016-05-24 12:00:00,1,55,20160524121,12,1
2016-05-24 13:00:00,1,40,20160524131,13,1
2016-05-24 14:00:00,1,53,20160524141,14,1
2016-05-24 15:00:00,1,53,20160524151,15,1
2016-05-24 16:00:00,1,50,20160524161,16,1
2016-05-24 17:00:00,1,51,20160524171,17,1
2016-05-24 18:00:00,1,58,20160524181,18,1
2016-05-24 19:00:00,1,58,20160524191,19,1
2016-05-24 20:00:00,1,51,20160524201,20,1
2016-05-24 21:00:00,1,49,20160524211,21,1
2016-05-24 22:00:00,1,48,20160524221,22,1
2016-05-24 23:00:00,1,43,20160524231,23,1
2016-05-25 00:00:00,1,42,20160525001,0,2
2016-05-25 01:00:00,1,35,20160525011,1,2
2016-05-25 02:00:00,1,27,20160525021,2,2
2016-05-25 03:00:00,1,21,20160525031,3,2
2016-05-25 04:00:00,1,19,20160525041,4,2
2016-05-25 05:00:00,1,22,20160525051,5,2
2016-05-25 06:00:00,1,21,20160525061,6,2
2016-05-25 07:00:00,1,26,20160525071,7,2
2016-05-25 08:00:00,1,31,20160525081,8,2
2016-05-25 09:00:00,1,33,20160525091,9,2
2016-05-25 10:00:00,1,40,20160525101,10,2
2016-05-25 11:00:00,1,51,20160525111,11,2
2016-05-25 12:00:00,1,52,20160525121,12,2
2016-05-25 13:00:00,1,47,20160525131,13,2
2016-05-25 14:00:00,1,51,20160525141,14,2
2016-05-25 15:00:00,1,50,20160525151,15,2
2016-05-25 16:00:00,1,48,20160525161,16,2
2016-05-25 17:00:00,1,48,20160525171,17,2
2016-05-25 18:00:00,1,48,20160525181,18,2
2016-05-25 19:00:00,1,51,20160525191,19,2
2016-05-25 20:00:00,1,48,20160525201,20,2
2016-05-25 21:00:00,1,44,20160525211,21,2
2016-05-25 22:00:00,1,40,20160525221,22,2
2016-05-25 23:00:00,1,39,20160525231,23,2
2016-05-26 00:00:00,1,36,20160526001,0,3
2016-05-26 01:00:00,1,28,20160526011,1,3
2016-05-26 02:00:00,1,26,20160526021,2,3
2016-05-26 03:00:00,1,24,20160526031,3,3
2016-05-26 04:00:00,1,14,20160526041,4,3
2016-05-26 05:00:00,1,17,20160526051,5,3
2016-05-26 06:00:00,1,20,20160526061,6,3
2016-05-26 07:00:00,1,24,20160526071,7,3
2016-05-26 08:00:00,1,27,20160526081,8,3
2016-05-26 09:00:00,1,32,20160526091,9,3
2016-05-26 10:00:00,1,42,20160526101,10,3
2016-05-26 11:00:00,1,49,20160526111,11,3
2016-05-26 12:00:00,1,48,20160526121,12,3
2016-05-26 13:00:00,1,44,20160526131,13,3
2016-05-26 14:00:00,1,47,20160526141,14,3
2016-05-26 15:00:00,1,45,20160526151,15,3
2016-05-26 16:00:00,1,45,20160526161,16,3
2016-05-26 17:00:00,1,43,20160526171,17,3
2016-05-26 18:00:00,1,45,20160526181,18,3
2016-05-26 19:00:00,1,55,20160526191,19,3
2016-05-26 20:00:00,1,67,20160526201,20,3
2016-05-26 21:00:00,1,55,20160526211,21,3
2016-05-26 22:00:00,1,49,20160526221,22,3
2016-05-26 23:00:00,1,44,20160526231,23,3
2016-05-27 00:00:00,1,37,20160527001,0,4
2016-05-27 01:00:00,1,35,20160527011,1,4
2016-05-27 02:00:00,1,28,20160527021,2,4
2016-05-27 03:00:00,1,22,20160527031,3,4
2016-05-27 04:00:00,1,17,20160527041,4,4
2016-05-27 05:00:00,1,20,20160527051,5,4
2016-05-27 06:00:00,1,21,20160527061,6,4
2016-05-27 07:00:00,1,23,20160527071,7,4
2016-05-27 08:00:00,1,29,20160527081,8,4
2016-05-27 09:00:00,1,34,20160527091,9,4
2016-05-27 10:00:00,1,47,20160527101,10,4
2016-05-27 11:00:00,1,43,20160527111,11,4
2016-05-27 12:00:00,1,49,20160527121,12,4
2016-05-27 13:00:00,1,44,20160527131,13,4
2016-05-27 14:00:00,1,48,20160527141,14,4
2016-05-27 15:00:00,1,45,20160527151,15,4
2016-05-27 16:00:00,1,43,20160527161,16,4
2016-05-27 17:00:00,1,38,20160527171,17,4
2016-05-27 18:00:00,1,43,20160527181,18,4
2016-05-27 19:00:00,1,39,20160527191,19,4
2016-05-27 20:00:00,1,39,20160527201,20,4
2016-05-27 21:00:00,1,34,20160527211,21,4
2016-05-27 22:00:00,1,35,20160527221,22,4
2016-05-27 23:00:00,1,32,20160527231,23,4
2016-05-28 00:00:00,1,31,20160528001,0,5
2016-05-28 01:00:00,1,28,20160528011,1,5
2016-05-28 02:00:00,1,19,20160528021,2,5
2016-05-28 03:00:00,1,16,20160528031,3,5
2016-05-28 04:00:00,1,16,20160528041,4,5
2016-05-28 05:00:00,1,16,20160528051,5,5
2016-05-28 06:00:00,1,15,20160528061,6,5
2016-05-28 07:00:00,1,17,20160528071,7,5
2016-05-28 08:00:00,1,20,20160528081,8,5
2016-05-28 09:00:00,1,26,20160528091,9,5
2016-05-28 10:00:00,1,28,20160528101,10,5
2016-05-28 11:00:00,1,29,20160528111,11,5
2016-05-28 12:00:00,1,36,20160528121,12,5
2016-05-28 13:00:00,1,35,20160528131,13,5
2016-05-28 14:00:00,1,41,20160528141,14,5
2016-05-28 15:00:00,1,36,20160528151,15,5
2016-05-28 16:00:00,1,33,20160528161,16,5
2016-05-28 17:00:00,1,31,20160528171,17,5
2016-05-28 18:00:00,1,30,20160528181,18,5
2016-05-28 19:00:00,1,39,20160528191,19,5
2016-05-28 20:00:00,1,47,20160528201,20,5
2016-05-28 21:00:00,1,39,20160528211,21,5
2016-05-28 22:00:00,1,39,20160528221,22,5
2016-05-28 23:00:00,1,29,20160528231,23,5
2016-05-29 00:00:00,1,27,20160529001,0,6
2016-05-29 01:00:00,1,19,20160529011,1,6
2016-05-29 02:00:00,1,21,20160529021,2,6
2016-05-29 03:00:00,1,17,20160529031,3,6
2016-05-29 04:00:00,1,15,20160529041,4,6
2016-05-29 05:00:00,1,11,20160529051,5,6
2016-05-29 06:00:00,1,16,20160529061,6,6
2016-05-29 07:00:00,1,15,20160529071,7,6
2016-05-29 08:00:00,1,20,20160529081,8,6
2016-05-29 09:00:00,1,24,20160529091,9,6
2016-05-29 10:00:00,1,33,20160529101,10,6
2016-05-29 11:00:00,1,33,20160529111,11,6
2016-05-29 12:00:00,1,35,20160529121,12,6
2016-05-29 13:00:00,1,34,20160529131,13,6
2016-05-29 14:00:00,1,34,20160529141,14,6
2016-05-29 15:00:00,1,31,20160529151,15,6
2016-05-29 16:00:00,1,32,20160529161,16,6
2016-05-29 17:00:00,1,30,20160529171,17,6
2016-05-29 18:00:00,1,36,20160529181,18,6
2016-05-29 19:00:00,1,33,20160529191,19,6
2016-05-29 20:00:00,1,33,20160529201,20,6
2016-05-29 21:00:00,1,33,20160529211,21,6
2016-05-29 22:00:00,1,33,20160529221,22,6
2016-05-29 23:00:00,1,29,20160529231,23,6
2016-05-30 00:00:00,1,28,20160530001,0,0
2016-05-30 01:00:00,1,22,20160530011,1,0
2016-05-30 02:00:00,1,19,20160530021,2,0
2016-05-30 03:00:00,1,14,20160530031,3,0
2016-05-30 04:00:00,1,12,20160530041,4,0
2016-05-30 05:00:00,1,18,20160530051,5,0
2016-05-30 06:00:00,1,16,20160530061,6,0
2016-05-30 07:00:00,1,23,20160530071,7,0
2016-05-30 08:00:00,1,27,20160530081,8,0
2016-05-30 09:00:00,1,32,20160530091,9,0
2016-05-30 10:00:00,1,57,20160530101,10,0
2016-05-30 11:00:00,1,64,20160530111,11,0
2016-05-30 12:00:00,1,62,20160530121,12,0
2016-05-30 13:00:00,1,52,20160530131,13,0
2016-05-30 14:00:00,1,57,20160530141,14,0
2016-05-30 15:00:00,1,55,20160530151,15,0
2016-05-30 16:00:00,1,50,20160530161,16,0
2016-05-30 17:00:00,1,51,20160530171,17,0
2016-05-30 18:00:00,1,49,20160530181,18,0
2016-05-30 19:00:00,1,50,20160530191,19,0
2016-05-30 20:00:00,1,50,20160530201,20,0
2016-05-30 21:00:00,1,44,20160530211,21,0
2016-05-30 22:00:00,1,39,20160530221,22,0
2016-05-30 23:00:00,1,37,20160530231,23,0
2016-05-31 00:00:00,1,33,20160531001,0,1
2016-05-31 01:00:00,1,27,20160531011,1,1
2016-05-31 02:00:00,1,27,20160531021,2,1
2016-05-31 03:00:00,1,20,20160531031,3,1
2016-05-31 04:00:00,1,18,20160531041,4,1
2016-05-31 05:00:00,1,18,20160531051,5,1
2016-05-31 06:00:00,1,20,20160531061,6,1
2016-05-31 07:00:00,1,24,20160531071,7,1
2016-05-31 08:00:00,1,22,20160531081,8,1
2016-05-31 09:00:00,1,32,20160531091,9,1
2016-05-31 10:00:00,1,47,20160531101,10,1
2016-05-31 11:00:00,1,53,20160531111,11,1
2016-05-31 12:00:00,1,54,20160531121,12,1
2016-05-31 13:00:00,1,49,20160531131,13,1
2016-05-31 14:00:00,1,50,20160531141,14,1
2016-05-31 15:00:00,1,51,20160531151,15,1
2016-05-31 16:00:00,1,51,20160531161,16,1
2016-05-31 17:00:00,1,48,20160531171,17,1
2016-05-31 18:00:00,1,48,20160531181,18,1
2016-05-31 19:00:00,1,52,20160531191,19,1
2016-05-31 20:00:00,1,51,20160531201,20,1
2016-05-31 21:00:00,1,42,20160531211,21,1
2016-05-31 22:00:00,1,46,20160531221,22,1
2016-05-31 23:00:00,1,38,20160531231,23,1
2016-06-01 00:00:00,1,37,20160601001,0,2
2016-06-01 01:00:00,1,31,20160601011,1,2
2016-06-01 02:00:00,1,25,20160601021,2,2
2016-06-01 03:00:00,1,19,20160601031,3,2
2016-06-01 04:00:00,1,21,20160601041,4,2
2016-06-01 05:00:00,1,16,20160601051,5,2
2016-06-01 06:00:00,1,19,20160601061,6,2
2016-06-01 07:00:00,1,25,20160601071,7,2
2016-06-01 08:00:00,1,27,20160601081,8,2
2016-06-01 09:00:00,1,27,20160601091,9,2
2016-06-01 10:00:00,1,38,20160601101,10,2
2016-06-01 11:00:00,1,45,20160601111,11,2
2016-06-01 12:00:00,1,52,20160601121,12,2
2016-06-01 13:00:00,1,39,20160601131,13,2
2016-06-01 14:00:00,1,45,20160601141,14,2
2016-06-01 15:00:00,1,48,20160601151,15,2
2016-06-01 16:00:00,1,44,20160601161,16,2
2016-06-01 17:00:00,1,46,20160601171,17,2
2016-06-01 18:00:00,1,47,20160601181,18,2
2016-06-01 19:00:00,1,44,20160601191,19,2
2016-06-01 20:00:00,1,45,20160601201,20,2
2016-06-01 21:00:00,1,50,20160601211,21,2
2016-06-01 22:00:00,1,48,20160601221,22,2
2016-06-01 23:00:00,1,41,20160601231,23,2
2016-06-02 00:00:00,1,36,20160602001,0,3
2016-06-02 01:00:00,1,28,20160602011,1,3
2016-06-02 02:00:00,1,27,20160602021,2,3
2016-06-02 03:00:00,1,23,20160602031,3,3
2016-06-02 04:00:00,1,18,20160602041,4,3
2016-06-02 05:00:00,1,19,20160602051,5,3
2016-06-02 06:00:00,1,21,20160602061,6,3
2016-06-02 07:00:00,1,21,20160602071,7,3
2016-06-02 08:00:00,1,24,20160602081,8,3
2016-06-02 09:00:00,1,33,20160602091,9,3
2016-06-02 10:00:00,1,55,20160602101,10,3
2016-06-02 11:00:00,1,58,20160602111,11,3
2016-06-02 12:00:00,1,56,20160602121,12,3
2016-06-02 13:00:00,1,45,20160602131,13,3
2016-06-02 14:00:00,1,53,20160602141,14,3
2016-06-02 15:00:00,1,52,20160602151,15,3
2016-06-02 16:00:00,1,48,20160602161,16,3
2016-06-02 17:00:00,1,47,20160602171,17,3
2016-06-02 18:00:00,1,52,20160602181,18,3
2016-06-02 19:00:00,1,50,20160602191,19,3
2016-06-02 20:00:00,1,48,20160602201,20,3
2016-06-02 21:00:00,1,42,20160602211,21,3
2016-06-02 22:00:00,1,40,20160602221,22,3
2016-06-02 23:00:00,1,39,20160602231,23,3
2016-06-03 00:00:00,1,35,20160603001,0,4
2016-06-03 01:00:00,1,32,20160603011,1,4
2016-06-03 02:00:00,1,28,20160603021,2,4
2016-06-03 03:00:00,1,24,20160603031,3,4
2016-06-03 04:00:00,1,17,20160603041,4,4
2016-06-03 05:00:00,1,17,20160603051,5,4
2016-06-03 06:00:00,1,18,20160603061,6,4
2016-06-03 07:00:00,1,21,20160603071,7,4
2016-06-03 08:00:00,1,26,20160603081,8,4
2016-06-03 09:00:00,1,37,20160603091,9,4
2016-06-03 10:00:00,1,48,20160603101,10,4
2016-06-03 11:00:00,1,51,20160603111,11,4
2016-06-03 12:00:00,1,52,20160603121,12,4
2016-06-03 13:00:00,1,48,20160603131,13,4
2016-06-03 14:00:00,1,47,20160603141,14,4
2016-06-03 15:00:00,1,50,20160603151,15,4
2016-06-03 16:00:00,1,46,20160603161,16,4
2016-06-03 17:00:00,1,47,20160603171,17,4
2016-06-03 18:00:00,1,43,20160603181,18,4
2016-06-03 19:00:00,1,43,20160603191,19,4
2016-06-03 20:00:00,1,43,20160603201,20,4
2016-06-03 21:00:00,1,41,20160603211,21,4
2016-06-03 22:00:00,1,38,20160603221,22,4
2016-06-03 23:00:00,1,33,20160603231,23,4
2016-06-04 00:00:00,1,31,20160604001,0,5
2016-06-04 01:00:00,1,27,20160604011,1,5
2016-06-04 02:00:00,1,25,20160604021,2,5
2016-06-04 03:00:00,1,19,20160604031,3,5
2016-06-04 04:00:00,1,14,20160604041,4,5
2016-06-04 05:00:00,1,18,20160604051,5,5
2016-06-04 06:00:00,1,17,20160604061,6,5
2016-06-04 07:00:00,1,21,20160604071,7,5
2016-06-04 08:00:00,1,21,20160604081,8,5
2016-06-04 09:00:00,1,24,20160604091,9,5
2016-06-04 10:00:00,1,29,20160604101,10,5
2016-06-04 11:00:00,1,29,20160604111,11,5
2016-06-04 12:00:00,1,28,20160604121,12,5
2016-06-04 13:00:00,1,26,20160604131,13,5
2016-06-04 14:00:00,1,32,20160604141,14,5
2016-06-04 15:00:00,1,28,20160604151,15,5
2016-06-04 16:00:00,1,25,20160604161,16,5
2016-06-04 17:00:00,1,27,20160604171,17,5
2016-06-04 18:00:00,1,32,20160604181,18,5
2016-06-04 19:00:00,1,28,20160604191,19,5
2016-06-04 20:00:00,1,29,20160604201,20,5
2016-06-04 21:00:00,1,27,20160604211,21,5
2016-06-04 22:00:00,1,29,20160604221,22,5
2016-06-04 23:00:00,1,27,20160604231,23,5
2016-06-05 00:00:00,1,27,20160605001,0,6
2016-06-05 01:00:00,1,22,20160605011,1,6
2016-06-05 02:00:00,1,18,20160605021,2,6
2016-06-05 03:00:00,1,13,20160605031,3,6
2016-06-05 04:00:00,1,12,20160605041,4,6
2016-06-05 05:00:00,1,13,20160605051,5,6
2016-06-05 06:00:00,1,11,20160605061,6,6
2016-06-05 07:00:00,1,18,20160605071,7,6
2016-06-05 08:00:00,1,20,20160605081,8,6
2016-06-05 09:00:00,1,19,20160605091,9,6
2016-06-05 10:00:00,1,28,20160605101,10,6
2016-06-05 11:00:00,1,26,20160605111,11,6
2016-06-05 12:00:00,1,25,20160605121,12,6
2016-06-05 13:00:00,1,26,20160605131,13,6
2016-06-05 14:00:00,1,27,20160605141,14,6
2016-06-05 15:00:00,1,23,20160605151,15,6
2016-06-05 16:00:00,1,28,20160605161,16,6
2016-06-05 17:00:00,1,28,20160605171,17,6
2016-06-05 18:00:00,1,30,20160605181,18,6
2016-06-05 19:00:00,1,30,20160605191,19,6
2016-06-05 20:00:00,1,32,20160605201,20,6
2016-06-05 21:00:00,1,35,20160605211,21,6
2016-06-05 22:00:00,1,32,20160605221,22,6
2016-06-05 23:00:00,1,33,20160605231,23,6
2016-06-06 00:00:00,1,30,20160606001,0,0
2016-06-06 01:00:00,1,28,20160606011,1,0
2016-06-06 02:00:00,1,26,20160606021,2,0
2016-06-06 03:00:00,1,21,20160606031,3,0
2016-06-06 04:00:00,1,19,20160606041,4,0
2016-06-06 05:00:00,1,21,20160606051,5,0
2016-06-06 06:00:00,1,20,20160606061,6,0
2016-06-06 07:00:00,1,27,20160606071,7,0
2016-06-06 08:00:00,1,33,20160606081,8,0
2016-06-06 09:00:00,1,30,20160606091,9,0
2016-06-06 10:00:00,1,52,20160606101,10,0
2016-06-06 11:00:00,1,56,20160606111,11,0
2016-06-06 12:00:00,1,57,20160606121,12,0
2016-06-06 13:00:00,1,49,20160606131,13,0
2016-06-06 14:00:00,1,56,20160606141,14,0
2016-06-06 15:00:00,1,53,20160606151,15,0
2016-06-06 16:00:00,1,48,20160606161,16,0
2016-06-06 17:00:00,1,50,20160606171,17,0
2016-06-06 18:00:00,1,53,20160606181,18,0
2016-06-06 19:00:00,1,57,20160606191,19,0
2016-06-06 20:00:00,1,50,20160606201,20,0
2016-06-06 21:00:00,1,49,20160606211,21,0
2016-06-06 22:00:00,1,45,20160606221,22,0
2016-06-06 23:00:00,1,41,20160606231,23,0
2016-06-07 00:00:00,1,39,20160607001,0,1
2016-06-07 01:00:00,1,30,20160607011,1,1
2016-06-07 02:00:00,1,31,20160607021,2,1
2016-06-07 03:00:00,1,25,20160607031,3,1
2016-06-07 04:00:00,1,23,20160607041,4,1
2016-06-07 05:00:00,1,17,20160607051,5,1
2016-06-07 06:00:00,1,22,20160607061,6,1
2016-06-07 07:00:00,1,27,20160607071,7,1
2016-06-07 08:00:00,1,26,20160607081,8,1
2016-06-07 09:00:00,1,34,20160607091,9,1
2016-06-07 10:00:00,1,42,20160607101,10,1
2016-06-07 11:00:00,1,47,20160607111,11,1
2016-06-07 12:00:00,1,54,20160607121,12,1
2016-06-07 13:00:00,1,46,20160607131,13,1
2016-06-07 14:00:00,1,52,20160607141,14,1
2016-06-07 15:00:00,1,51,20160607151,15,1
2016-06-07 16:00:00,1,53,20160607161,16,1
2016-06-07 17:00:00,1,52,20160607171,17,1
2016-06-07 18:00:00,1,58,20160607181,18,1
2016-06-07 19:00:00,1,53,20160607191,19,1
2016-06-07 20:00:00,1,54,20160607201,20,1
2016-06-07 21:00:00,1,48,20160607211,21,1
2016-06-07 22:00:00,1,46,20160607221,22,1
2016-06-07 23:00:00,1,46,20160607231,23,1
2016-06-08 00:00:00,1,42,20160608001,0,2
2016-06-08 01:00:00,1,34,20160608011,1,2
2016-06-08 02:00:00,1,30,20160608021,2,2
2016-06-08 03:00:00,1,23,20160608031,3,2
2016-06-08 04:00:00,1,19,20160608041,4,2
2016-06-08 05:00:00,1,18,20160608051,5,2
2016-06-08 06:00:00,1,22,20160608061,6,2
2016-06-08 07:00:00,1,25,20160608071,7,2
2016-06-08 08:00:00,1,29,20160608081,8,2
2016-06-08 09:00:00,1,38,20160608091,9,2
2016-06-08 10:00:00,1,53,20160608101,10,2
2016-06-08 11:00:00,1,57,20160608111,11,2
2016-06-08 12:00:00,1,59,20160608121,12,2
2016-06-08 13:00:00,1,50,20160608131,13,2
2016-06-08 14:00:00,1,60,20160608141,14,2
2016-06-08 15:00:00,1,55,20160608151,15,2
2016-06-08 16:00:00,1,53,20160608161,16,2
2016-06-08 17:00:00,1,55,20160608171,17,2
2016-06-08 18:00:00,1,51,20160608181,18,2
2016-06-08 19:00:00,1,52,20160608191,19,2
2016-06-08 20:00:00,1,52,20160608201,20,2
2016-06-08 21:00:00,1,50,20160608211,21,2
2016-06-08 22:00:00,1,47,20160608221,22,2
2016-06-08 23:00:00,1,45,20160608231,23,2
2016-06-09 00:00:00,1,35,20160609001,0,3
2016-06-09 01:00:00,1,33,20160609011,1,3
2016-06-09 02:00:00,1,32,20160609021,2,3
2016-06-09 03:00:00,1,24,20160609031,3,3
2016-06-09 04:00:00,1,17,20160609041,4,3
2016-06-09 05:00:00,1,20,20160609051,5,3
2016-06-09 06:00:00,1,20,20160609061,6,3
2016-06-09 07:00:00,1,23,20160609071,7,3
2016-06-09 08:00:00,1,28,20160609081,8,3
2016-06-09 09:00:00,1,32,20160609091,9,3
2016-06-09 10:00:00,1,44,20160609101,10,3
2016-06-09 11:00:00,1,46,20160609111,11,3
2016-06-09 12:00:00,1,50,20160609121,12,3
2016-06-09 13:00:00,1,43,20160609131,13,3
2016-06-09 14:00:00,1,52,20160609141,14,3
2016-06-09 15:00:00,1,49,20160609151,15,3
2016-06-09 16:00:00,1,53,20160609161,16,3
2016-06-09 17:00:00,1,47,20160609171,17,3
2016-06-09 18:00:00,1,49,20160609181,18,3
2016-06-09 19:00:00,1,53,20160609191,19,3
2016-06-09 20:00:00,1,50,20160609201,20,3
2016-06-09 21:00:00,1,46,20160609211,21,3
2016-06-09 22:00:00,1,42,20160609221,22,3
2016-06-09 23:00:00,1,40,20160609231,23,3
2016-06-10 00:00:00,1,39,20160610001,0,4
2016-06-10 01:00:00,1,35,20160610011,1,4
2016-06-10 02:00:00,1,29,20160610021,2,4
2016-06-10 03:00:00,1,20,20160610031,3,4
2016-06-10 04:00:00,1,22,20160610041,4,4
2016-06-10 05:00:00,1,19,20160610051,5,4
2016-06-10 06:00:00,1,23,20160610061,6,4
2016-06-10 07:00:00,1,22,20160610071,7,4
2016-06-10 08:00:00,1,22,20160610081,8,4
2016-06-10 09:00:00,1,32,20160610091,9,4
2016-06-10 10:00:00,1,40,20160610101,10,4
2016-06-10 11:00:00,1,49,20160610111,11,4
2016-06-10 12:00:00,1,43,20160610121,12,4
2016-06-10 13:00:00,1,45,20160610131,13,4
2016-06-10 14:00:00,1,48,20160610141,14,4
2016-06-10 15:00:00,1,45,20160610151,15,4
2016-06-10 16:00:00,1,44,20160610161,16,4
2016-06-10 17:00:00,1,43,20160610171,17,4
2016-06-10 18:00:00,1,40,20160610181,18,4
2016-06-10 19:00:00,1,41,20160610191,19,4
2016-06-10 20:00:00,1,41,20160610201,20,4
2016-06-10 21:00:00,1,40,20160610211,21,4
2016-06-10 22:00:00,1,36,20160610221,22,4
2016-06-10 23:00:00,1,33,20160610231,23,4
2016-06-11 00:00:00,1,31,20160611001,0,5
2016-06-11 01:00:00,1,32,20160611011,1,5
2016-06-11 02:00:00,1,26,20160611021,2,5
2016-06-11 03:00:00,1,18,20160611031,3,5
2016-06-11 04:00:00,1,16,20160611041,4,5
2016-06-11 05:00:00,1,15,20160611051,5,5
2016-06-11 06:00:00,1,12,20160611061,6,5
2016-06-11 07:00:00,1,17,20160611071,7,5
2016-06-11 08:00:00,1,19,20160611081,8,5
2016-06-11 09:00:00,1,25,20160611091,9,5
2016-06-11 10:00:00,1,26,20160611101,10,5
2016-06-11 11:00:00,1,29,20160611111,11,5
2016-06-11 12:00:00,1,27,20160611121,12,5
2016-06-11 13:00:00,1,26,20160611131,13,5
2016-06-11 14:00:00,1,25,20160611141,14,5
2016-06-11 15:00:00,1,23,20160611151,15,5
2016-06-11 16:00:00,1,26,20160611161,16,5
2016-06-11 17:00:00,1,24,20160611171,17,5
2016-06-11 18:00:00,1,28,20160611181,18,5
2016-06-11 19:00:00,1,31,20160611191,19,5
2016-06-11 20:00:00,1,31,20160611201,20,5
2016-06-11 21:00:00,1,31,20160611211,21,5
2016-06-11 22:00:00,1,31,20160611221,22,5
2016-06-11 23:00:00,1,27,20160611231,23,5
2016-06-12 00:00:00,1,25,20160612001,0,6
2016-06-12 01:00:00,1,17,20160612011,1,6
2016-06-12 02:00:00,1,18,20160612021,2,6
2016-06-12 03:00:00,1,15,20160612031,3,6
2016-06-12 04:00:00,1,17,20160612041,4,6
2016-06-12 05:00:00,1,15,20160612051,5,6
2016-06-12 06:00:00,1,15,20160612061,6,6
2016-06-12 07:00:00,1,19,20160612071,7,6
2016-06-12 08:00:00,1,18,20160612081,8,6
2016-06-12 09:00:00,1,21,20160612091,9,6
2016-06-12 10:00:00,1,29,20160612101,10,6
2016-06-12 11:00:00,1,25,20160612111,11,6
2016-06-12 12:00:00,1,28,20160612121,12,6
2016-06-12 13:00:00,1,25,20160612131,13,6
2016-06-12 14:00:00,1,28,20160612141,14,6
2016-06-12 15:00:00,1,26,20160612151,15,6
2016-06-12 16:00:00,1,23,20160612161,16,6
2016-06-12 17:00:00,1,27,20160612171,17,6
2016-06-12 18:00:00,1,29,20160612181,18,6
2016-06-12 19:00:00,1,32,20160612191,19,6
2016-06-12 20:00:00,1,32,20160612201,20,6
2016-06-12 21:00:00,1,30,20160612211,21,6
2016-06-12 22:00:00,1,33,20160612221,22,6
2016-06-12 23:00:00,1,32,20160612231,23,6
2016-06-13 00:00:00,1,25,20160613001,0,0
2016-06-13 01:00:00,1,23,20160613011,1,0
2016-06-13 02:00:00,1,18,20160613021,2,0
2016-06-13 03:00:00,1,15,20160613031,3,0
2016-06-13 04:00:00,1,16,20160613041,4,0
2016-06-13 05:00:00,1,16,20160613051,5,0
2016-06-13 06:00:00,1,18,20160613061,6,0
2016-06-13 07:00:00,1,22,20160613071,7,0
2016-06-13 08:00:00,1,23,20160613081,8,0
2016-06-13 09:00:00,1,33,20160613091,9,0
2016-06-13 10:00:00,1,56,20160613101,10,0
2016-06-13 11:00:00,1,56,20160613111,11,0
2016-06-13 12:00:00,1,58,20160613121,12,0
2016-06-13 13:00:00,1,52,20160613131,13,0
2016-06-13 14:00:00,1,57,20160613141,14,0
2016-06-13 15:00:00,1,54,20160613151,15,0
2016-06-13 16:00:00,1,50,20160613161,16,0
2016-06-13 17:00:00,1,53,20160613171,17,0
2016-06-13 18:00:00,1,56,20160613181,18,0
2016-06-13 19:00:00,1,53,20160613191,19,0
2016-06-13 20:00:00,1,53,20160613201,20,0
2016-06-13 21:00:00,1,46,20160613211,21,0
2016-06-13 22:00:00,1,41,20160613221,22,0
2016-06-13 23:00:00,1,44,20160613231,23,0
2016-06-14 00:00:00,1,38,20160614001,0,1
2016-06-14 01:00:00,1,34,20160614011,1,1
2016-06-14 02:00:00,1,27,20160614021,2,1
2016-06-14 03:00:00,1,23,20160614031,3,1
2016-06-14 04:00:00,1,21,20160614041,4,1
2016-06-14 05:00:00,1,21,20160614051,5,1
2016-06-14 06:00:00,1,22,20160614061,6,1
2016-06-14 07:00:00,1,25,20160614071,7,1
2016-06-14 08:00:00,1,25,20160614081,8,1
2016-06-14 09:00:00,1,35,20160614091,9,1
2016-06-14 10:00:00,1,43,20160614101,10,1
2016-06-14 11:00:00,1,54,20160614111,11,1
2016-06-14 12:00:00,1,56,20160614121,12,1
2016-06-14 13:00:00,1,44,20160614131,13,1
2016-06-14 14:00:00,1,53,20160614141,14,1
2016-06-14 15:00:00,1,49,20160614151,15,1
2016-06-14 16:00:00,1,46,20160614161,16,1
2016-06-14 17:00:00,1,46,20160614171,17,1
2016-06-14 18:00:00,1,51,20160614181,18,1
2016-06-14 19:00:00,1,49,20160614191,19,1
2016-06-14 20:00:00,1,54,20160614201,20,1
2016-06-14 21:00:00,1,47,20160614211,21,1
2016-06-14 22:00:00,1,42,20160614221,22,1
2016-06-14 23:00:00,1,42,20160614231,23,1
2016-06-15 00:00:00,1,37,20160615001,0,2
2016-06-15 01:00:00,1,33,20160615011,1,2
2016-06-15 02:00:00,1,27,20160615021,2,2
2016-06-15 03:00:00,1,22,20160615031,3,2
2016-06-15 04:00:00,1,20,20160615041,4,2
2016-06-15 05:00:00,1,21,20160615051,5,2
2016-06-15 06:00:00,1,19,20160615061,6,2
2016-06-15 07:00:00,1,26,20160615071,7,2
2016-06-15 08:00:00,1,25,20160615081,8,2
2016-06-15 09:00:00,1,32,20160615091,9,2
2016-06-15 10:00:00,1,43,20160615101,10,2
2016-06-15 11:00:00,1,46,20160615111,11,2
2016-06-15 12:00:00,1,49,20160615121,12,2
2016-06-15 13:00:00,1,47,20160615131,13,2
2016-06-15 14:00:00,1,50,20160615141,14,2
2016-06-15 15:00:00,1,53,20160615151,15,2
2016-06-15 16:00:00,1,46,20160615161,16,2
2016-06-15 17:00:00,1,45,20160615171,17,2
2016-06-15 18:00:00,1,48,20160615181,18,2
2016-06-15 19:00:00,1,52,20160615191,19,2
2016-06-15 20:00:00,1,50,20160615201,20,2
2016-06-15 21:00:00,1,44,20160615211,21,2
2016-06-15 22:00:00,1,39,20160615221,22,2
2016-06-15 23:00:00,1,40,20160615231,23,2
2016-06-16 00:00:00,1,39,20160616001,0,3
2016-06-16 01:00:00,1,30,20160616011,1,3
2016-06-16 02:00:00,1,28,20160616021,2,3
2016-06-16 03:00:00,1,25,20160616031,3,3
2016-06-16 04:00:00,1,24,20160616041,4,3
2016-06-16 05:00:00,1,18,20160616051,5,3
2016-06-16 06:00:00,1,19,20160616061,6,3
2016-06-16 07:00:00,1,29,20160616071,7,3
2016-06-16 08:00:00,1,27,20160616081,8,3
2016-06-16 09:00:00,1,30,20160616091,9,3
2016-06-16 10:00:00,1,59,20160616101,10,3
2016-06-16 11:00:00,1,64,20160616111,11,3
2016-06-16 12:00:00,1,60,20160616121,12,3
2016-06-16 13:00:00,1,52,20160616131,13,3
2016-06-16 14:00:00,1,55,20160616141,14,3
2016-06-16 15:00:00,1,56,20160616151,15,3
2016-06-16 16:00:00,1,49,20160616161,16,3
2016-06-16 17:00:00,1,51,20160616171,17,3
2016-06-16 18:00:00,1,54,20160616181,18,3
2016-06-16 19:00:00,1,53,20160616191,19,3
2016-06-16 20:00:00,1,52,20160616201,20,3
2016-06-16 21:00:00,1,47,20160616211,21,3
2016-06-16 22:00:00,1,44,20160616221,22,3
2016-06-16 23:00:00,1,48,20160616231,23,3
2016-06-17 00:00:00,1,46,20160617001,0,4
2016-06-17 01:00:00,1,32,20160617011,1,4
2016-06-17 02:00:00,1,31,20160617021,2,4
2016-06-17 03:00:00,1,25,20160617031,3,4
2016-06-17 04:00:00,1,18,20160617041,4,4
2016-06-17 05:00:00,1,18,20160617051,5,4
2016-06-17 06:00:00,1,23,20160617061,6,4
2016-06-17 07:00:00,1,25,20160617071,7,4
2016-06-17 08:00:00,1,27,20160617081,8,4
2016-06-17 09:00:00,1,30,20160617091,9,4
2016-06-17 10:00:00,1,39,20160617101,10,4
2016-06-17 11:00:00,1,48,20160617111,11,4
2016-06-17 12:00:00,1,50,20160617121,12,4
2016-06-17 13:00:00,1,44,20160617131,13,4
2016-06-17 14:00:00,1,55,20160617141,14,4
2016-06-17 15:00:00,1,50,20160617151,15,4
2016-06-17 16:00:00,1,44,20160617161,16,4
2016-06-17 17:00:00,1,44,20160617171,17,4
2016-06-17 18:00:00,1,48,20160617181,18,4
2016-06-17 19:00:00,1,54,20160617191,19,4
2016-06-17 20:00:00,1,58,20160617201,20,4
2016-06-17 21:00:00,1,41,20160617211,21,4
2016-06-17 22:00:00,1,41,20160617221,22,4
2016-06-17 23:00:00,1,42,20160617231,23,4
2016-06-18 00:00:00,1,37,20160618001,0,5
2016-06-18 01:00:00,1,33,20160618011,1,5
2016-06-18 02:00:00,1,27,20160618021,2,5
2016-06-18 03:00:00,1,20,20160618031,3,5
2016-06-18 04:00:00,1,22,20160618041,4,5
2016-06-18 05:00:00,1,16,20160618051,5,5
2016-06-18 06:00:00,1,16,20160618061,6,5
2016-06-18 07:00:00,1,16,20160618071,7,5
2016-06-18 08:00:00,1,22,20160618081,8,5
2016-06-18 09:00:00,1,25,20160618091,9,5
2016-06-18 10:00:00,1,36,20160618101,10,5
2016-06-18 11:00:00,1,42,20160618111,11,5
2016-06-18 12:00:00,1,41,20160618121,12,5
2016-06-18 13:00:00,1,36,20160618131,13,5
2016-06-18 14:00:00,1,32,20160618141,14,5
2016-06-18 15:00:00,1,31,20160618151,15,5
2016-06-18 16:00:00,1,31,20160618161,16,5
2016-06-18 17:00:00,1,30,20160618171,17,5
2016-06-18 18:00:00,1,35,20160618181,18,5
2016-06-18 19:00:00,1,34,20160618191,19,5
2016-06-18 20:00:00,1,35,20160618201,20,5
2016-06-18 21:00:00,1,32,20160618211,21,5
2016-06-18 22:00:00,1,37,20160618221,22,5
2016-06-18 23:00:00,1,33,20160618231,23,5
2016-06-19 00:00:00,1,30,20160619001,0,6
2016-06-19 01:00:00,1,26,20160619011,1,6
2016-06-19 02:00:00,1,19,20160619021,2,6
2016-06-19 03:00:00,1,19,20160619031,3,6
2016-06-19 04:00:00,1,13,20160619041,4,6
2016-06-19 05:00:00,1,15,20160619051,5,6
2016-06-19 06:00:00,1,17,20160619061,6,6
2016-06-19 07:00:00,1,17,20160619071,7,6
2016-06-19 08:00:00,1,19,20160619081,8,6
2016-06-19 09:00:00,1,23,20160619091,9,6
2016-06-19 10:00:00,1,25,20160619101,10,6
2016-06-19 11:00:00,1,27,20160619111,11,6
2016-06-19 12:00:00,1,31,20160619121,12,6
2016-06-19 13:00:00,1,26,20160619131,13,6
2016-06-19 14:00:00,1,29,20160619141,14,6
2016-06-19 15:00:00,1,31,20160619151,15,6
2016-06-19 16:00:00,1,24,20160619161,16,6
2016-06-19 17:00:00,1,30,20160619171,17,6
2016-06-19 18:00:00,1,29,20160619181,18,6
2016-06-19 19:00:00,1,33,20160619191,19,6
2016-06-19 20:00:00,1,31,20160619201,20,6
2016-06-19 21:00:00,1,30,20160619211,21,6
2016-06-19 22:00:00,1,35,20160619221,22,6
2016-06-19 23:00:00,1,34,20160619231,23,6
2016-06-20 00:00:00,1,31,20160620001,0,0
2016-06-20 01:00:00,1,25,20160620011,1,0
2016-06-20 02:00:00,1,18,20160620021,2,0
2016-06-20 03:00:00,1,16,20160620031,3,0
2016-06-20 04:00:00,1,16,20160620041,4,0
2016-06-20 05:00:00,1,19,20160620051,5,0
2016-06-20 06:00:00,1,17,20160620061,6,0
2016-06-20 07:00:00,1,20,20160620071,7,0
2016-06-20 08:00:00,1,24,20160620081,8,0
2016-06-20 09:00:00,1,35,20160620091,9,0
2016-06-20 10:00:00,1,62,20160620101,10,0
2016-06-20 11:00:00,1,70,20160620111,11,0
2016-06-20 12:00:00,1,64,20160620121,12,0
2016-06-20 13:00:00,1,59,20160620131,13,0
2016-06-20 14:00:00,1,59,20160620141,14,0
2016-06-20 15:00:00,1,58,20160620151,15,0
2016-06-20 16:00:00,1,58,20160620161,16,0
2016-06-20 17:00:00,1,59,20160620171,17,0
2016-06-20 18:00:00,1,57,20160620181,18,0
2016-06-20 19:00:00,1,62,20160620191,19,0
2016-06-20 20:00:00,1,60,20160620201,20,0
2016-06-20 21:00:00,1,54,20160620211,21,0
2016-06-20 22:00:00,1,49,20160620221,22,0
2016-06-20 23:00:00,1,52,20160620231,23,0
2016-06-21 00:00:00,1,41,20160621001,0,1
2016-06-21 01:00:00,1,36,20160621011,1,1
2016-06-21 02:00:00,1,33,20160621021,2,1
2016-06-21 03:00:00,1,26,20160621031,3,1
2016-06-21 04:00:00,1,25,20160621041,4,1
2016-06-21 05:00:00,1,22,20160621051,5,1
2016-06-21 06:00:00,1,25,20160621061,6,1
2016-06-21 07:00:00,1,29,20160621071,7,1
2016-06-21 08:00:00,1,33,20160621081,8,1
2016-06-21 09:00:00,1,40,20160621091,9,1
2016-06-21 10:00:00,1,49,20160621101,10,1
2016-06-21 11:00:00,1,61,20160621111,11,1
2016-06-21 12:00:00,1,60,20160621121,12,1
2016-06-21 13:00:00,1,60,20160621131,13,1
2016-06-21 14:00:00,1,59,20160621141,14,1
2016-06-21 15:00:00,1,57,20160621151,15,1
2016-06-21 16:00:00,1,57,20160621161,16,1
2016-06-21 17:00:00,1,51,20160621171,17,1
2016-06-21 18:00:00,1,60,20160621181,18,1
2016-06-21 19:00:00,1,59,20160621191,19,1
2016-06-21 20:00:00,1,58,20160621201,20,1
2016-06-21 21:00:00,1,49,20160621211,21,1
2016-06-21 22:00:00,1,51,20160621221,22,1
2016-06-21 23:00:00,1,48,20160621231,23,1
2016-06-22 00:00:00,1,45,20160622001,0,2
2016-06-22 01:00:00,1,38,20160622011,1,2
2016-06-22 02:00:00,1,32,20160622021,2,2
2016-06-22 03:00:00,1,26,20160622031,3,2
2016-06-22 04:00:00,1,22,20160622041,4,2
2016-06-22 05:00:00,1,20,20160622051,5,2
2016-06-22 06:00:00,1,22,20160622061,6,2
2016-06-22 07:00:00,1,29,20160622071,7,2
2016-06-22 08:00:00,1,33,20160622081,8,2
2016-06-22 09:00:00,1,38,20160622091,9,2
2016-06-22 10:00:00,1,45,20160622101,10,2
2016-06-22 11:00:00,1,55,20160622111,11,2
2016-06-22 12:00:00,1,54,20160622121,12,2
2016-06-22 13:00:00,1,51,20160622131,13,2
2016-06-22 14:00:00,1,53,20160622141,14,2
2016-06-22 15:00:00,1,52,20160622151,15,2
2016-06-22 16:00:00,1,53,20160622161,16,2
2016-06-22 17:00:00,1,58,20160622171,17,2
2016-06-22 18:00:00,1,51,20160622181,18,2
2016-06-22 19:00:00,1,60,20160622191,19,2
2016-06-22 20:00:00,1,52,20160622201,20,2
2016-06-22 21:00:00,1,52,20160622211,21,2
2016-06-22 22:00:00,1,42,20160622221,22,2
2016-06-22 23:00:00,1,46,20160622231,23,2
2016-06-23 00:00:00,1,39,20160623001,0,3
2016-06-23 01:00:00,1,35,20160623011,1,3
2016-06-23 02:00:00,1,31,20160623021,2,3
2016-06-23 03:00:00,1,21,20160623031,3,3
2016-06-23 04:00:00,1,21,20160623041,4,3
2016-06-23 05:00:00,1,20,20160623051,5,3
2016-06-23 06:00:00,1,21,20160623061,6,3
2016-06-23 07:00:00,1,24,20160623071,7,3
2016-06-23 08:00:00,1,28,20160623081,8,3
2016-06-23 09:00:00,1,32,20160623091,9,3
2016-06-23 10:00:00,1,54,20160623101,10,3
2016-06-23 11:00:00,1,62,20160623111,11,3
2016-06-23 12:00:00,1,57,20160623121,12,3
2016-06-23 13:00:00,1,54,20160623131,13,3
2016-06-23 14:00:00,1,57,20160623141,14,3
2016-06-23 15:00:00,1,53,20160623151,15,3
2016-06-23 16:00:00,1,51,20160623161,16,3
2016-06-23 17:00:00,1,55,20160623171,17,3
2016-06-23 18:00:00,1,52,20160623181,18,3
2016-06-23 19:00:00,1,57,20160623191,19,3
2016-06-23 20:00:00,1,51,20160623201,20,3
2016-06-23 21:00:00,1,50,20160623211,21,3
2016-06-23 22:00:00,1,46,20160623221,22,3
2016-06-23 23:00:00,1,44,20160623231,23,3
2016-06-24 00:00:00,1,38,20160624001,0,4
2016-06-24 01:00:00,1,29,20160624011,1,4
2016-06-24 02:00:00,1,32,20160624021,2,4
2016-06-24 03:00:00,1,23,20160624031,3,4
2016-06-24 04:00:00,1,22,20160624041,4,4
2016-06-24 05:00:00,1,17,20160624051,5,4
2016-06-24 06:00:00,1,17,20160624061,6,4
2016-06-24 07:00:00,1,27,20160624071,7,4
2016-06-24 08:00:00,1,27,20160624081,8,4
2016-06-24 09:00:00,1,36,20160624091,9,4
2016-06-24 10:00:00,1,46,20160624101,10,4
2016-06-24 11:00:00,1,48,20160624111,11,4
2016-06-24 12:00:00,1,50,20160624121,12,4
2016-06-24 13:00:00,1,45,20160624131,13,4
2016-06-24 14:00:00,1,48,20160624141,14,4
2016-06-24 15:00:00,1,45,20160624151,15,4
2016-06-24 16:00:00,1,46,20160624161,16,4
2016-06-24 17:00:00,1,45,20160624171,17,4
2016-06-24 18:00:00,1,45,20160624181,18,4
2016-06-24 19:00:00,1,43,20160624191,19,4
2016-06-24 20:00:00,1,46,20160624201,20,4
2016-06-24 21:00:00,1,41,20160624211,21,4
2016-06-24 22:00:00,1,41,20160624221,22,4
2016-06-24 23:00:00,1,35,20160624231,23,4
2016-06-25 00:00:00,1,32,20160625001,0,5
2016-06-25 01:00:00,1,31,20160625011,1,5
2016-06-25 02:00:00,1,26,20160625021,2,5
2016-06-25 03:00:00,1,19,20160625031,3,5
2016-06-25 04:00:00,1,16,20160625041,4,5
2016-06-25 05:00:00,1,14,20160625051,5,5
2016-06-25 06:00:00,1,15,20160625061,6,5
2016-06-25 07:00:00,1,21,20160625071,7,5
2016-06-25 08:00:00,1,17,20160625081,8,5
2016-06-25 09:00:00,1,24,20160625091,9,5
2016-06-25 10:00:00,1,34,20160625101,10,5
2016-06-25 11:00:00,1,31,20160625111,11,5
2016-06-25 12:00:00,1,33,20160625121,12,5
2016-06-25 13:00:00,1,30,20160625131,13,5
2016-06-25 14:00:00,1,27,20160625141,14,5
2016-06-25 15:00:00,1,30,20160625151,15,5
2016-06-25 16:00:00,1,26,20160625161,16,5
2016-06-25 17:00:00,1,25,20160625171,17,5
2016-06-25 18:00:00,1,36,20160625181,18,5
2016-06-25 19:00:00,1,39,20160625191,19,5
2016-06-25 20:00:00,1,35,20160625201,20,5
2016-06-25 21:00:00,1,31,20160625211,21,5
2016-06-25 22:00:00,1,37,20160625221,22,5
2016-06-25 23:00:00,1,31,20160625231,23,5
2016-06-26 00:00:00,1,31,20160626001,0,6
2016-06-26 01:00:00,1,24,20160626011,1,6
2016-06-26 02:00:00,1,23,20160626021,2,6
2016-06-26 03:00:00,1,15,20160626031,3,6
2016-06-26 04:00:00,1,13,20160626041,4,6
2016-06-26 05:00:00,1,11,20160626051,5,6
2016-06-26 06:00:00,1,17,20160626061,6,6
2016-06-26 07:00:00,1,18,20160626071,7,6
2016-06-26 08:00:00,1,21,20160626081,8,6
2016-06-26 09:00:00,1,25,20160626091,9,6
2016-06-26 10:00:00,1,29,20160626101,10,6
2016-06-26 11:00:00,1,32,20160626111,11,6
2016-06-26 12:00:00,1,30,20160626121,12,6
2016-06-26 13:00:00,1,29,20160626131,13,6
2016-06-26 14:00:00,1,25,20160626141,14,6
2016-06-26 15:00:00,1,30,20160626151,15,6
2016-06-26 16:00:00,1,27,20160626161,16,6
2016-06-26 17:00:00,1,27,20160626171,17,6
2016-06-26 18:00:00,1,33,20160626181,18,6
2016-06-26 19:00:00,1,39,20160626191,19,6
2016-06-26 20:00:00,1,41,20160626201,20,6
2016-06-26 21:00:00,1,34,20160626211,21,6
2016-06-26 22:00:00,1,37,20160626221,22,6
2016-06-26 23:00:00,1,36,20160626231,23,6
2016-06-27 00:00:00,1,29,20160627001,0,0
2016-06-27 01:00:00,1,22,20160627011,1,0
2016-06-27 02:00:00,1,20,20160627021,2,0
2016-06-27 03:00:00,1,22,20160627031,3,0
2016-06-27 04:00:00,1,16,20160627041,4,0
2016-06-27 05:00:00,1,15,20160627051,5,0
2016-06-27 06:00:00,1,20,20160627061,6,0
2016-06-27 07:00:00,1,23,20160627071,7,0
2016-06-27 08:00:00,1,27,20160627081,8,0
2016-06-27 09:00:00,1,34,20160627091,9,0
2016-06-27 10:00:00,1,43,20160627101,10,0
2016-06-27 11:00:00,1,57,20160627111,11,0
2016-06-27 12:00:00,1,62,20160627121,12,0
2016-06-27 13:00:00,1,52,20160627131,13,0
2016-06-27 14:00:00,1,59,20160627141,14,0
2016-06-27 15:00:00,1,57,20160627151,15,0
2016-06-27 16:00:00,1,56,20160627161,16,0
2016-06-27 17:00:00,1,54,20160627171,17,0
2016-06-27 18:00:00,1,55,20160627181,18,0
2016-06-27 19:00:00,1,60,20160627191,19,0
2016-06-27 20:00:00,1,58,20160627201,20,0
2016-06-27 21:00:00,1,50,20160627211,21,0
2016-06-27 22:00:00,1,50,20160627221,22,0
2016-06-27 23:00:00,1,45,20160627231,23,0
2016-06-28 00:00:00,1,42,20160628001,0,1
2016-06-28 01:00:00,1,33,20160628011,1,1
2016-06-28 02:00:00,1,29,20160628021,2,1
2016-06-28 03:00:00,1,24,20160628031,3,1
2016-06-28 04:00:00,1,22,20160628041,4,1
2016-06-28 05:00:00,1,19,20160628051,5,1
2016-06-28 06:00:00,1,24,20160628061,6,1
2016-06-28 07:00:00,1,23,20160628071,7,1
2016-06-28 08:00:00,1,31,20160628081,8,1
2016-06-28 09:00:00,1,33,20160628091,9,1
2016-06-28 10:00:00,1,49,20160628101,10,1
2016-06-28 11:00:00,1,55,20160628111,11,1
2016-06-28 12:00:00,1,55,20160628121,12,1
2016-06-28 13:00:00,1,53,20160628131,13,1
2016-06-28 14:00:00,1,56,20160628141,14,1
2016-06-28 15:00:00,1,60,20160628151,15,1
2016-06-28 16:00:00,1,52,20160628161,16,1
2016-06-28 17:00:00,1,55,20160628171,17,1
2016-06-28 18:00:00,1,60,20160628181,18,1
2016-06-28 19:00:00,1,58,20160628191,19,1
2016-06-28 20:00:00,1,56,20160628201,20,1
2016-06-28 21:00:00,1,50,20160628211,21,1
2016-06-28 22:00:00,1,49,20160628221,22,1
2016-06-28 23:00:00,1,47,20160628231,23,1
2016-06-29 00:00:00,1,40,20160629001,0,2
2016-06-29 01:00:00,1,34,20160629011,1,2
2016-06-29 02:00:00,1,31,20160629021,2,2
2016-06-29 03:00:00,1,23,20160629031,3,2
2016-06-29 04:00:00,1,23,20160629041,4,2
2016-06-29 05:00:00,1,20,20160629051,5,2
2016-06-29 06:00:00,1,22,20160629061,6,2
2016-06-29 07:00:00,1,25,20160629071,7,2
2016-06-29 08:00:00,1,30,20160629081,8,2
2016-06-29 09:00:00,1,38,20160629091,9,2
2016-06-29 10:00:00,1,50,20160629101,10,2
2016-06-29 11:00:00,1,76,20160629111,11,2
2016-06-29 12:00:00,1,70,20160629121,12,2
2016-06-29 13:00:00,1,63,20160629131,13,2
2016-06-29 14:00:00,1,64,20160629141,14,2
2016-06-29 15:00:00,1,61,20160629151,15,2
2016-06-29 16:00:00,1,60,20160629161,16,2
2016-06-29 17:00:00,1,55,20160629171,17,2
2016-06-29 18:00:00,1,64,20160629181,18,2
2016-06-29 19:00:00,1,64,20160629191,19,2
2016-06-29 20:00:00,1,52,20160629201,20,2
2016-06-29 21:00:00,1,52,20160629211,21,2
2016-06-29 22:00:00,1,56,20160629221,22,2
2016-06-29 23:00:00,1,49,20160629231,23,2
2016-06-30 00:00:00,1,46,20160630001,0,3
2016-06-30 01:00:00,1,38,20160630011,1,3
2016-06-30 02:00:00,1,32,20160630021,2,3
2016-06-30 03:00:00,1,25,20160630031,3,3
2016-06-30 04:00:00,1,24,20160630041,4,3
2016-06-30 05:00:00,1,19,20160630051,5,3
2016-06-30 06:00:00,1,25,20160630061,6,3
2016-06-30 07:00:00,1,26,20160630071,7,3
2016-06-30 08:00:00,1,30,20160630081,8,3
2016-06-30 09:00:00,1,36,20160630091,9,3
2016-06-30 10:00:00,1,51,20160630101,10,3
2016-06-30 11:00:00,1,56,20160630111,11,3
2016-06-30 12:00:00,1,58,20160630121,12,3
2016-06-30 13:00:00,1,55,20160630131,13,3
2016-06-30 14:00:00,1,58,20160630141,14,3
2016-06-30 15:00:00,1,54,20160630151,15,3
2016-06-30 16:00:00,1,49,20160630161,16,3
2016-06-30 17:00:00,1,56,20160630171,17,3
2016-06-30 18:00:00,1,58,20160630181,18,3
2016-06-30 19:00:00,1,60,20160630191,19,3
2016-06-30 20:00:00,1,55,20160630201,20,3
2016-06-30 21:00:00,1,50,20160630211,21,3
2016-06-30 22:00:00,1,50,20160630221,22,3
2016-06-30 23:00:00,1,46,20160630231,23,3
2016-07-01 00:00:00,1,39,20160701001,0,4
2016-07-01 01:00:00,1,34,20160701011,1,4
2016-07-01 02:00:00,1,33,20160701021,2,4
2016-07-01 03:00:00,1,24,20160701031,3,4
2016-07-01 04:00:00,1,21,20160701041,4,4
2016-07-01 05:00:00,1,18,20160701051,5,4
2016-07-01 06:00:00,1,24,20160701061,6,4
2016-07-01 07:00:00,1,23,20160701071,7,4
2016-07-01 08:00:00,1,29,20160701081,8,4
2016-07-01 09:00:00,1,33,20160701091,9,4
2016-07-01 10:00:00,1,53,20160701101,10,4
2016-07-01 11:00:00,1,64,20160701111,11,4
2016-07-01 12:00:00,1,61,20160701121,12,4
2016-07-01 13:00:00,1,48,20160701131,13,4
2016-07-01 14:00:00,1,58,20160701141,14,4
2016-07-01 15:00:00,1,50,20160701151,15,4
2016-07-01 16:00:00,1,50,20160701161,16,4
2016-07-01 17:00:00,1,51,20160701171,17,4
2016-07-01 18:00:00,1,47,20160701181,18,4
2016-07-01 19:00:00,1,49,20160701191,19,4
2016-07-01 20:00:00,1,55,20160701201,20,4
2016-07-01 21:00:00,1,47,20160701211,21,4
2016-07-01 22:00:00,1,41,20160701221,22,4
2016-07-01 23:00:00,1,37,20160701231,23,4
2016-07-02 00:00:00,1,32,20160702001,0,5
2016-07-02 01:00:00,1,26,20160702011,1,5
2016-07-02 02:00:00,1,26,20160702021,2,5
2016-07-02 03:00:00,1,24,20160702031,3,5
2016-07-02 04:00:00,1,16,20160702041,4,5
2016-07-02 05:00:00,1,17,20160702051,5,5
2016-07-02 06:00:00,1,17,20160702061,6,5
2016-07-02 07:00:00,1,19,20160702071,7,5
2016-07-02 08:00:00,1,20,20160702081,8,5
2016-07-02 09:00:00,1,23,20160702091,9,5
2016-07-02 10:00:00,1,28,20160702101,10,5
2016-07-02 11:00:00,1,29,20160702111,11,5
2016-07-02 12:00:00,1,31,20160702121,12,5
2016-07-02 13:00:00,1,30,20160702131,13,5
2016-07-02 14:00:00,1,30,20160702141,14,5
2016-07-02 15:00:00,1,30,20160702151,15,5
2016-07-02 16:00:00,1,26,20160702161,16,5
2016-07-02 17:00:00,1,29,20160702171,17,5
2016-07-02 18:00:00,1,28,20160702181,18,5
2016-07-02 19:00:00,1,32,20160702191,19,5
2016-07-02 20:00:00,1,34,20160702201,20,5
2016-07-02 21:00:00,1,36,20160702211,21,5
2016-07-02 22:00:00,1,32,20160702221,22,5
2016-07-02 23:00:00,1,33,20160702231,23,5
2016-07-03 00:00:00,1,30,20160703001,0,6
2016-07-03 01:00:00,1,23,20160703011,1,6
2016-07-03 02:00:00,1,20,20160703021,2,6
2016-07-03 03:00:00,1,15,20160703031,3,6
2016-07-03 04:00:00,1,18,20160703041,4,6
2016-07-03 05:00:00,1,15,20160703051,5,6
2016-07-03 06:00:00,1,14,20160703061,6,6
2016-07-03 07:00:00,1,13,20160703071,7,6
2016-07-03 08:00:00,1,15,20160703081,8,6
2016-07-03 09:00:00,1,21,20160703091,9,6
2016-07-03 10:00:00,1,26,20160703101,10,6
2016-07-03 11:00:00,1,25,20160703111,11,6
2016-07-03 12:00:00,1,26,20160703121,12,6
2016-07-03 13:00:00,1,28,20160703131,13,6
2016-07-03 14:00:00,1,24,20160703141,14,6
2016-07-03 15:00:00,1,26,20160703151,15,6
2016-07-03 16:00:00,1,27,20160703161,16,6
2016-07-03 17:00:00,1,29,20160703171,17,6
2016-07-03 18:00:00,1,34,20160703181,18,6
2016-07-03 19:00:00,1,36,20160703191,19,6
2016-07-03 20:00:00,1,38,20160703201,20,6
2016-07-03 21:00:00,1,33,20160703211,21,6
2016-07-03 22:00:00,1,32,20160703221,22,6
2016-07-03 23:00:00,1,35,20160703231,23,6
2016-07-04 00:00:00,1,30,20160704001,0,0
2016-07-04 01:00:00,1,19,20160704011,1,0
2016-07-04 02:00:00,1,19,20160704021,2,0
2016-07-04 03:00:00,1,18,20160704031,3,0
2016-07-04 04:00:00,1,19,20160704041,4,0
2016-07-04 05:00:00,1,14,20160704051,5,0
2016-07-04 06:00:00,1,17,20160704061,6,0
2016-07-04 07:00:00,1,22,20160704071,7,0
2016-07-04 08:00:00,1,23,20160704081,8,0
2016-07-04 09:00:00,1,33,20160704091,9,0
2016-07-04 10:00:00,1,42,20160704101,10,0
2016-07-04 11:00:00,1,67,20160704111,11,0
2016-07-04 12:00:00,1,63,20160704121,12,0
2016-07-04 13:00:00,1,52,20160704131,13,0
2016-07-04 14:00:00,1,58,20160704141,14,0
2016-07-04 15:00:00,1,59,20160704151,15,0
2016-07-04 16:00:00,1,51,20160704161,16,0
2016-07-04 17:00:00,1,52,20160704171,17,0
2016-07-04 18:00:00,1,51,20160704181,18,0
2016-07-04 19:00:00,1,49,20160704191,19,0
2016-07-04 20:00:00,1,47,20160704201,20,0
2016-07-04 21:00:00,1,45,20160704211,21,0
2016-07-04 22:00:00,1,43,20160704221,22,0
2016-07-04 23:00:00,1,40,20160704231,23,0
2016-07-05 00:00:00,1,33,20160705001,0,1
2016-07-05 01:00:00,1,28,20160705011,1,1
2016-07-05 02:00:00,1,25,20160705021,2,1
2016-07-05 03:00:00,1,17,20160705031,3,1
2016-07-05 04:00:00,1,21,20160705041,4,1
2016-07-05 05:00:00,1,17,20160705051,5,1
2016-07-05 06:00:00,1,20,20160705061,6,1
2016-07-05 07:00:00,1,24,20160705071,7,1
2016-07-05 08:00:00,1,25,20160705081,8,1
2016-07-05 09:00:00,1,34,20160705091,9,1
2016-07-05 10:00:00,1,45,20160705101,10,1
2016-07-05 11:00:00,1,55,20160705111,11,1
2016-07-05 12:00:00,1,60,20160705121,12,1
2016-07-05 13:00:00,1,52,20160705131,13,1
2016-07-05 14:00:00,1,57,20160705141,14,1
2016-07-05 15:00:00,1,54,20160705151,15,1
2016-07-05 16:00:00,1,52,20160705161,16,1
2016-07-05 17:00:00,1,52,20160705171,17,1
2016-07-05 18:00:00,1,59,20160705181,18,1
2016-07-05 19:00:00,1,51,20160705191,19,1
2016-07-05 20:00:00,1,52,20160705201,20,1
2016-07-05 21:00:00,1,49,20160705211,21,1
2016-07-05 22:00:00,1,45,20160705221,22,1
2016-07-05 23:00:00,1,46,20160705231,23,1
2016-07-06 00:00:00,1,42,20160706001,0,2
2016-07-06 01:00:00,1,35,20160706011,1,2
2016-07-06 02:00:00,1,30,20160706021,2,2
2016-07-06 03:00:00,1,24,20160706031,3,2
2016-07-06 04:00:00,1,21,20160706041,4,2
2016-07-06 05:00:00,1,17,20160706051,5,2
2016-07-06 06:00:00,1,18,20160706061,6,2
2016-07-06 07:00:00,1,24,20160706071,7,2
2016-07-06 08:00:00,1,23,20160706081,8,2
2016-07-06 09:00:00,1,35,20160706091,9,2
2016-07-06 10:00:00,1,38,20160706101,10,2
2016-07-06 11:00:00,1,46,20160706111,11,2
2016-07-06 12:00:00,1,48,20160706121,12,2
2016-07-06 13:00:00,1,44,20160706131,13,2
2016-07-06 14:00:00,1,41,20160706141,14,2
2016-07-06 15:00:00,1,42,20160706151,15,2
2016-07-06 16:00:00,1,43,20160706161,16,2
2016-07-06 17:00:00,1,49,20160706171,17,2
2016-07-06 18:00:00,1,48,20160706181,18,2
2016-07-06 19:00:00,1,55,20160706191,19,2
2016-07-06 20:00:00,1,55,20160706201,20,2
2016-07-06 21:00:00,1,48,20160706211,21,2
2016-07-06 22:00:00,1,44,20160706221,22,2
2016-07-06 23:00:00,1,46,20160706231,23,2
2016-07-07 00:00:00,1,41,20160707001,0,3
2016-07-07 01:00:00,1,33,20160707011,1,3
2016-07-07 02:00:00,1,30,20160707021,2,3
2016-07-07 03:00:00,1,23,20160707031,3,3
2016-07-07 04:00:00,1,22,20160707041,4,3
2016-07-07 05:00:00,1,22,20160707051,5,3
2016-07-07 06:00:00,1,22,20160707061,6,3
2016-07-07 07:00:00,1,25,20160707071,7,3
2016-07-07 08:00:00,1,23,20160707081,8,3
2016-07-07 09:00:00,1,29,20160707091,9,3
2016-07-07 10:00:00,1,44,20160707101,10,3
2016-07-07 11:00:00,1,53,20160707111,11,3
2016-07-07 12:00:00,1,55,20160707121,12,3
2016-07-07 13:00:00,1,46,20160707131,13,3
2016-07-07 14:00:00,1,47,20160707141,14,3
2016-07-07 15:00:00,1,51,20160707151,15,3
2016-07-07 16:00:00,1,50,20160707161,16,3
2016-07-07 17:00:00,1,49,20160707171,17,3
2016-07-07 18:00:00,1,52,20160707181,18,3
2016-07-07 19:00:00,1,55,20160707191,19,3
2016-07-07 20:00:00,1,48,20160707201,20,3
2016-07-07 21:00:00,1,45,20160707211,21,3
2016-07-07 22:00:00,1,42,20160707221,22,3
2016-07-07 23:00:00,1,41,20160707231,23,3
2016-07-08 00:00:00,1,38,20160708001,0,4
2016-07-08 01:00:00,1,32,20160708011,1,4
2016-07-08 02:00:00,1,26,20160708021,2,4
2016-07-08 03:00:00,1,27,20160708031,3,4
2016-07-08 04:00:00,1,20,20160708041,4,4
2016-07-08 05:00:00,1,15,20160708051,5,4
2016-07-08 06:00:00,1,20,20160708061,6,4
2016-07-08 07:00:00,1,24,20160708071,7,4
2016-07-08 08:00:00,1,25,20160708081,8,4
2016-07-08 09:00:00,1,33,20160708091,9,4
2016-07-08 10:00:00,1,43,20160708101,10,4
2016-07-08 11:00:00,1,48,20160708111,11,4
2016-07-08 12:00:00,1,53,20160708121,12,4
2016-07-08 13:00:00,1,46,20160708131,13,4
2016-07-08 14:00:00,1,50,20160708141,14,4
2016-07-08 15:00:00,1,49,20160708151,15,4
2016-07-08 16:00:00,1,49,20160708161,16,4
2016-07-08 17:00:00,1,43,20160708171,17,4
2016-07-08 18:00:00,1,48,20160708181,18,4
2016-07-08 19:00:00,1,50,20160708191,19,4
2016-07-08 20:00:00,1,47,20160708201,20,4
2016-07-08 21:00:00,1,43,20160708211,21,4
2016-07-08 22:00:00,1,46,20160708221,22,4
2016-07-08 23:00:00,1,43,20160708231,23,4
2016-07-09 00:00:00,1,42,20160709001,0,5
2016-07-09 01:00:00,1,31,20160709011,1,5
2016-07-09 02:00:00,1,26,20160709021,2,5
2016-07-09 03:00:00,1,21,20160709031,3,5
2016-07-09 04:00:00,1,21,20160709041,4,5
2016-07-09 05:00:00,1,18,20160709051,5,5
2016-07-09 06:00:00,1,19,20160709061,6,5
2016-07-09 07:00:00,1,21,20160709071,7,5
2016-07-09 08:00:00,1,23,20160709081,8,5
2016-07-09 09:00:00,1,23,20160709091,9,5
2016-07-09 10:00:00,1,38,20160709101,10,5
2016-07-09 11:00:00,1,31,20160709111,11,5
2016-07-09 12:00:00,1,32,20160709121,12,5
2016-07-09 13:00:00,1,31,20160709131,13,5
2016-07-09 14:00:00,1,31,20160709141,14,5
2016-07-09 15:00:00,1,28,20160709151,15,5
2016-07-09 16:00:00,1,27,20160709161,16,5
2016-07-09 17:00:00,1,32,20160709171,17,5
2016-07-09 18:00:00,1,33,20160709181,18,5
2016-07-09 19:00:00,1,36,20160709191,19,5
2016-07-09 20:00:00,1,32,20160709201,20,5
2016-07-09 21:00:00,1,33,20160709211,21,5
2016-07-09 22:00:00,1,35,20160709221,22,5
2016-07-09 23:00:00,1,31,20160709231,23,5
2016-07-10 00:00:00,1,29,20160710001,0,6
2016-07-10 01:00:00,1,26,20160710011,1,6
2016-07-10 02:00:00,1,16,20160710021,2,6
2016-07-10 03:00:00,1,20,20160710031,3,6
2016-07-10 04:00:00,1,15,20160710041,4,6
2016-07-10 05:00:00,1,14,20160710051,5,6
2016-07-10 06:00:00,1,13,20160710061,6,6
2016-07-10 07:00:00,1,16,20160710071,7,6
2016-07-10 08:00:00,1,20,20160710081,8,6
2016-07-10 09:00:00,1,24,20160710091,9,6
2016-07-10 10:00:00,1,26,20160710101,10,6
2016-07-10 11:00:00,1,30,20160710111,11,6
2016-07-10 12:00:00,1,28,20160710121,12,6
2016-07-10 13:00:00,1,32,20160710131,13,6
2016-07-10 14:00:00,1,25,20160710141,14,6
2016-07-10 15:00:00,1,28,20160710151,15,6
2016-07-10 16:00:00,1,30,20160710161,16,6
2016-07-10 17:00:00,1,28,20160710171,17,6
2016-07-10 18:00:00,1,32,20160710181,18,6
2016-07-10 19:00:00,1,34,20160710191,19,6
2016-07-10 20:00:00,1,33,20160710201,20,6
2016-07-10 21:00:00,1,34,20160710211,21,6
2016-07-10 22:00:00,1,34,20160710221,22,6
2016-07-10 23:00:00,1,35,20160710231,23,6
2016-07-11 00:00:00,1,31,20160711001,0,0
2016-07-11 01:00:00,1,24,20160711011,1,0
2016-07-11 02:00:00,1,20,20160711021,2,0
2016-07-11 03:00:00,1,19,20160711031,3,0
2016-07-11 04:00:00,1,18,20160711041,4,0
2016-07-11 05:00:00,1,17,20160711051,5,0
2016-07-11 06:00:00,1,19,20160711061,6,0
2016-07-11 07:00:00,1,22,20160711071,7,0
2016-07-11 08:00:00,1,28,20160711081,8,0
2016-07-11 09:00:00,1,35,20160711091,9,0
2016-07-11 10:00:00,1,50,20160711101,10,0
2016-07-11 11:00:00,1,79,20160711111,11,0
2016-07-11 12:00:00,1,70,20160711121,12,0
2016-07-11 13:00:00,1,64,20160711131,13,0
2016-07-11 14:00:00,1,64,20160711141,14,0
2016-07-11 15:00:00,1,66,20160711151,15,0
2016-07-11 16:00:00,1,60,20160711161,16,0
2016-07-11 17:00:00,1,62,20160711171,17,0
2016-07-11 18:00:00,1,65,20160711181,18,0
2016-07-11 19:00:00,1,66,20160711191,19,0
2016-07-11 20:00:00,1,63,20160711201,20,0
2016-07-11 21:00:00,1,57,20160711211,21,0
2016-07-11 22:00:00,1,55,20160711221,22,0
2016-07-11 23:00:00,1,51,20160711231,23,0
2016-07-12 00:00:00,1,42,20160712001,0,1
2016-07-12 01:00:00,1,40,20160712011,1,1
2016-07-12 02:00:00,1,32,20160712021,2,1
2016-07-12 03:00:00,1,22,20160712031,3,1
2016-07-12 04:00:00,1,22,20160712041,4,1
2016-07-12 05:00:00,1,24,20160712051,5,1
2016-07-12 06:00:00,1,25,20160712061,6,1
2016-07-12 07:00:00,1,23,20160712071,7,1
2016-07-12 08:00:00,1,30,20160712081,8,1
2016-07-12 09:00:00,1,35,20160712091,9,1
2016-07-12 10:00:00,1,45,20160712101,10,1
2016-07-12 11:00:00,1,58,20160712111,11,1
2016-07-12 12:00:00,1,57,20160712121,12,1
2016-07-12 13:00:00,1,55,20160712131,13,1
2016-07-12 14:00:00,1,58,20160712141,14,1
2016-07-12 15:00:00,1,52,20160712151,15,1
2016-07-12 16:00:00,1,54,20160712161,16,1
2016-07-12 17:00:00,1,54,20160712171,17,1
2016-07-12 18:00:00,1,57,20160712181,18,1
2016-07-12 19:00:00,1,62,20160712191,19,1
2016-07-12 20:00:00,1,62,20160712201,20,1
2016-07-12 21:00:00,1,51,20160712211,21,1
2016-07-12 22:00:00,1,50,20160712221,22,1
2016-07-12 23:00:00,1,53,20160712231,23,1
2016-07-13 00:00:00,1,41,20160713001,0,2
2016-07-13 01:00:00,1,36,20160713011,1,2
2016-07-13 02:00:00,1,31,20160713021,2,2
2016-07-13 03:00:00,1,24,20160713031,3,2
2016-07-13 04:00:00,1,19,20160713041,4,2
2016-07-13 05:00:00,1,22,20160713051,5,2
2016-07-13 06:00:00,1,25,20160713061,6,2
2016-07-13 07:00:00,1,26,20160713071,7,2
2016-07-13 08:00:00,1,32,20160713081,8,2
2016-07-13 09:00:00,1,34,20160713091,9,2
2016-07-13 10:00:00,1,46,20160713101,10,2
2016-07-13 11:00:00,1,51,20160713111,11,2
2016-07-13 12:00:00,1,57,20160713121,12,2
2016-07-13 13:00:00,1,54,20160713131,13,2
2016-07-13 14:00:00,1,53,20160713141,14,2
2016-07-13 15:00:00,1,60,20160713151,15,2
2016-07-13 16:00:00,1,57,20160713161,16,2
2016-07-13 17:00:00,1,50,20160713171,17,2
2016-07-13 18:00:00,1,52,20160713181,18,2
2016-07-13 19:00:00,1,57,20160713191,19,2
2016-07-13 20:00:00,1,55,20160713201,20,2
2016-07-13 21:00:00,1,50,20160713211,21,2
2016-07-13 22:00:00,1,46,20160713221,22,2
2016-07-13 23:00:00,1,47,20160713231,23,2
2016-07-14 00:00:00,1,41,20160714001,0,3
2016-07-14 01:00:00,1,36,20160714011,1,3
2016-07-14 02:00:00,1,31,20160714021,2,3
2016-07-14 03:00:00,1,27,20160714031,3,3
2016-07-14 04:00:00,1,23,20160714041,4,3
2016-07-14 05:00:00,1,18,20160714051,5,3
2016-07-14 06:00:00,1,25,20160714061,6,3
2016-07-14 07:00:00,1,27,20160714071,7,3
2016-07-14 08:00:00,1,32,20160714081,8,3
2016-07-14 09:00:00,1,36,20160714091,9,3
2016-07-14 10:00:00,1,49,20160714101,10,3
2016-07-14 11:00:00,1,64,20160714111,11,3
2016-07-14 12:00:00,1,65,20160714121,12,3
2016-07-14 13:00:00,1,54,20160714131,13,3
2016-07-14 14:00:00,1,58,20160714141,14,3
2016-07-14 15:00:00,1,57,20160714151,15,3
2016-07-14 16:00:00,1,57,20160714161,16,3
2016-07-14 17:00:00,1,56,20160714171,17,3
2016-07-14 18:00:00,1,58,20160714181,18,3
2016-07-14 19:00:00,1,59,20160714191,19,3
2016-07-14 20:00:00,1,59,20160714201,20,3
2016-07-14 21:00:00,1,52,20160714211,21,3
2016-07-14 22:00:00,1,49,20160714221,22,3
2016-07-14 23:00:00,1,49,20160714231,23,3
2016-07-15 00:00:00,1,45,20160715001,0,4
2016-07-15 01:00:00,1,41,20160715011,1,4
2016-07-15 02:00:00,1,32,20160715021,2,4
2016-07-15 03:00:00,1,30,20160715031,3,4
2016-07-15 04:00:00,1,24,20160715041,4,4
2016-07-15 05:00:00,1,19,20160715051,5,4
2016-07-15 06:00:00,1,23,20160715061,6,4
2016-07-15 07:00:00,1,25,20160715071,7,4
2016-07-15 08:00:00,1,31,20160715081,8,4
2016-07-15 09:00:00,1,39,20160715091,9,4
2016-07-15 10:00:00,1,49,20160715101,10,4
2016-07-15 11:00:00,1,56,20160715111,11,4
2016-07-15 12:00:00,1,62,20160715121,12,4
2016-07-15 13:00:00,1,50,20160715131,13,4
2016-07-15 14:00:00,1,54,20160715141,14,4
2016-07-15 15:00:00,1,50,20160715151,15,4
2016-07-15 16:00:00,1,47,20160715161,16,4
2016-07-15 17:00:00,1,49,20160715171,17,4
2016-07-15 18:00:00,1,53,20160715181,18,4
2016-07-15 19:00:00,1,57,20160715191,19,4
2016-07-15 20:00:00,1,50,20160715201,20,4
2016-07-15 21:00:00,1,48,20160715211,21,4
2016-07-15 22:00:00,1,50,20160715221,22,4
2016-07-15 23:00:00,1,44,20160715231,23,4
2016-07-16 00:00:00,1,42,20160716001,0,5
2016-07-16 01:00:00,1,33,20160716011,1,5
2016-07-16 02:00:00,1,30,20160716021,2,5
2016-07-16 03:00:00,1,20,20160716031,3,5
2016-07-16 04:00:00,1,18,20160716041,4,5
2016-07-16 05:00:00,1,14,20160716051,5,5
2016-07-16 06:00:00,1,14,20160716061,6,5
2016-07-16 07:00:00,1,20,20160716071,7,5
2016-07-16 08:00:00,1,20,20160716081,8,5
2016-07-16 09:00:00,1,23,20160716091,9,5
2016-07-16 10:00:00,1,32,20160716101,10,5
2016-07-16 11:00:00,1,32,20160716111,11,5
2016-07-16 12:00:00,1,31,20160716121,12,5
2016-07-16 13:00:00,1,27,20160716131,13,5
2016-07-16 14:00:00,1,30,20160716141,14,5
2016-07-16 15:00:00,1,27,20160716151,15,5
2016-07-16 16:00:00,1,29,20160716161,16,5
2016-07-16 17:00:00,1,29,20160716171,17,5
2016-07-16 18:00:00,1,30,20160716181,18,5
2016-07-16 19:00:00,1,42,20160716191,19,5
2016-07-16 20:00:00,1,40,20160716201,20,5
2016-07-16 21:00:00,1,36,20160716211,21,5
2016-07-16 22:00:00,1,34,20160716221,22,5
2016-07-16 23:00:00,1,37,20160716231,23,5
2016-07-17 00:00:00,1,35,20160717001,0,6
2016-07-17 01:00:00,1,23,20160717011,1,6
2016-07-17 02:00:00,1,22,20160717021,2,6
2016-07-17 03:00:00,1,17,20160717031,3,6
2016-07-17 04:00:00,1,14,20160717041,4,6
2016-07-17 05:00:00,1,14,20160717051,5,6
2016-07-17 06:00:00,1,14,20160717061,6,6
2016-07-17 07:00:00,1,14,20160717071,7,6
2016-07-17 08:00:00,1,21,20160717081,8,6
2016-07-17 09:00:00,1,27,20160717091,9,6
2016-07-17 10:00:00,1,29,20160717101,10,6
2016-07-17 11:00:00,1,34,20160717111,11,6
2016-07-17 12:00:00,1,35,20160717121,12,6
2016-07-17 13:00:00,1,33,20160717131,13,6
2016-07-17 14:00:00,1,28,20160717141,14,6
2016-07-17 15:00:00,1,27,20160717151,15,6
2016-07-17 16:00:00,1,29,20160717161,16,6
2016-07-17 17:00:00,1,28,20160717171,17,6
2016-07-17 18:00:00,1,32,20160717181,18,6
2016-07-17 19:00:00,1,36,20160717191,19,6
2016-07-17 20:00:00,1,38,20160717201,20,6
2016-07-17 21:00:00,1,36,20160717211,21,6
2016-07-17 22:00:00,1,37,20160717221,22,6
2016-07-17 23:00:00,1,35,20160717231,23,6
2016-07-18 00:00:00,1,35,20160718001,0,0
2016-07-18 01:00:00,1,26,20160718011,1,0
2016-07-18 02:00:00,1,19,20160718021,2,0
2016-07-18 03:00:00,1,20,20160718031,3,0
2016-07-18 04:00:00,1,15,20160718041,4,0
2016-07-18 05:00:00,1,19,20160718051,5,0
2016-07-18 06:00:00,1,19,20160718061,6,0
2016-07-18 07:00:00,1,23,20160718071,7,0
2016-07-18 08:00:00,1,26,20160718081,8,0
2016-07-18 09:00:00,1,33,20160718091,9,0
2016-07-18 10:00:00,1,42,20160718101,10,0
2016-07-18 11:00:00,1,68,20160718111,11,0
2016-07-18 12:00:00,1,69,20160718121,12,0
2016-07-18 13:00:00,1,60,20160718131,13,0
2016-07-18 14:00:00,1,61,20160718141,14,0
2016-07-18 15:00:00,1,58,20160718151,15,0
2016-07-18 16:00:00,1,60,20160718161,16,0
2016-07-18 17:00:00,1,58,20160718171,17,0
2016-07-18 18:00:00,1,64,20160718181,18,0
2016-07-18 19:00:00,1,62,20160718191,19,0
2016-07-18 20:00:00,1,61,20160718201,20,0
2016-07-18 21:00:00,1,53,20160718211,21,0
2016-07-18 22:00:00,1,53,20160718221,22,0
2016-07-18 23:00:00,1,51,20160718231,23,0
2016-07-19 00:00:00,1,47,20160719001,0,1
2016-07-19 01:00:00,1,35,20160719011,1,1
2016-07-19 02:00:00,1,33,20160719021,2,1
2016-07-19 03:00:00,1,23,20160719031,3,1
2016-07-19 04:00:00,1,25,20160719041,4,1
2016-07-19 05:00:00,1,21,20160719051,5,1
2016-07-19 06:00:00,1,25,20160719061,6,1
2016-07-19 07:00:00,1,32,20160719071,7,1
2016-07-19 08:00:00,1,32,20160719081,8,1
2016-07-19 09:00:00,1,40,20160719091,9,1
2016-07-19 10:00:00,1,49,20160719101,10,1
2016-07-19 11:00:00,1,56,20160719111,11,1
2016-07-19 12:00:00,1,62,20160719121,12,1
2016-07-19 13:00:00,1,55,20160719131,13,1
2016-07-19 14:00:00,1,62,20160719141,14,1
2016-07-19 15:00:00,1,59,20160719151,15,1
2016-07-19 16:00:00,1,53,20160719161,16,1
2016-07-19 17:00:00,1,56,20160719171,17,1
2016-07-19 18:00:00,1,62,20160719181,18,1
2016-07-19 19:00:00,1,68,20160719191,19,1
2016-07-19 20:00:00,1,64,20160719201,20,1
2016-07-19 21:00:00,1,58,20160719211,21,1
2016-07-19 22:00:00,1,58,20160719221,22,1
2016-07-19 23:00:00,1,53,20160719231,23,1
2016-07-20 00:00:00,1,47,20160720001,0,2
2016-07-20 01:00:00,1,44,20160720011,1,2
2016-07-20 02:00:00,1,37,20160720021,2,2
2016-07-20 03:00:00,1,28,20160720031,3,2
2016-07-20 04:00:00,1,25,20160720041,4,2
2016-07-20 05:00:00,1,22,20160720051,5,2
2016-07-20 06:00:00,1,26,20160720061,6,2
2016-07-20 07:00:00,1,31,20160720071,7,2
2016-07-20 08:00:00,1,37,20160720081,8,2
2016-07-20 09:00:00,1,43,20160720091,9,2
2016-07-20 10:00:00,1,54,20160720101,10,2
2016-07-20 11:00:00,1,61,20160720111,11,2
2016-07-20 12:00:00,1,59,20160720121,12,2
2016-07-20 13:00:00,1,54,20160720131,13,2
2016-07-20 14:00:00,1,61,20160720141,14,2
2016-07-20 15:00:00,1,59,20160720151,15,2
2016-07-20 16:00:00,1,57,20160720161,16,2
2016-07-20 17:00:00,1,59,20160720171,17,2
2016-07-20 18:00:00,1,61,20160720181,18,2
2016-07-20 19:00:00,1,63,20160720191,19,2
2016-07-20 20:00:00,1,58,20160720201,20,2
2016-07-20 21:00:00,1,56,20160720211,21,2
2016-07-20 22:00:00,1,54,20160720221,22,2
2016-07-20 23:00:00,1,51,20160720231,23,2
2016-07-21 00:00:00,1,44,20160721001,0,3
2016-07-21 01:00:00,1,40,20160721011,1,3
2016-07-21 02:00:00,1,34,20160721021,2,3
2016-07-21 03:00:00,1,24,20160721031,3,3
2016-07-21 04:00:00,1,23,20160721041,4,3
2016-07-21 05:00:00,1,20,20160721051,5,3
2016-07-21 06:00:00,1,24,20160721061,6,3
2016-07-21 07:00:00,1,24,20160721071,7,3
2016-07-21 08:00:00,1,30,20160721081,8,3
2016-07-21 09:00:00,1,39,20160721091,9,3
2016-07-21 10:00:00,1,47,20160721101,10,3
2016-07-21 11:00:00,1,86,20160721111,11,3
2016-07-21 12:00:00,1,73,20160721121,12,3
2016-07-21 13:00:00,1,66,20160721131,13,3
2016-07-21 14:00:00,1,66,20160721141,14,3
2016-07-21 15:00:00,1,64,20160721151,15,3
2016-07-21 16:00:00,1,61,20160721161,16,3
2016-07-21 17:00:00,1,58,20160721171,17,3
2016-07-21 18:00:00,1,65,20160721181,18,3
2016-07-21 19:00:00,1,62,20160721191,19,3
2016-07-21 20:00:00,1,69,20160721201,20,3
2016-07-21 21:00:00,1,60,20160721211,21,3
2016-07-21 22:00:00,1,53,20160721221,22,3
2016-07-21 23:00:00,1,51,20160721231,23,3
2016-07-22 00:00:00,1,44,20160722001,0,4
2016-07-22 01:00:00,1,39,20160722011,1,4
2016-07-22 02:00:00,1,30,20160722021,2,4
2016-07-22 03:00:00,1,25,20160722031,3,4
2016-07-22 04:00:00,1,23,20160722041,4,4
2016-07-22 05:00:00,1,19,20160722051,5,4
2016-07-22 06:00:00,1,20,20160722061,6,4
2016-07-22 07:00:00,1,24,20160722071,7,4
2016-07-22 08:00:00,1,31,20160722081,8,4
2016-07-22 09:00:00,1,40,20160722091,9,4
2016-07-22 10:00:00,1,43,20160722101,10,4
2016-07-22 11:00:00,1,63,20160722111,11,4
2016-07-22 12:00:00,1,63,20160722121,12,4
2016-07-22 13:00:00,1,51,20160722131,13,4
2016-07-22 14:00:00,1,56,20160722141,14,4
2016-07-22 15:00:00,1,58,20160722151,15,4
2016-07-22 16:00:00,1,56,20160722161,16,4
2016-07-22 17:00:00,1,57,20160722171,17,4
2016-07-22 18:00:00,1,60,20160722181,18,4
2016-07-22 19:00:00,1,60,20160722191,19,4
2016-07-22 20:00:00,1,55,20160722201,20,4
2016-07-22 21:00:00,1,52,20160722211,21,4
2016-07-22 22:00:00,1,50,20160722221,22,4
2016-07-22 23:00:00,1,49,20160722231,23,4
2016-07-23 00:00:00,1,55,20160723001,0,5
2016-07-23 01:00:00,1,36,20160723011,1,5
2016-07-23 02:00:00,1,32,20160723021,2,5
2016-07-23 03:00:00,1,26,20160723031,3,5
2016-07-23 04:00:00,1,21,20160723041,4,5
2016-07-23 05:00:00,1,20,20160723051,5,5
2016-07-23 06:00:00,1,18,20160723061,6,5
2016-07-23 07:00:00,1,21,20160723071,7,5
2016-07-23 08:00:00,1,24,20160723081,8,5
2016-07-23 09:00:00,1,27,20160723091,9,5
2016-07-23 10:00:00,1,38,20160723101,10,5
2016-07-23 11:00:00,1,39,20160723111,11,5
2016-07-23 12:00:00,1,37,20160723121,12,5
2016-07-23 13:00:00,1,35,20160723131,13,5
2016-07-23 14:00:00,1,35,20160723141,14,5
2016-07-23 15:00:00,1,34,20160723151,15,5
2016-07-23 16:00:00,1,33,20160723161,16,5
2016-07-23 17:00:00,1,30,20160723171,17,5
2016-07-23 18:00:00,1,36,20160723181,18,5
2016-07-23 19:00:00,1,33,20160723191,19,5
2016-07-23 20:00:00,1,38,20160723201,20,5
2016-07-23 21:00:00,1,38,20160723211,21,5
2016-07-23 22:00:00,1,42,20160723221,22,5
2016-07-23 23:00:00,1,38,20160723231,23,5
2016-07-24 00:00:00,1,33,20160724001,0,6
2016-07-24 01:00:00,1,27,20160724011,1,6
2016-07-24 02:00:00,1,22,20160724021,2,6
2016-07-24 03:00:00,1,20,20160724031,3,6
2016-07-24 04:00:00,1,18,20160724041,4,6
2016-07-24 05:00:00,1,17,20160724051,5,6
2016-07-24 06:00:00,1,16,20160724061,6,6
2016-07-24 07:00:00,1,18,20160724071,7,6
2016-07-24 08:00:00,1,19,20160724081,8,6
2016-07-24 09:00:00,1,27,20160724091,9,6
2016-07-24 10:00:00,1,35,20160724101,10,6
2016-07-24 11:00:00,1,38,20160724111,11,6
2016-07-24 12:00:00,1,33,20160724121,12,6
2016-07-24 13:00:00,1,34,20160724131,13,6
2016-07-24 14:00:00,1,36,20160724141,14,6
2016-07-24 15:00:00,1,37,20160724151,15,6
2016-07-24 16:00:00,1,31,20160724161,16,6
2016-07-24 17:00:00,1,32,20160724171,17,6
2016-07-24 18:00:00,1,36,20160724181,18,6
2016-07-24 19:00:00,1,38,20160724191,19,6
2016-07-24 20:00:00,1,43,20160724201,20,6
2016-07-24 21:00:00,1,41,20160724211,21,6
2016-07-24 22:00:00,1,42,20160724221,22,6
2016-07-24 23:00:00,1,40,20160724231,23,6
2016-07-25 00:00:00,1,36,20160725001,0,0
2016-07-25 01:00:00,1,28,20160725011,1,0
2016-07-25 02:00:00,1,25,20160725021,2,0
2016-07-25 03:00:00,1,22,20160725031,3,0
2016-07-25 04:00:00,1,16,20160725041,4,0
2016-07-25 05:00:00,1,20,20160725051,5,0
2016-07-25 06:00:00,1,24,20160725061,6,0
2016-07-25 07:00:00,1,27,20160725071,7,0
2016-07-25 08:00:00,1,31,20160725081,8,0
2016-07-25 09:00:00,1,38,20160725091,9,0
2016-07-25 10:00:00,1,54,20160725101,10,0
2016-07-25 11:00:00,1,77,20160725111,11,0
2016-07-25 12:00:00,1,74,20160725121,12,0
2016-07-25 13:00:00,1,61,20160725131,13,0
2016-07-25 14:00:00,1,68,20160725141,14,0
2016-07-25 15:00:00,1,64,20160725151,15,0
2016-07-25 16:00:00,1,59,20160725161,16,0
2016-07-25 17:00:00,1,61,20160725171,17,0
2016-07-25 18:00:00,1,67,20160725181,18,0
2016-07-25 19:00:00,1,67,20160725191,19,0
2016-07-25 20:00:00,1,65,20160725201,20,0
2016-07-25 21:00:00,1,61,20160725211,21,0
2016-07-25 22:00:00,1,56,20160725221,22,0
2016-07-25 23:00:00,1,58,20160725231,23,0
2016-07-26 00:00:00,1,52,20160726001,0,1
2016-07-26 01:00:00,1,39,20160726011,1,1
2016-07-26 02:00:00,1,37,20160726021,2,1
2016-07-26 03:00:00,1,28,20160726031,3,1
2016-07-26 04:00:00,1,23,20160726041,4,1
2016-07-26 05:00:00,1,24,20160726051,5,1
2016-07-26 06:00:00,1,23,20160726061,6,1
2016-07-26 07:00:00,1,28,20160726071,7,1
2016-07-26 08:00:00,1,33,20160726081,8,1
2016-07-26 09:00:00,1,40,20160726091,9,1
2016-07-26 10:00:00,1,57,20160726101,10,1
2016-07-26 11:00:00,1,58,20160726111,11,1
2016-07-26 12:00:00,1,68,20160726121,12,1
2016-07-26 13:00:00,1,58,20160726131,13,1
2016-07-26 14:00:00,1,60,20160726141,14,1
2016-07-26 15:00:00,1,62,20160726151,15,1
2016-07-26 16:00:00,1,59,20160726161,16,1
2016-07-26 17:00:00,1,57,20160726171,17,1
2016-07-26 18:00:00,1,66,20160726181,18,1
2016-07-26 19:00:00,1,69,20160726191,19,1
2016-07-26 20:00:00,1,65,20160726201,20,1
2016-07-26 21:00:00,1,57,20160726211,21,1
2016-07-26 22:00:00,1,53,20160726221,22,1
2016-07-26 23:00:00,1,50,20160726231,23,1
2016-07-27 00:00:00,1,45,20160727001,0,2
2016-07-27 01:00:00,1,40,20160727011,1,2
2016-07-27 02:00:00,1,35,20160727021,2,2
2016-07-27 03:00:00,1,28,20160727031,3,2
2016-07-27 04:00:00,1,20,20160727041,4,2
2016-07-27 05:00:00,1,23,20160727051,5,2
2016-07-27 06:00:00,1,24,20160727061,6,2
2016-07-27 07:00:00,1,29,20160727071,7,2
2016-07-27 08:00:00,1,29,20160727081,8,2
2016-07-27 09:00:00,1,40,20160727091,9,2
2016-07-27 10:00:00,1,52,20160727101,10,2
2016-07-27 11:00:00,1,57,20160727111,11,2
2016-07-27 12:00:00,1,62,20160727121,12,2
2016-07-27 13:00:00,1,51,20160727131,13,2
2016-07-27 14:00:00,1,59,20160727141,14,2
2016-07-27 15:00:00,1,54,20160727151,15,2
2016-07-27 16:00:00,1,56,20160727161,16,2
2016-07-27 17:00:00,1,59,20160727171,17,2
2016-07-27 18:00:00,1,60,20160727181,18,2
2016-07-27 19:00:00,1,59,20160727191,19,2
2016-07-27 20:00:00,1,59,20160727201,20,2
2016-07-27 21:00:00,1,57,20160727211,21,2
2016-07-27 22:00:00,1,55,20160727221,22,2
2016-07-27 23:00:00,1,52,20160727231,23,2
2016-07-28 00:00:00,1,50,20160728001,0,3
2016-07-28 01:00:00,1,42,20160728011,1,3
2016-07-28 02:00:00,1,33,20160728021,2,3
2016-07-28 03:00:00,1,30,20160728031,3,3
2016-07-28 04:00:00,1,23,20160728041,4,3
2016-07-28 05:00:00,1,23,20160728051,5,3
2016-07-28 06:00:00,1,27,20160728061,6,3
2016-07-28 07:00:00,1,29,20160728071,7,3
2016-07-28 08:00:00,1,29,20160728081,8,3
2016-07-28 09:00:00,1,39,20160728091,9,3
2016-07-28 10:00:00,1,49,20160728101,10,3
2016-07-28 11:00:00,1,69,20160728111,11,3
2016-07-28 12:00:00,1,71,20160728121,12,3
2016-07-28 13:00:00,1,56,20160728131,13,3
2016-07-28 14:00:00,1,65,20160728141,14,3
2016-07-28 15:00:00,1,59,20160728151,15,3
2016-07-28 16:00:00,1,55,20160728161,16,3
2016-07-28 17:00:00,1,57,20160728171,17,3
2016-07-28 18:00:00,1,64,20160728181,18,3
2016-07-28 19:00:00,1,66,20160728191,19,3
2016-07-28 20:00:00,1,62,20160728201,20,3
2016-07-28 21:00:00,1,58,20160728211,21,3
2016-07-28 22:00:00,1,61,20160728221,22,3
2016-07-28 23:00:00,1,56,20160728231,23,3
2016-07-29 00:00:00,1,51,20160729001,0,4
2016-07-29 01:00:00,1,41,20160729011,1,4
2016-07-29 02:00:00,1,30,20160729021,2,4
2016-07-29 03:00:00,1,28,20160729031,3,4
2016-07-29 04:00:00,1,22,20160729041,4,4
2016-07-29 05:00:00,1,23,20160729051,5,4
2016-07-29 06:00:00,1,23,20160729061,6,4
2016-07-29 07:00:00,1,27,20160729071,7,4
2016-07-29 08:00:00,1,30,20160729081,8,4
2016-07-29 09:00:00,1,37,20160729091,9,4
2016-07-29 10:00:00,1,48,20160729101,10,4
2016-07-29 11:00:00,1,54,20160729111,11,4
2016-07-29 12:00:00,1,59,20160729121,12,4
2016-07-29 13:00:00,1,49,20160729131,13,4
2016-07-29 14:00:00,1,55,20160729141,14,4
2016-07-29 15:00:00,1,54,20160729151,15,4
2016-07-29 16:00:00,1,49,20160729161,16,4
2016-07-29 17:00:00,1,51,20160729171,17,4
2016-07-29 18:00:00,1,57,20160729181,18,4
2016-07-29 19:00:00,1,56,20160729191,19,4
2016-07-29 20:00:00,1,50,20160729201,20,4
2016-07-29 21:00:00,1,50,20160729211,21,4
2016-07-29 22:00:00,1,43,20160729221,22,4
2016-07-29 23:00:00,1,42,20160729231,23,4
2016-07-30 00:00:00,1,44,20160730001,0,5
2016-07-30 01:00:00,1,37,20160730011,1,5
2016-07-30 02:00:00,1,29,20160730021,2,5
2016-07-30 03:00:00,1,22,20160730031,3,5
2016-07-30 04:00:00,1,18,20160730041,4,5
2016-07-30 05:00:00,1,18,20160730051,5,5
2016-07-30 06:00:00,1,15,20160730061,6,5
2016-07-30 07:00:00,1,17,20160730071,7,5
2016-07-30 08:00:00,1,19,20160730081,8,5
2016-07-30 09:00:00,1,26,20160730091,9,5
2016-07-30 10:00:00,1,36,20160730101,10,5
2016-07-30 11:00:00,1,35,20160730111,11,5
2016-07-30 12:00:00,1,39,20160730121,12,5
2016-07-30 13:00:00,1,38,20160730131,13,5
2016-07-30 14:00:00,1,33,20160730141,14,5
2016-07-30 15:00:00,1,35,20160730151,15,5
2016-07-30 16:00:00,1,33,20160730161,16,5
2016-07-30 17:00:00,1,31,20160730171,17,5
2016-07-30 18:00:00,1,37,20160730181,18,5
2016-07-30 19:00:00,1,44,20160730191,19,5
2016-07-30 20:00:00,1,41,20160730201,20,5
2016-07-30 21:00:00,1,41,20160730211,21,5
2016-07-30 22:00:00,1,42,20160730221,22,5
2016-07-30 23:00:00,1,40,20160730231,23,5
2016-07-31 00:00:00,1,33,20160731001,0,6
2016-07-31 01:00:00,1,27,20160731011,1,6
2016-07-31 02:00:00,1,23,20160731021,2,6
2016-07-31 03:00:00,1,21,20160731031,3,6
2016-07-31 04:00:00,1,16,20160731041,4,6
2016-07-31 05:00:00,1,18,20160731051,5,6
2016-07-31 06:00:00,1,14,20160731061,6,6
2016-07-31 07:00:00,1,18,20160731071,7,6
2016-07-31 08:00:00,1,22,20160731081,8,6
2016-07-31 09:00:00,1,28,20160731091,9,6
2016-07-31 10:00:00,1,31,20160731101,10,6
2016-07-31 11:00:00,1,34,20160731111,11,6
2016-07-31 12:00:00,1,34,20160731121,12,6
2016-07-31 13:00:00,1,29,20160731131,13,6
2016-07-31 14:00:00,1,30,20160731141,14,6
2016-07-31 15:00:00,1,32,20160731151,15,6
2016-07-31 16:00:00,1,33,20160731161,16,6
2016-07-31 17:00:00,1,34,20160731171,17,6
2016-07-31 18:00:00,1,35,20160731181,18,6
2016-07-31 19:00:00,1,42,20160731191,19,6
2016-07-31 20:00:00,1,42,20160731201,20,6
2016-07-31 21:00:00,1,40,20160731211,21,6
2016-07-31 22:00:00,1,39,20160731221,22,6
2016-07-31 23:00:00,1,38,20160731231,23,6
2016-08-01 00:00:00,1,33,20160801001,0,0
2016-08-01 01:00:00,1,27,20160801011,1,0
2016-08-01 02:00:00,1,24,20160801021,2,0
2016-08-01 03:00:00,1,19,20160801031,3,0
2016-08-01 04:00:00,1,18,20160801041,4,0
2016-08-01 05:00:00,1,19,20160801051,5,0
2016-08-01 06:00:00,1,24,20160801061,6,0
2016-08-01 07:00:00,1,27,20160801071,7,0
2016-08-01 08:00:00,1,31,20160801081,8,0
2016-08-01 09:00:00,1,35,20160801091,9,0
2016-08-01 10:00:00,1,52,20160801101,10,0
2016-08-01 11:00:00,1,72,20160801111,11,0
2016-08-01 12:00:00,1,71,20160801121,12,0
2016-08-01 13:00:00,1,55,20160801131,13,0
2016-08-01 14:00:00,1,62,20160801141,14,0
2016-08-01 15:00:00,1,66,20160801151,15,0
2016-08-01 16:00:00,1,65,20160801161,16,0
2016-08-01 17:00:00,1,61,20160801171,17,0
2016-08-01 18:00:00,1,64,20160801181,18,0
2016-08-01 19:00:00,1,65,20160801191,19,0
2016-08-01 20:00:00,1,64,20160801201,20,0
2016-08-01 21:00:00,1,53,20160801211,21,0
2016-08-01 22:00:00,1,58,20160801221,22,0
2016-08-01 23:00:00,1,50,20160801231,23,0
2016-08-02 00:00:00,1,45,20160802001,0,1
2016-08-02 01:00:00,1,37,20160802011,1,1
2016-08-02 02:00:00,1,38,20160802021,2,1
2016-08-02 03:00:00,1,30,20160802031,3,1
2016-08-02 04:00:00,1,23,20160802041,4,1
2016-08-02 05:00:00,1,21,20160802051,5,1
2016-08-02 06:00:00,1,28,20160802061,6,1
2016-08-02 07:00:00,1,31,20160802071,7,1
2016-08-02 08:00:00,1,33,20160802081,8,1
2016-08-02 09:00:00,1,41,20160802091,9,1
2016-08-02 10:00:00,1,52,20160802101,10,1
2016-08-02 11:00:00,1,57,20160802111,11,1
2016-08-02 12:00:00,1,61,20160802121,12,1
2016-08-02 13:00:00,1,57,20160802131,13,1
2016-08-02 14:00:00,1,62,20160802141,14,1
2016-08-02 15:00:00,1,59,20160802151,15,1
2016-08-02 16:00:00,1,57,20160802161,16,1
2016-08-02 17:00:00,1,58,20160802171,17,1
2016-08-02 18:00:00,1,58,20160802181,18,1
2016-08-02 19:00:00,1,73,20160802191,19,1
2016-08-02 20:00:00,1,70,20160802201,20,1
2016-08-02 21:00:00,1,64,20160802211,21,1
2016-08-02 22:00:00,1,61,20160802221,22,1
2016-08-02 23:00:00,1,57,20160802231,23,1
2016-08-03 00:00:00,1,47,20160803001,0,2
2016-08-03 01:00:00,1,41,20160803011,1,2
2016-08-03 02:00:00,1,37,20160803021,2,2
2016-08-03 03:00:00,1,30,20160803031,3,2
2016-08-03 04:00:00,1,23,20160803041,4,2
2016-08-03 05:00:00,1,24,20160803051,5,2
2016-08-03 06:00:00,1,28,20160803061,6,2
2016-08-03 07:00:00,1,28,20160803071,7,2
2016-08-03 08:00:00,1,35,20160803081,8,2
2016-08-03 09:00:00,1,42,20160803091,9,2
2016-08-03 10:00:00,1,55,20160803101,10,2
2016-08-03 11:00:00,1,72,20160803111,11,2
2016-08-03 12:00:00,1,69,20160803121,12,2
2016-08-03 13:00:00,1,60,20160803131,13,2
2016-08-03 14:00:00,1,62,20160803141,14,2
2016-08-03 15:00:00,1,69,20160803151,15,2
2016-08-03 16:00:00,1,60,20160803161,16,2
2016-08-03 17:00:00,1,64,20160803171,17,2
2016-08-03 18:00:00,1,64,20160803181,18,2
2016-08-03 19:00:00,1,67,20160803191,19,2
2016-08-03 20:00:00,1,61,20160803201,20,2
2016-08-03 21:00:00,1,59,20160803211,21,2
2016-08-03 22:00:00,1,56,20160803221,22,2
2016-08-03 23:00:00,1,57,20160803231,23,2
2016-08-04 00:00:00,1,47,20160804001,0,3
2016-08-04 01:00:00,1,43,20160804011,1,3
2016-08-04 02:00:00,1,36,20160804021,2,3
2016-08-04 03:00:00,1,29,20160804031,3,3
2016-08-04 04:00:00,1,23,20160804041,4,3
2016-08-04 05:00:00,1,25,20160804051,5,3
2016-08-04 06:00:00,1,26,20160804061,6,3
2016-08-04 07:00:00,1,29,20160804071,7,3
2016-08-04 08:00:00,1,38,20160804081,8,3
2016-08-04 09:00:00,1,44,20160804091,9,3
2016-08-04 10:00:00,1,46,20160804101,10,3
2016-08-04 11:00:00,1,59,20160804111,11,3
2016-08-04 12:00:00,1,63,20160804121,12,3
2016-08-04 13:00:00,1,55,20160804131,13,3
2016-08-04 14:00:00,1,62,20160804141,14,3
2016-08-04 15:00:00,1,61,20160804151,15,3
2016-08-04 16:00:00,1,53,20160804161,16,3
2016-08-04 17:00:00,1,55,20160804171,17,3
2016-08-04 18:00:00,1,60,20160804181,18,3
2016-08-04 19:00:00,1,61,20160804191,19,3
2016-08-04 20:00:00,1,55,20160804201,20,3
2016-08-04 21:00:00,1,51,20160804211,21,3
2016-08-04 22:00:00,1,57,20160804221,22,3
2016-08-04 23:00:00,1,49,20160804231,23,3
2016-08-05 00:00:00,1,44,20160805001,0,4
2016-08-05 01:00:00,1,38,20160805011,1,4
2016-08-05 02:00:00,1,33,20160805021,2,4
2016-08-05 03:00:00,1,23,20160805031,3,4
2016-08-05 04:00:00,1,19,20160805041,4,4
2016-08-05 05:00:00,1,21,20160805051,5,4
2016-08-05 06:00:00,1,23,20160805061,6,4
2016-08-05 07:00:00,1,25,20160805071,7,4
2016-08-05 08:00:00,1,32,20160805081,8,4
2016-08-05 09:00:00,1,38,20160805091,9,4
2016-08-05 10:00:00,1,50,20160805101,10,4
2016-08-05 11:00:00,1,51,20160805111,11,4
2016-08-05 12:00:00,1,56,20160805121,12,4
2016-08-05 13:00:00,1,51,20160805131,13,4
2016-08-05 14:00:00,1,58,20160805141,14,4
2016-08-05 15:00:00,1,56,20160805151,15,4
2016-08-05 16:00:00,1,48,20160805161,16,4
2016-08-05 17:00:00,1,47,20160805171,17,4
2016-08-05 18:00:00,1,52,20160805181,18,4
2016-08-05 19:00:00,1,55,20160805191,19,4
2016-08-05 20:00:00,1,53,20160805201,20,4
2016-08-05 21:00:00,1,47,20160805211,21,4
2016-08-05 22:00:00,1,46,20160805221,22,4
2016-08-05 23:00:00,1,41,20160805231,23,4
2016-08-06 00:00:00,1,42,20160806001,0,5
2016-08-06 01:00:00,1,34,20160806011,1,5
2016-08-06 02:00:00,1,30,20160806021,2,5
2016-08-06 03:00:00,1,23,20160806031,3,5
2016-08-06 04:00:00,1,20,20160806041,4,5
2016-08-06 05:00:00,1,18,20160806051,5,5
2016-08-06 06:00:00,1,12,20160806061,6,5
2016-08-06 07:00:00,1,19,20160806071,7,5
2016-08-06 08:00:00,1,23,20160806081,8,5
2016-08-06 09:00:00,1,26,20160806091,9,5
2016-08-06 10:00:00,1,32,20160806101,10,5
2016-08-06 11:00:00,1,37,20160806111,11,5
2016-08-06 12:00:00,1,30,20160806121,12,5
2016-08-06 13:00:00,1,32,20160806131,13,5
2016-08-06 14:00:00,1,29,20160806141,14,5
2016-08-06 15:00:00,1,32,20160806151,15,5
2016-08-06 16:00:00,1,34,20160806161,16,5
2016-08-06 17:00:00,1,29,20160806171,17,5
2016-08-06 18:00:00,1,34,20160806181,18,5
2016-08-06 19:00:00,1,38,20160806191,19,5
2016-08-06 20:00:00,1,38,20160806201,20,5
2016-08-06 21:00:00,1,36,20160806211,21,5
2016-08-06 22:00:00,1,35,20160806221,22,5
2016-08-06 23:00:00,1,34,20160806231,23,5
2016-08-07 00:00:00,1,27,20160807001,0,6
2016-08-07 01:00:00,1,22,20160807011,1,6
2016-08-07 02:00:00,1,20,20160807021,2,6
2016-08-07 03:00:00,1,19,20160807031,3,6
2016-08-07 04:00:00,1,18,20160807041,4,6
2016-08-07 05:00:00,1,14,20160807051,5,6
2016-08-07 06:00:00,1,17,20160807061,6,6
2016-08-07 07:00:00,1,17,20160807071,7,6
2016-08-07 08:00:00,1,20,20160807081,8,6
2016-08-07 09:00:00,1,24,20160807091,9,6
2016-08-07 10:00:00,1,29,20160807101,10,6
2016-08-07 11:00:00,1,33,20160807111,11,6
2016-08-07 12:00:00,1,31,20160807121,12,6
2016-08-07 13:00:00,1,32,20160807131,13,6
2016-08-07 14:00:00,1,29,20160807141,14,6
2016-08-07 15:00:00,1,29,20160807151,15,6
2016-08-07 16:00:00,1,30,20160807161,16,6
2016-08-07 17:00:00,1,33,20160807171,17,6
2016-08-07 18:00:00,1,33,20160807181,18,6
2016-08-07 19:00:00,1,35,20160807191,19,6
2016-08-07 20:00:00,1,33,20160807201,20,6
2016-08-07 21:00:00,1,34,20160807211,21,6
2016-08-07 22:00:00,1,37,20160807221,22,6
2016-08-07 23:00:00,1,37,20160807231,23,6
2016-08-08 00:00:00,1,36,20160808001,0,0
2016-08-08 01:00:00,1,28,20160808011,1,0
2016-08-08 02:00:00,1,26,20160808021,2,0
2016-08-08 03:00:00,1,23,20160808031,3,0
2016-08-08 04:00:00,1,19,20160808041,4,0
2016-08-08 05:00:00,1,17,20160808051,5,0
2016-08-08 06:00:00,1,24,20160808061,6,0
2016-08-08 07:00:00,1,27,20160808071,7,0
2016-08-08 08:00:00,1,31,20160808081,8,0
2016-08-08 09:00:00,1,36,20160808091,9,0
2016-08-08 10:00:00,1,50,20160808101,10,0
2016-08-08 11:00:00,1,72,20160808111,11,0
2016-08-08 12:00:00,1,70,20160808121,12,0
2016-08-08 13:00:00,1,58,20160808131,13,0
2016-08-08 14:00:00,1,66,20160808141,14,0
2016-08-08 15:00:00,1,69,20160808151,15,0
2016-08-08 16:00:00,1,66,20160808161,16,0
2016-08-08 17:00:00,1,66,20160808171,17,0
2016-08-08 18:00:00,1,70,20160808181,18,0
2016-08-08 19:00:00,1,66,20160808191,19,0
2016-08-08 20:00:00,1,66,20160808201,20,0
2016-08-08 21:00:00,1,58,20160808211,21,0
2016-08-08 22:00:00,1,62,20160808221,22,0
2016-08-08 23:00:00,1,54,20160808231,23,0
2016-08-09 00:00:00,1,49,20160809001,0,1
2016-08-09 01:00:00,1,40,20160809011,1,1
2016-08-09 02:00:00,1,34,20160809021,2,1
2016-08-09 03:00:00,1,26,20160809031,3,1
2016-08-09 04:00:00,1,24,20160809041,4,1
2016-08-09 05:00:00,1,23,20160809051,5,1
2016-08-09 06:00:00,1,28,20160809061,6,1
2016-08-09 07:00:00,1,29,20160809071,7,1
2016-08-09 08:00:00,1,36,20160809081,8,1
2016-08-09 09:00:00,1,38,20160809091,9,1
2016-08-09 10:00:00,1,50,20160809101,10,1
2016-08-09 11:00:00,1,55,20160809111,11,1
2016-08-09 12:00:00,1,61,20160809121,12,1
2016-08-09 13:00:00,1,51,20160809131,13,1
2016-08-09 14:00:00,1,57,20160809141,14,1
2016-08-09 15:00:00,1,55,20160809151,15,1
2016-08-09 16:00:00,1,60,20160809161,16,1
2016-08-09 17:00:00,1,56,20160809171,17,1
2016-08-09 18:00:00,1,60,20160809181,18,1
2016-08-09 19:00:00,1,70,20160809191,19,1
2016-08-09 20:00:00,1,67,20160809201,20,1
2016-08-09 21:00:00,1,59,20160809211,21,1
2016-08-09 22:00:00,1,54,20160809221,22,1
2016-08-09 23:00:00,1,53,20160809231,23,1
2016-08-10 00:00:00,1,48,20160810001,0,2
2016-08-10 01:00:00,1,37,20160810011,1,2
2016-08-10 02:00:00,1,34,20160810021,2,2
2016-08-10 03:00:00,1,27,20160810031,3,2
2016-08-10 04:00:00,1,22,20160810041,4,2
2016-08-10 05:00:00,1,25,20160810051,5,2
2016-08-10 06:00:00,1,23,20160810061,6,2
2016-08-10 07:00:00,1,29,20160810071,7,2
2016-08-10 08:00:00,1,35,20160810081,8,2
2016-08-10 09:00:00,1,41,20160810091,9,2
2016-08-10 10:00:00,1,50,20160810101,10,2
2016-08-10 11:00:00,1,55,20160810111,11,2
2016-08-10 12:00:00,1,60,20160810121,12,2
2016-08-10 13:00:00,1,52,20160810131,13,2
2016-08-10 14:00:00,1,58,20160810141,14,2
2016-08-10 15:00:00,1,57,20160810151,15,2
2016-08-10 16:00:00,1,50,20160810161,16,2
2016-08-10 17:00:00,1,55,20160810171,17,2
2016-08-10 18:00:00,1,62,20160810181,18,2
2016-08-10 19:00:00,1,61,20160810191,19,2
2016-08-10 20:00:00,1,58,20160810201,20,2
2016-08-10 21:00:00,1,51,20160810211,21,2
2016-08-10 22:00:00,1,51,20160810221,22,2
2016-08-10 23:00:00,1,53,20160810231,23,2
2016-08-11 00:00:00,1,40,20160811001,0,3
2016-08-11 01:00:00,1,34,20160811011,1,3
2016-08-11 02:00:00,1,30,20160811021,2,3
2016-08-11 03:00:00,1,27,20160811031,3,3
2016-08-11 04:00:00,1,20,20160811041,4,3
2016-08-11 05:00:00,1,24,20160811051,5,3
2016-08-11 06:00:00,1,25,20160811061,6,3
2016-08-11 07:00:00,1,27,20160811071,7,3
2016-08-11 08:00:00,1,31,20160811081,8,3
2016-08-11 09:00:00,1,37,20160811091,9,3
2016-08-11 10:00:00,1,44,20160811101,10,3
2016-08-11 11:00:00,1,63,20160811111,11,3
2016-08-11 12:00:00,1,65,20160811121,12,3
2016-08-11 13:00:00,1,53,20160811131,13,3
2016-08-11 14:00:00,1,58,20160811141,14,3
2016-08-11 15:00:00,1,59,20160811151,15,3
2016-08-11 16:00:00,1,55,20160811161,16,3
2016-08-11 17:00:00,1,61,20160811171,17,3
2016-08-11 18:00:00,1,59,20160811181,18,3
2016-08-11 19:00:00,1,63,20160811191,19,3
2016-08-11 20:00:00,1,57,20160811201,20,3
2016-08-11 21:00:00,1,52,20160811211,21,3
2016-08-11 22:00:00,1,57,20160811221,22,3
2016-08-11 23:00:00,1,52,20160811231,23,3
2016-08-12 00:00:00,1,49,20160812001,0,4
2016-08-12 01:00:00,1,35,20160812011,1,4
2016-08-12 02:00:00,1,33,20160812021,2,4
2016-08-12 03:00:00,1,27,20160812031,3,4
2016-08-12 04:00:00,1,24,20160812041,4,4
2016-08-12 05:00:00,1,22,20160812051,5,4
2016-08-12 06:00:00,1,26,20160812061,6,4
2016-08-12 07:00:00,1,31,20160812071,7,4
2016-08-12 08:00:00,1,34,20160812081,8,4
2016-08-12 09:00:00,1,38,20160812091,9,4
2016-08-12 10:00:00,1,52,20160812101,10,4
2016-08-12 11:00:00,1,60,20160812111,11,4
2016-08-12 12:00:00,1,60,20160812121,12,4
2016-08-12 13:00:00,1,49,20160812131,13,4
2016-08-12 14:00:00,1,53,20160812141,14,4
2016-08-12 15:00:00,1,54,20160812151,15,4
2016-08-12 16:00:00,1,49,20160812161,16,4
2016-08-12 17:00:00,1,55,20160812171,17,4
2016-08-12 18:00:00,1,54,20160812181,18,4
2016-08-12 19:00:00,1,53,20160812191,19,4
2016-08-12 20:00:00,1,53,20160812201,20,4
2016-08-12 21:00:00,1,49,20160812211,21,4
2016-08-12 22:00:00,1,47,20160812221,22,4
2016-08-12 23:00:00,1,46,20160812231,23,4
2016-08-13 00:00:00,1,37,20160813001,0,5
2016-08-13 01:00:00,1,34,20160813011,1,5
2016-08-13 02:00:00,1,25,20160813021,2,5
2016-08-13 03:00:00,1,25,20160813031,3,5
2016-08-13 04:00:00,1,19,20160813041,4,5
2016-08-13 05:00:00,1,16,20160813051,5,5
2016-08-13 06:00:00,1,15,20160813061,6,5
2016-08-13 07:00:00,1,21,20160813071,7,5
2016-08-13 08:00:00,1,19,20160813081,8,5
2016-08-13 09:00:00,1,22,20160813091,9,5
2016-08-13 10:00:00,1,30,20160813101,10,5
2016-08-13 11:00:00,1,32,20160813111,11,5
2016-08-13 12:00:00,1,32,20160813121,12,5
2016-08-13 13:00:00,1,27,20160813131,13,5
2016-08-13 14:00:00,1,28,20160813141,14,5
2016-08-13 15:00:00,1,26,20160813151,15,5
2016-08-13 16:00:00,1,27,20160813161,16,5
2016-08-13 17:00:00,1,26,20160813171,17,5
2016-08-13 18:00:00,1,29,20160813181,18,5
2016-08-13 19:00:00,1,39,20160813191,19,5
2016-08-13 20:00:00,1,37,20160813201,20,5
2016-08-13 21:00:00,1,33,20160813211,21,5
2016-08-13 22:00:00,1,37,20160813221,22,5
2016-08-13 23:00:00,1,39,20160813231,23,5
2016-08-14 00:00:00,1,30,20160814001,0,6
2016-08-14 01:00:00,1,23,20160814011,1,6
2016-08-14 02:00:00,1,22,20160814021,2,6
2016-08-14 03:00:00,1,17,20160814031,3,6
2016-08-14 04:00:00,1,16,20160814041,4,6
2016-08-14 05:00:00,1,17,20160814051,5,6
2016-08-14 06:00:00,1,17,20160814061,6,6
2016-08-14 07:00:00,1,21,20160814071,7,6
2016-08-14 08:00:00,1,23,20160814081,8,6
2016-08-14 09:00:00,1,25,20160814091,9,6
2016-08-14 10:00:00,1,31,20160814101,10,6
2016-08-14 11:00:00,1,30,20160814111,11,6
2016-08-14 12:00:00,1,28,20160814121,12,6
2016-08-14 13:00:00,1,29,20160814131,13,6
2016-08-14 14:00:00,1,31,20160814141,14,6
2016-08-14 15:00:00,1,29,20160814151,15,6
2016-08-14 16:00:00,1,30,20160814161,16,6
2016-08-14 17:00:00,1,31,20160814171,17,6
2016-08-14 18:00:00,1,33,20160814181,18,6
2016-08-14 19:00:00,1,45,20160814191,19,6
2016-08-14 20:00:00,1,39,20160814201,20,6
2016-08-14 21:00:00,1,36,20160814211,21,6
2016-08-14 22:00:00,1,34,20160814221,22,6
2016-08-14 23:00:00,1,33,20160814231,23,6
2016-08-15 00:00:00,1,31,20160815001,0,0
2016-08-15 01:00:00,1,31,20160815011,1,0
2016-08-15 02:00:00,1,24,20160815021,2,0
2016-08-15 03:00:00,1,21,20160815031,3,0
2016-08-15 04:00:00,1,19,20160815041,4,0
2016-08-15 05:00:00,1,20,20160815051,5,0
2016-08-15 06:00:00,1,20,20160815061,6,0
2016-08-15 07:00:00,1,27,20160815071,7,0
2016-08-15 08:00:00,1,26,20160815081,8,0
2016-08-15 09:00:00,1,30,20160815091,9,0
2016-08-15 10:00:00,1,33,20160815101,10,0
2016-08-15 11:00:00,1,39,20160815111,11,0
2016-08-15 12:00:00,1,42,20160815121,12,0
2016-08-15 13:00:00,1,35,20160815131,13,0
2016-08-15 14:00:00,1,36,20160815141,14,0
2016-08-15 15:00:00,1,37,20160815151,15,0
2016-08-15 16:00:00,1,34,20160815161,16,0
2016-08-15 17:00:00,1,42,20160815171,17,0
2016-08-15 18:00:00,1,49,20160815181,18,0
2016-08-15 19:00:00,1,52,20160815191,19,0
2016-08-15 20:00:00,1,54,20160815201,20,0
2016-08-15 21:00:00,1,53,20160815211,21,0
2016-08-15 22:00:00,1,46,20160815221,22,0
2016-08-15 23:00:00,1,50,20160815231,23,0
2016-08-16 00:00:00,1,47,20160816001,0,1
2016-08-16 01:00:00,1,37,20160816011,1,1
2016-08-16 02:00:00,1,37,20160816021,2,1
2016-08-16 03:00:00,1,26,20160816031,3,1
2016-08-16 04:00:00,1,22,20160816041,4,1
2016-08-16 05:00:00,1,20,20160816051,5,1
2016-08-16 06:00:00,1,26,20160816061,6,1
2016-08-16 07:00:00,1,30,20160816071,7,1
2016-08-16 08:00:00,1,31,20160816081,8,1
2016-08-16 09:00:00,1,34,20160816091,9,1
2016-08-16 10:00:00,1,49,20160816101,10,1
2016-08-16 11:00:00,1,60,20160816111,11,1
2016-08-16 12:00:00,1,59,20160816121,12,1
2016-08-16 13:00:00,1,51,20160816131,13,1
2016-08-16 14:00:00,1,61,20160816141,14,1
2016-08-16 15:00:00,1,64,20160816151,15,1
2016-08-16 16:00:00,1,56,20160816161,16,1
2016-08-16 17:00:00,1,57,20160816171,17,1
2016-08-16 18:00:00,1,62,20160816181,18,1
2016-08-16 19:00:00,1,65,20160816191,19,1
2016-08-16 20:00:00,1,60,20160816201,20,1
2016-08-16 21:00:00,1,54,20160816211,21,1
2016-08-16 22:00:00,1,51,20160816221,22,1
2016-08-16 23:00:00,1,48,20160816231,23,1
2016-08-17 00:00:00,1,43,20160817001,0,2
2016-08-17 01:00:00,1,42,20160817011,1,2
2016-08-17 02:00:00,1,34,20160817021,2,2
2016-08-17 03:00:00,1,25,20160817031,3,2
2016-08-17 04:00:00,1,28,20160817041,4,2
2016-08-17 05:00:00,1,27,20160817051,5,2
2016-08-17 06:00:00,1,26,20160817061,6,2
2016-08-17 07:00:00,1,30,20160817071,7,2
2016-08-17 08:00:00,1,31,20160817081,8,2
2016-08-17 09:00:00,1,40,20160817091,9,2
2016-08-17 10:00:00,1,48,20160817101,10,2
2016-08-17 11:00:00,1,56,20160817111,11,2
2016-08-17 12:00:00,1,56,20160817121,12,2
2016-08-17 13:00:00,1,50,20160817131,13,2
2016-08-17 14:00:00,1,57,20160817141,14,2
2016-08-17 15:00:00,1,57,20160817151,15,2
2016-08-17 16:00:00,1,54,20160817161,16,2
2016-08-17 17:00:00,1,51,20160817171,17,2
2016-08-17 18:00:00,1,57,20160817181,18,2
2016-08-17 19:00:00,1,65,20160817191,19,2
2016-08-17 20:00:00,1,56,20160817201,20,2
2016-08-17 21:00:00,1,56,20160817211,21,2
2016-08-17 22:00:00,1,57,20160817221,22,2
2016-08-17 23:00:00,1,52,20160817231,23,2
2016-08-18 00:00:00,1,49,20160818001,0,3
2016-08-18 01:00:00,1,45,20160818011,1,3
2016-08-18 02:00:00,1,38,20160818021,2,3
2016-08-18 03:00:00,1,25,20160818031,3,3
2016-08-18 04:00:00,1,27,20160818041,4,3
2016-08-18 05:00:00,1,25,20160818051,5,3
2016-08-18 06:00:00,1,24,20160818061,6,3
2016-08-18 07:00:00,1,30,20160818071,7,3
2016-08-18 08:00:00,1,31,20160818081,8,3
2016-08-18 09:00:00,1,40,20160818091,9,3
2016-08-18 10:00:00,1,51,20160818101,10,3
2016-08-18 11:00:00,1,55,20160818111,11,3
2016-08-18 12:00:00,1,55,20160818121,12,3
2016-08-18 13:00:00,1,51,20160818131,13,3
2016-08-18 14:00:00,1,54,20160818141,14,3
2016-08-18 15:00:00,1,53,20160818151,15,3
2016-08-18 16:00:00,1,53,20160818161,16,3
2016-08-18 17:00:00,1,53,20160818171,17,3
2016-08-18 18:00:00,1,56,20160818181,18,3
2016-08-18 19:00:00,1,58,20160818191,19,3
2016-08-18 20:00:00,1,57,20160818201,20,3
2016-08-18 21:00:00,1,50,20160818211,21,3
2016-08-18 22:00:00,1,48,20160818221,22,3
2016-08-18 23:00:00,1,51,20160818231,23,3
2016-08-19 00:00:00,1,46,20160819001,0,4
2016-08-19 01:00:00,1,39,20160819011,1,4
2016-08-19 02:00:00,1,35,20160819021,2,4
2016-08-19 03:00:00,1,24,20160819031,3,4
2016-08-19 04:00:00,1,22,20160819041,4,4
2016-08-19 05:00:00,1,21,20160819051,5,4
2016-08-19 06:00:00,1,22,20160819061,6,4
2016-08-19 07:00:00,1,25,20160819071,7,4
2016-08-19 08:00:00,1,32,20160819081,8,4
2016-08-19 09:00:00,1,33,20160819091,9,4
2016-08-19 10:00:00,1,42,20160819101,10,4
2016-08-19 11:00:00,1,55,20160819111,11,4
2016-08-19 12:00:00,1,59,20160819121,12,4
2016-08-19 13:00:00,1,49,20160819131,13,4
2016-08-19 14:00:00,1,49,20160819141,14,4
2016-08-19 15:00:00,1,50,20160819151,15,4
2016-08-19 16:00:00,1,52,20160819161,16,4
2016-08-19 17:00:00,1,54,20160819171,17,4
2016-08-19 18:00:00,1,52,20160819181,18,4
2016-08-19 19:00:00,1,52,20160819191,19,4
2016-08-19 20:00:00,1,44,20160819201,20,4
2016-08-19 21:00:00,1,46,20160819211,21,4
2016-08-19 22:00:00,1,45,20160819221,22,4
2016-08-19 23:00:00,1,44,20160819231,23,4
2016-08-20 00:00:00,1,41,20160820001,0,5
2016-08-20 01:00:00,1,29,20160820011,1,5
2016-08-20 02:00:00,1,29,20160820021,2,5
2016-08-20 03:00:00,1,24,20160820031,3,5
2016-08-20 04:00:00,1,17,20160820041,4,5
2016-08-20 05:00:00,1,16,20160820051,5,5
2016-08-20 06:00:00,1,19,20160820061,6,5
2016-08-20 07:00:00,1,18,20160820071,7,5
2016-08-20 08:00:00,1,20,20160820081,8,5
2016-08-20 09:00:00,1,23,20160820091,9,5
2016-08-20 10:00:00,1,30,20160820101,10,5
2016-08-20 11:00:00,1,34,20160820111,11,5
2016-08-20 12:00:00,1,32,20160820121,12,5
2016-08-20 13:00:00,1,40,20160820131,13,5
2016-08-20 14:00:00,1,31,20160820141,14,5
2016-08-20 15:00:00,1,36,20160820151,15,5
2016-08-20 16:00:00,1,32,20160820161,16,5
2016-08-20 17:00:00,1,34,20160820171,17,5
2016-08-20 18:00:00,1,35,20160820181,18,5
2016-08-20 19:00:00,1,41,20160820191,19,5
2016-08-20 20:00:00,1,39,20160820201,20,5
2016-08-20 21:00:00,1,40,20160820211,21,5
2016-08-20 22:00:00,1,40,20160820221,22,5
2016-08-20 23:00:00,1,31,20160820231,23,5
2016-08-21 00:00:00,1,36,20160821001,0,6
2016-08-21 01:00:00,1,28,20160821011,1,6
2016-08-21 02:00:00,1,23,20160821021,2,6
2016-08-21 03:00:00,1,16,20160821031,3,6
2016-08-21 04:00:00,1,14,20160821041,4,6
2016-08-21 05:00:00,1,17,20160821051,5,6
2016-08-21 06:00:00,1,15,20160821061,6,6
2016-08-21 07:00:00,1,16,20160821071,7,6
2016-08-21 08:00:00,1,17,20160821081,8,6
2016-08-21 09:00:00,1,30,20160821091,9,6
2016-08-21 10:00:00,1,31,20160821101,10,6
2016-08-21 11:00:00,1,36,20160821111,11,6
2016-08-21 12:00:00,1,38,20160821121,12,6
2016-08-21 13:00:00,1,32,20160821131,13,6
2016-08-21 14:00:00,1,32,20160821141,14,6
2016-08-21 15:00:00,1,28,20160821151,15,6
2016-08-21 16:00:00,1,32,20160821161,16,6
2016-08-21 17:00:00,1,32,20160821171,17,6
2016-08-21 18:00:00,1,41,20160821181,18,6
2016-08-21 19:00:00,1,44,20160821191,19,6
2016-08-21 20:00:00,1,41,20160821201,20,6
2016-08-21 21:00:00,1,46,20160821211,21,6
2016-08-21 22:00:00,1,42,20160821221,22,6
2016-08-21 23:00:00,1,39,20160821231,23,6
2016-08-22 00:00:00,1,32,20160822001,0,0
2016-08-22 01:00:00,1,25,20160822011,1,0
2016-08-22 02:00:00,1,27,20160822021,2,0
2016-08-22 03:00:00,1,23,20160822031,3,0
2016-08-22 04:00:00,1,18,20160822041,4,0
2016-08-22 05:00:00,1,18,20160822051,5,0
2016-08-22 06:00:00,1,25,20160822061,6,0
2016-08-22 07:00:00,1,29,20160822071,7,0
2016-08-22 08:00:00,1,31,20160822081,8,0
2016-08-22 09:00:00,1,36,20160822091,9,0
2016-08-22 10:00:00,1,50,20160822101,10,0
2016-08-22 11:00:00,1,78,20160822111,11,0
2016-08-22 12:00:00,1,74,20160822121,12,0
2016-08-22 13:00:00,1,60,20160822131,13,0
2016-08-22 14:00:00,1,64,20160822141,14,0
2016-08-22 15:00:00,1,64,20160822151,15,0
2016-08-22 16:00:00,1,62,20160822161,16,0
2016-08-22 17:00:00,1,59,20160822171,17,0
2016-08-22 18:00:00,1,62,20160822181,18,0
2016-08-22 19:00:00,1,69,20160822191,19,0
2016-08-22 20:00:00,1,63,20160822201,20,0
2016-08-22 21:00:00,1,61,20160822211,21,0
2016-08-22 22:00:00,1,61,20160822221,22,0
2016-08-22 23:00:00,1,53,20160822231,23,0
2016-08-23 00:00:00,1,52,20160823001,0,1
2016-08-23 01:00:00,1,43,20160823011,1,1
2016-08-23 02:00:00,1,39,20160823021,2,1
2016-08-23 03:00:00,1,27,20160823031,3,1
2016-08-23 04:00:00,1,23,20160823041,4,1
2016-08-23 05:00:00,1,21,20160823051,5,1
2016-08-23 06:00:00,1,29,20160823061,6,1
2016-08-23 07:00:00,1,31,20160823071,7,1
2016-08-23 08:00:00,1,34,20160823081,8,1
2016-08-23 09:00:00,1,43,20160823091,9,1
2016-08-23 10:00:00,1,56,20160823101,10,1
2016-08-23 11:00:00,1,65,20160823111,11,1
2016-08-23 12:00:00,1,67,20160823121,12,1
2016-08-23 13:00:00,1,55,20160823131,13,1
2016-08-23 14:00:00,1,66,20160823141,14,1
2016-08-23 15:00:00,1,61,20160823151,15,1
2016-08-23 16:00:00,1,59,20160823161,16,1
2016-08-23 17:00:00,1,60,20160823171,17,1
2016-08-23 18:00:00,1,59,20160823181,18,1
2016-08-23 19:00:00,1,63,20160823191,19,1
2016-08-23 20:00:00,1,65,20160823201,20,1
2016-08-23 21:00:00,1,60,20160823211,21,1
2016-08-23 22:00:00,1,54,20160823221,22,1
2016-08-23 23:00:00,1,49,20160823231,23,1
2016-08-24 00:00:00,1,46,20160824001,0,2
2016-08-24 01:00:00,1,42,20160824011,1,2
2016-08-24 02:00:00,1,36,20160824021,2,2
2016-08-24 03:00:00,1,26,20160824031,3,2
2016-08-24 04:00:00,1,27,20160824041,4,2
2016-08-24 05:00:00,1,23,20160824051,5,2
2016-08-24 06:00:00,1,27,20160824061,6,2
2016-08-24 07:00:00,1,29,20160824071,7,2
2016-08-24 08:00:00,1,34,20160824081,8,2
2016-08-24 09:00:00,1,41,20160824091,9,2
2016-08-24 10:00:00,1,50,20160824101,10,2
2016-08-24 11:00:00,1,72,20160824111,11,2
2016-08-24 12:00:00,1,73,20160824121,12,2
2016-08-24 13:00:00,1,57,20160824131,13,2
2016-08-24 14:00:00,1,64,20160824141,14,2
2016-08-24 15:00:00,1,59,20160824151,15,2
2016-08-24 16:00:00,1,58,20160824161,16,2
2016-08-24 17:00:00,1,61,20160824171,17,2
2016-08-24 18:00:00,1,65,20160824181,18,2
2016-08-24 19:00:00,1,69,20160824191,19,2
2016-08-24 20:00:00,1,60,20160824201,20,2
2016-08-24 21:00:00,1,57,20160824211,21,2
2016-08-24 22:00:00,1,59,20160824221,22,2
2016-08-24 23:00:00,1,54,20160824231,23,2
2016-08-25 00:00:00,1,26,20160825001,0,3
2016-08-25 01:00:00,1,16,20160825011,1,3
2016-08-25 02:00:00,1,5,20160825021,2,3
2016-08-25 03:00:00,1,27,20160825031,3,3
2016-08-25 04:00:00,1,26,20160825041,4,3
2016-08-25 05:00:00,1,19,20160825051,5,3
2016-08-25 06:00:00,1,23,20160825061,6,3
2016-08-25 07:00:00,1,31,20160825071,7,3
2016-08-25 08:00:00,1,35,20160825081,8,3
2016-08-25 09:00:00,1,42,20160825091,9,3
2016-08-25 10:00:00,1,47,20160825101,10,3
2016-08-25 11:00:00,1,55,20160825111,11,3
2016-08-25 12:00:00,1,63,20160825121,12,3
2016-08-25 13:00:00,1,53,20160825131,13,3
2016-08-25 14:00:00,1,59,20160825141,14,3
2016-08-25 15:00:00,1,52,20160825151,15,3
2016-08-25 16:00:00,1,55,20160825161,16,3
2016-08-25 17:00:00,1,55,20160825171,17,3
2016-08-25 18:00:00,1,55,20160825181,18,3
2016-08-25 19:00:00,1,64,20160825191,19,3
2016-08-25 20:00:00,1,63,20160825201,20,3
2016-08-25 21:00:00,1,59,20160825211,21,3
2016-08-25 22:00:00,1,54,20160825221,22,3
2016-08-25 23:00:00,1,47,20160825231,23,3
2016-08-26 00:00:00,1,46,20160826001,0,4
2016-08-26 01:00:00,1,38,20160826011,1,4
2016-08-26 02:00:00,1,32,20160826021,2,4
2016-08-26 03:00:00,1,26,20160826031,3,4
2016-08-26 04:00:00,1,23,20160826041,4,4
2016-08-26 05:00:00,1,22,20160826051,5,4
2016-08-26 06:00:00,1,27,20160826061,6,4
2016-08-26 07:00:00,1,29,20160826071,7,4
2016-08-26 08:00:00,1,33,20160826081,8,4
2016-08-26 09:00:00,1,40,20160826091,9,4
2016-08-26 10:00:00,1,59,20160826101,10,4
2016-08-26 11:00:00,1,62,20160826111,11,4
2016-08-26 12:00:00,1,63,20160826121,12,4
2016-08-26 13:00:00,1,56,20160826131,13,4
2016-08-26 14:00:00,1,58,20160826141,14,4
2016-08-26 15:00:00,1,61,20160826151,15,4
2016-08-26 16:00:00,1,51,20160826161,16,4
2016-08-26 17:00:00,1,51,20160826171,17,4
2016-08-26 18:00:00,1,58,20160826181,18,4
2016-08-26 19:00:00,1,57,20160826191,19,4
2016-08-26 20:00:00,1,56,20160826201,20,4
2016-08-26 21:00:00,1,46,20160826211,21,4
2016-08-26 22:00:00,1,48,20160826221,22,4
2016-08-26 23:00:00,1,48,20160826231,23,4
2016-08-27 00:00:00,1,40,20160827001,0,5
2016-08-27 01:00:00,1,36,20160827011,1,5
2016-08-27 02:00:00,1,29,20160827021,2,5
2016-08-27 03:00:00,1,25,20160827031,3,5
2016-08-27 04:00:00,1,22,20160827041,4,5
2016-08-27 05:00:00,1,16,20160827051,5,5
2016-08-27 06:00:00,1,17,20160827061,6,5
2016-08-27 07:00:00,1,20,20160827071,7,5
2016-08-27 08:00:00,1,22,20160827081,8,5
2016-08-27 09:00:00,1,27,20160827091,9,5
2016-08-27 10:00:00,1,34,20160827101,10,5
2016-08-27 11:00:00,1,36,20160827111,11,5
2016-08-27 12:00:00,1,35,20160827121,12,5
2016-08-27 13:00:00,1,35,20160827131,13,5
2016-08-27 14:00:00,1,32,20160827141,14,5
2016-08-27 15:00:00,1,36,20160827151,15,5
2016-08-27 16:00:00,1,30,20160827161,16,5
2016-08-27 17:00:00,1,32,20160827171,17,5
2016-08-27 18:00:00,1,38,20160827181,18,5
2016-08-27 19:00:00,1,42,20160827191,19,5
2016-08-27 20:00:00,1,48,20160827201,20,5
2016-08-27 21:00:00,1,44,20160827211,21,5
2016-08-27 22:00:00,1,37,20160827221,22,5
2016-08-27 23:00:00,1,36,20160827231,23,5
2016-08-28 00:00:00,1,35,20160828001,0,6
2016-08-28 01:00:00,1,26,20160828011,1,6
2016-08-28 02:00:00,1,22,20160828021,2,6
2016-08-28 03:00:00,1,20,20160828031,3,6
2016-08-28 04:00:00,1,21,20160828041,4,6
2016-08-28 05:00:00,1,13,20160828051,5,6
2016-08-28 06:00:00,1,19,20160828061,6,6
2016-08-28 07:00:00,1,22,20160828071,7,6
2016-08-28 08:00:00,1,22,20160828081,8,6
2016-08-28 09:00:00,1,29,20160828091,9,6
2016-08-28 10:00:00,1,36,20160828101,10,6
2016-08-28 11:00:00,1,36,20160828111,11,6
2016-08-28 12:00:00,1,34,20160828121,12,6
2016-08-28 13:00:00,1,36,20160828131,13,6
2016-08-28 14:00:00,1,32,20160828141,14,6
2016-08-28 15:00:00,1,30,20160828151,15,6
2016-08-28 16:00:00,1,31,20160828161,16,6
2016-08-28 17:00:00,1,33,20160828171,17,6
2016-08-28 18:00:00,1,42,20160828181,18,6
2016-08-28 19:00:00,1,44,20160828191,19,6
2016-08-28 20:00:00,1,47,20160828201,20,6
2016-08-28 21:00:00,1,46,20160828211,21,6
2016-08-28 22:00:00,1,44,20160828221,22,6
2016-08-28 23:00:00,1,42,20160828231,23,6
2016-08-29 00:00:00,1,40,20160829001,0,0
2016-08-29 01:00:00,1,31,20160829011,1,0
2016-08-29 02:00:00,1,22,20160829021,2,0
2016-08-29 03:00:00,1,22,20160829031,3,0
2016-08-29 04:00:00,1,18,20160829041,4,0
2016-08-29 05:00:00,1,22,20160829051,5,0
2016-08-29 06:00:00,1,25,20160829061,6,0
2016-08-29 07:00:00,1,26,20160829071,7,0
2016-08-29 08:00:00,1,34,20160829081,8,0
2016-08-29 09:00:00,1,39,20160829091,9,0
2016-08-29 10:00:00,1,54,20160829101,10,0
2016-08-29 11:00:00,1,81,20160829111,11,0
2016-08-29 12:00:00,1,74,20160829121,12,0
2016-08-29 13:00:00,1,64,20160829131,13,0
2016-08-29 14:00:00,1,68,20160829141,14,0
2016-08-29 15:00:00,1,66,20160829151,15,0
2016-08-29 16:00:00,1,63,20160829161,16,0
2016-08-29 17:00:00,1,65,20160829171,17,0
2016-08-29 18:00:00,1,66,20160829181,18,0
2016-08-29 19:00:00,1,67,20160829191,19,0
2016-08-29 20:00:00,1,63,20160829201,20,0
2016-08-29 21:00:00,1,59,20160829211,21,0
2016-08-29 22:00:00,1,59,20160829221,22,0
2016-08-29 23:00:00,1,60,20160829231,23,0
2016-08-30 00:00:00,1,49,20160830001,0,1
2016-08-30 01:00:00,1,43,20160830011,1,1
2016-08-30 02:00:00,1,33,20160830021,2,1
2016-08-30 03:00:00,1,30,20160830031,3,1
2016-08-30 04:00:00,1,27,20160830041,4,1
2016-08-30 05:00:00,1,24,20160830051,5,1
2016-08-30 06:00:00,1,24,20160830061,6,1
2016-08-30 07:00:00,1,30,20160830071,7,1
2016-08-30 08:00:00,1,33,20160830081,8,1
2016-08-30 09:00:00,1,39,20160830091,9,1
2016-08-30 10:00:00,1,50,20160830101,10,1
2016-08-30 11:00:00,1,64,20160830111,11,1
2016-08-30 12:00:00,1,61,20160830121,12,1
2016-08-30 13:00:00,1,55,20160830131,13,1
2016-08-30 14:00:00,1,59,20160830141,14,1
2016-08-30 15:00:00,1,58,20160830151,15,1
2016-08-30 16:00:00,1,58,20160830161,16,1
2016-08-30 17:00:00,1,59,20160830171,17,1
2016-08-30 18:00:00,1,61,20160830181,18,1
2016-08-30 19:00:00,1,68,20160830191,19,1
2016-08-30 20:00:00,1,58,20160830201,20,1
2016-08-30 21:00:00,1,58,20160830211,21,1
2016-08-30 22:00:00,1,56,20160830221,22,1
2016-08-30 23:00:00,1,55,20160830231,23,1
2016-08-31 00:00:00,1,48,20160831001,0,2
2016-08-31 01:00:00,1,41,20160831011,1,2
2016-08-31 02:00:00,1,34,20160831021,2,2
2016-08-31 03:00:00,1,25,20160831031,3,2
2016-08-31 04:00:00,1,23,20160831041,4,2
2016-08-31 05:00:00,1,24,20160831051,5,2
2016-08-31 06:00:00,1,27,20160831061,6,2
2016-08-31 07:00:00,1,29,20160831071,7,2
2016-08-31 08:00:00,1,34,20160831081,8,2
2016-08-31 09:00:00,1,39,20160831091,9,2
2016-08-31 10:00:00,1,53,20160831101,10,2
2016-08-31 11:00:00,1,70,20160831111,11,2
2016-08-31 12:00:00,1,72,20160831121,12,2
2016-08-31 13:00:00,1,58,20160831131,13,2
2016-08-31 14:00:00,1,64,20160831141,14,2
2016-08-31 15:00:00,1,67,20160831151,15,2
2016-08-31 16:00:00,1,57,20160831161,16,2
2016-08-31 17:00:00,1,61,20160831171,17,2
2016-08-31 18:00:00,1,70,20160831181,18,2
2016-08-31 19:00:00,1,69,20160831191,19,2
2016-08-31 20:00:00,1,61,20160831201,20,2
2016-08-31 21:00:00,1,64,20160831211,21,2
2016-08-31 22:00:00,1,63,20160831221,22,2
2016-08-31 23:00:00,1,60,20160831231,23,2
2016-09-01 00:00:00,1,54,20160901001,0,3
2016-09-01 01:00:00,1,43,20160901011,1,3
2016-09-01 02:00:00,1,39,20160901021,2,3
2016-09-01 03:00:00,1,28,20160901031,3,3
2016-09-01 04:00:00,1,24,20160901041,4,3
2016-09-01 05:00:00,1,23,20160901051,5,3
2016-09-01 06:00:00,1,29,20160901061,6,3
2016-09-01 07:00:00,1,35,20160901071,7,3
2016-09-01 08:00:00,1,34,20160901081,8,3
2016-09-01 09:00:00,1,42,20160901091,9,3
2016-09-01 10:00:00,1,53,20160901101,10,3
2016-09-01 11:00:00,1,62,20160901111,11,3
2016-09-01 12:00:00,1,62,20160901121,12,3
2016-09-01 13:00:00,1,58,20160901131,13,3
2016-09-01 14:00:00,1,61,20160901141,14,3
2016-09-01 15:00:00,1,58,20160901151,15,3
2016-09-01 16:00:00,1,58,20160901161,16,3
2016-09-01 17:00:00,1,55,20160901171,17,3
2016-09-01 18:00:00,1,59,20160901181,18,3
2016-09-01 19:00:00,1,61,20160901191,19,3
2016-09-01 20:00:00,1,59,20160901201,20,3
2016-09-01 21:00:00,1,59,20160901211,21,3
2016-09-01 22:00:00,1,62,20160901221,22,3
2016-09-01 23:00:00,1,54,20160901231,23,3
2016-09-02 00:00:00,1,50,20160902001,0,4
2016-09-02 01:00:00,1,42,20160902011,1,4
2016-09-02 02:00:00,1,35,20160902021,2,4
2016-09-02 03:00:00,1,28,20160902031,3,4
2016-09-02 04:00:00,1,24,20160902041,4,4
2016-09-02 05:00:00,1,25,20160902051,5,4
2016-09-02 06:00:00,1,26,20160902061,6,4
2016-09-02 07:00:00,1,34,20160902071,7,4
2016-09-02 08:00:00,1,37,20160902081,8,4
2016-09-02 09:00:00,1,42,20160902091,9,4
2016-09-02 10:00:00,1,49,20160902101,10,4
2016-09-02 11:00:00,1,64,20160902111,11,4
2016-09-02 12:00:00,1,67,20160902121,12,4
2016-09-02 13:00:00,1,51,20160902131,13,4
2016-09-02 14:00:00,1,64,20160902141,14,4
2016-09-02 15:00:00,1,58,20160902151,15,4
2016-09-02 16:00:00,1,57,20160902161,16,4
2016-09-02 17:00:00,1,54,20160902171,17,4
2016-09-02 18:00:00,1,59,20160902181,18,4
2016-09-02 19:00:00,1,57,20160902191,19,4
2016-09-02 20:00:00,1,54,20160902201,20,4
2016-09-02 21:00:00,1,52,20160902211,21,4
2016-09-02 22:00:00,1,44,20160902221,22,4
2016-09-02 23:00:00,1,47,20160902231,23,4
2016-09-03 00:00:00,1,44,20160903001,0,5
2016-09-03 01:00:00,1,34,20160903011,1,5
2016-09-03 02:00:00,1,31,20160903021,2,5
2016-09-03 03:00:00,1,25,20160903031,3,5
2016-09-03 04:00:00,1,18,20160903041,4,5
2016-09-03 05:00:00,1,17,20160903051,5,5
2016-09-03 06:00:00,1,22,20160903061,6,5
2016-09-03 07:00:00,1,19,20160903071,7,5
2016-09-03 08:00:00,1,23,20160903081,8,5
2016-09-03 09:00:00,1,27,20160903091,9,5
2016-09-03 10:00:00,1,33,20160903101,10,5
2016-09-03 11:00:00,1,38,20160903111,11,5
2016-09-03 12:00:00,1,37,20160903121,12,5
2016-09-03 13:00:00,1,36,20160903131,13,5
2016-09-03 14:00:00,1,32,20160903141,14,5
2016-09-03 15:00:00,1,36,20160903151,15,5
2016-09-03 16:00:00,1,29,20160903161,16,5
2016-09-03 17:00:00,1,31,20160903171,17,5
2016-09-03 18:00:00,1,39,20160903181,18,5
2016-09-03 19:00:00,1,38,20160903191,19,5
2016-09-03 20:00:00,1,38,20160903201,20,5
2016-09-03 21:00:00,1,40,20160903211,21,5
2016-09-03 22:00:00,1,36,20160903221,22,5
2016-09-03 23:00:00,1,35,20160903231,23,5
2016-09-04 00:00:00,1,36,20160904001,0,6
2016-09-04 01:00:00,1,25,20160904011,1,6
2016-09-04 02:00:00,1,24,20160904021,2,6
2016-09-04 03:00:00,1,21,20160904031,3,6
2016-09-04 04:00:00,1,16,20160904041,4,6
2016-09-04 05:00:00,1,15,20160904051,5,6
2016-09-04 06:00:00,1,13,20160904061,6,6
2016-09-04 07:00:00,1,19,20160904071,7,6
2016-09-04 08:00:00,1,23,20160904081,8,6
2016-09-04 09:00:00,1,27,20160904091,9,6
2016-09-04 10:00:00,1,29,20160904101,10,6
2016-09-04 11:00:00,1,32,20160904111,11,6
2016-09-04 12:00:00,1,32,20160904121,12,6
2016-09-04 13:00:00,1,37,20160904131,13,6
2016-09-04 14:00:00,1,31,20160904141,14,6
2016-09-04 15:00:00,1,33,20160904151,15,6
2016-09-04 16:00:00,1,32,20160904161,16,6
2016-09-04 17:00:00,1,35,20160904171,17,6
2016-09-04 18:00:00,1,38,20160904181,18,6
2016-09-04 19:00:00,1,39,20160904191,19,6
2016-09-04 20:00:00,1,39,20160904201,20,6
2016-09-04 21:00:00,1,39,20160904211,21,6
2016-09-04 22:00:00,1,39,20160904221,22,6
2016-09-04 23:00:00,1,41,20160904231,23,6
2016-09-05 00:00:00,1,36,20160905001,0,0
2016-09-05 01:00:00,1,31,20160905011,1,0
2016-09-05 02:00:00,1,25,20160905021,2,0
2016-09-05 03:00:00,1,23,20160905031,3,0
2016-09-05 04:00:00,1,21,20160905041,4,0
2016-09-05 05:00:00,1,16,20160905051,5,0
2016-09-05 06:00:00,1,22,20160905061,6,0
2016-09-05 07:00:00,1,24,20160905071,7,0
2016-09-05 08:00:00,1,29,20160905081,8,0
2016-09-05 09:00:00,1,31,20160905091,9,0
2016-09-05 10:00:00,1,39,20160905101,10,0
2016-09-05 11:00:00,1,43,20160905111,11,0
2016-09-05 12:00:00,1,48,20160905121,12,0
2016-09-05 13:00:00,1,45,20160905131,13,0
2016-09-05 14:00:00,1,46,20160905141,14,0
2016-09-05 15:00:00,1,42,20160905151,15,0
2016-09-05 16:00:00,1,44,20160905161,16,0
2016-09-05 17:00:00,1,46,20160905171,17,0
2016-09-05 18:00:00,1,50,20160905181,18,0
2016-09-05 19:00:00,1,52,20160905191,19,0
2016-09-05 20:00:00,1,55,20160905201,20,0
2016-09-05 21:00:00,1,51,20160905211,21,0
2016-09-05 22:00:00,1,45,20160905221,22,0
2016-09-05 23:00:00,1,44,20160905231,23,0
2016-09-06 00:00:00,1,36,20160906001,0,1
2016-09-06 01:00:00,1,31,20160906011,1,1
2016-09-06 02:00:00,1,27,20160906021,2,1
2016-09-06 03:00:00,1,22,20160906031,3,1
2016-09-06 04:00:00,1,22,20160906041,4,1
2016-09-06 05:00:00,1,22,20160906051,5,1
2016-09-06 06:00:00,1,26,20160906061,6,1
2016-09-06 07:00:00,1,27,20160906071,7,1
2016-09-06 08:00:00,1,34,20160906081,8,1
2016-09-06 09:00:00,1,41,20160906091,9,1
2016-09-06 10:00:00,1,48,20160906101,10,1
2016-09-06 11:00:00,1,63,20160906111,11,1
2016-09-06 12:00:00,1,77,20160906121,12,1
2016-09-06 13:00:00,1,59,20160906131,13,1
2016-09-06 14:00:00,1,67,20160906141,14,1
2016-09-06 15:00:00,1,66,20160906151,15,1
2016-09-06 16:00:00,1,65,20160906161,16,1
2016-09-06 17:00:00,1,67,20160906171,17,1
2016-09-06 18:00:00,1,66,20160906181,18,1
2016-09-06 19:00:00,1,74,20160906191,19,1
2016-09-06 20:00:00,1,65,20160906201,20,1
2016-09-06 21:00:00,1,66,20160906211,21,1
2016-09-06 22:00:00,1,67,20160906221,22,1
2016-09-06 23:00:00,1,57,20160906231,23,1
2016-09-07 00:00:00,1,53,20160907001,0,2
2016-09-07 01:00:00,1,46,20160907011,1,2
2016-09-07 02:00:00,1,39,20160907021,2,2
2016-09-07 03:00:00,1,31,20160907031,3,2
2016-09-07 04:00:00,1,26,20160907041,4,2
2016-09-07 05:00:00,1,27,20160907051,5,2
2016-09-07 06:00:00,1,29,20160907061,6,2
2016-09-07 07:00:00,1,34,20160907071,7,2
2016-09-07 08:00:00,1,34,20160907081,8,2
2016-09-07 09:00:00,1,44,20160907091,9,2
2016-09-07 10:00:00,1,50,20160907101,10,2
2016-09-07 11:00:00,1,60,20160907111,11,2
2016-09-07 12:00:00,1,62,20160907121,12,2
2016-09-07 13:00:00,1,53,20160907131,13,2
2016-09-07 14:00:00,1,61,20160907141,14,2
2016-09-07 15:00:00,1,59,20160907151,15,2
2016-09-07 16:00:00,1,55,20160907161,16,2
2016-09-07 17:00:00,1,58,20160907171,17,2
2016-09-07 18:00:00,1,62,20160907181,18,2
2016-09-07 19:00:00,1,64,20160907191,19,2
2016-09-07 20:00:00,1,56,20160907201,20,2
2016-09-07 21:00:00,1,50,20160907211,21,2
2016-09-07 22:00:00,1,58,20160907221,22,2
2016-09-07 23:00:00,1,51,20160907231,23,2
2016-09-08 00:00:00,1,43,20160908001,0,3
2016-09-08 01:00:00,1,41,20160908011,1,3
2016-09-08 02:00:00,1,38,20160908021,2,3
2016-09-08 03:00:00,1,30,20160908031,3,3
2016-09-08 04:00:00,1,25,20160908041,4,3
2016-09-08 05:00:00,1,25,20160908051,5,3
2016-09-08 06:00:00,1,23,20160908061,6,3
2016-09-08 07:00:00,1,33,20160908071,7,3
2016-09-08 08:00:00,1,33,20160908081,8,3
2016-09-08 09:00:00,1,37,20160908091,9,3
2016-09-08 10:00:00,1,50,20160908101,10,3
2016-09-08 11:00:00,1,61,20160908111,11,3
2016-09-08 12:00:00,1,58,20160908121,12,3
2016-09-08 13:00:00,1,55,20160908131,13,3
2016-09-08 14:00:00,1,55,20160908141,14,3
2016-09-08 15:00:00,1,57,20160908151,15,3
2016-09-08 16:00:00,1,59,20160908161,16,3
2016-09-08 17:00:00,1,56,20160908171,17,3
2016-09-08 18:00:00,1,61,20160908181,18,3
2016-09-08 19:00:00,1,62,20160908191,19,3
2016-09-08 20:00:00,1,59,20160908201,20,3
2016-09-08 21:00:00,1,55,20160908211,21,3
2016-09-08 22:00:00,1,55,20160908221,22,3
2016-09-08 23:00:00,1,58,20160908231,23,3
2016-09-09 00:00:00,1,49,20160909001,0,4
2016-09-09 01:00:00,1,40,20160909011,1,4
2016-09-09 02:00:00,1,34,20160909021,2,4
2016-09-09 03:00:00,1,29,20160909031,3,4
2016-09-09 04:00:00,1,23,20160909041,4,4
2016-09-09 05:00:00,1,22,20160909051,5,4
2016-09-09 06:00:00,1,26,20160909061,6,4
2016-09-09 07:00:00,1,30,20160909071,7,4
2016-09-09 08:00:00,1,38,20160909081,8,4
2016-09-09 09:00:00,1,39,20160909091,9,4
2016-09-09 10:00:00,1,53,20160909101,10,4
2016-09-09 11:00:00,1,65,20160909111,11,4
2016-09-09 12:00:00,1,65,20160909121,12,4
2016-09-09 13:00:00,1,54,20160909131,13,4
2016-09-09 14:00:00,1,58,20160909141,14,4
2016-09-09 15:00:00,1,60,20160909151,15,4
2016-09-09 16:00:00,1,58,20160909161,16,4
2016-09-09 17:00:00,1,59,20160909171,17,4
2016-09-09 18:00:00,1,63,20160909181,18,4
2016-09-09 19:00:00,1,65,20160909191,19,4
2016-09-09 20:00:00,1,59,20160909201,20,4
2016-09-09 21:00:00,1,56,20160909211,21,4
2016-09-09 22:00:00,1,51,20160909221,22,4
2016-09-09 23:00:00,1,48,20160909231,23,4
2016-09-10 00:00:00,1,46,20160910001,0,5
2016-09-10 01:00:00,1,36,20160910011,1,5
2016-09-10 02:00:00,1,32,20160910021,2,5
2016-09-10 03:00:00,1,27,20160910031,3,5
2016-09-10 04:00:00,1,19,20160910041,4,5
2016-09-10 05:00:00,1,21,20160910051,5,5
2016-09-10 06:00:00,1,16,20160910061,6,5
2016-09-10 07:00:00,1,19,20160910071,7,5
2016-09-10 08:00:00,1,26,20160910081,8,5
2016-09-10 09:00:00,1,30,20160910091,9,5
2016-09-10 10:00:00,1,37,20160910101,10,5
2016-09-10 11:00:00,1,39,20160910111,11,5
2016-09-10 12:00:00,1,43,20160910121,12,5
2016-09-10 13:00:00,1,34,20160910131,13,5
2016-09-10 14:00:00,1,33,20160910141,14,5
2016-09-10 15:00:00,1,39,20160910151,15,5
2016-09-10 16:00:00,1,34,20160910161,16,5
2016-09-10 17:00:00,1,34,20160910171,17,5
2016-09-10 18:00:00,1,37,20160910181,18,5
2016-09-10 19:00:00,1,41,20160910191,19,5
2016-09-10 20:00:00,1,39,20160910201,20,5
2016-09-10 21:00:00,1,39,20160910211,21,5
2016-09-10 22:00:00,1,38,20160910221,22,5
2016-09-10 23:00:00,1,42,20160910231,23,5
2016-09-11 00:00:00,1,35,20160911001,0,6
2016-09-11 01:00:00,1,29,20160911011,1,6
2016-09-11 02:00:00,1,27,20160911021,2,6
2016-09-11 03:00:00,1,23,20160911031,3,6
2016-09-11 04:00:00,1,20,20160911041,4,6
2016-09-11 05:00:00,1,17,20160911051,5,6
2016-09-11 06:00:00,1,17,20160911061,6,6
2016-09-11 07:00:00,1,21,20160911071,7,6
2016-09-11 08:00:00,1,28,20160911081,8,6
2016-09-11 09:00:00,1,31,20160911091,9,6
2016-09-11 10:00:00,1,31,20160911101,10,6
2016-09-11 11:00:00,1,35,20160911111,11,6
2016-09-11 12:00:00,1,36,20160911121,12,6
2016-09-11 13:00:00,1,30,20160911131,13,6
2016-09-11 14:00:00,1,35,20160911141,14,6
2016-09-11 15:00:00,1,30,20160911151,15,6
2016-09-11 16:00:00,1,31,20160911161,16,6
2016-09-11 17:00:00,1,41,20160911171,17,6
2016-09-11 18:00:00,1,42,20160911181,18,6
2016-09-11 19:00:00,1,58,20160911191,19,6
2016-09-11 20:00:00,1,55,20160911201,20,6
2016-09-11 21:00:00,1,51,20160911211,21,6
2016-09-11 22:00:00,1,55,20160911221,22,6
2016-09-11 23:00:00,1,46,20160911231,23,6
2016-09-12 00:00:00,1,40,20160912001,0,0
2016-09-12 01:00:00,1,34,20160912011,1,0
2016-09-12 02:00:00,1,30,20160912021,2,0
2016-09-12 03:00:00,1,28,20160912031,3,0
2016-09-12 04:00:00,1,20,20160912041,4,0
2016-09-12 05:00:00,1,26,20160912051,5,0
2016-09-12 06:00:00,1,30,20160912061,6,0
2016-09-12 07:00:00,1,33,20160912071,7,0
2016-09-12 08:00:00,1,32,20160912081,8,0
2016-09-12 09:00:00,1,41,20160912091,9,0
2016-09-12 10:00:00,1,52,20160912101,10,0
2016-09-12 11:00:00,1,76,20160912111,11,0
2016-09-12 12:00:00,1,72,20160912121,12,0
2016-09-12 13:00:00,1,64,20160912131,13,0
2016-09-12 14:00:00,1,65,20160912141,14,0
2016-09-12 15:00:00,1,64,20160912151,15,0
2016-09-12 16:00:00,1,63,20160912161,16,0
2016-09-12 17:00:00,1,61,20160912171,17,0
2016-09-12 18:00:00,1,63,20160912181,18,0
2016-09-12 19:00:00,1,69,20160912191,19,0
2016-09-12 20:00:00,1,64,20160912201,20,0
2016-09-12 21:00:00,1,57,20160912211,21,0
2016-09-12 22:00:00,1,56,20160912221,22,0
2016-09-12 23:00:00,1,58,20160912231,23,0
2016-09-13 00:00:00,1,53,20160913001,0,1
2016-09-13 01:00:00,1,42,20160913011,1,1
2016-09-13 02:00:00,1,37,20160913021,2,1
2016-09-13 03:00:00,1,34,20160913031,3,1
2016-09-13 04:00:00,1,28,20160913041,4,1
2016-09-13 05:00:00,1,24,20160913051,5,1
2016-09-13 06:00:00,1,30,20160913061,6,1
2016-09-13 07:00:00,1,34,20160913071,7,1
2016-09-13 08:00:00,1,38,20160913081,8,1
2016-09-13 09:00:00,1,39,20160913091,9,1
2016-09-13 10:00:00,1,51,20160913101,10,1
2016-09-13 11:00:00,1,55,20160913111,11,1
2016-09-13 12:00:00,1,64,20160913121,12,1
2016-09-13 13:00:00,1,55,20160913131,13,1
2016-09-13 14:00:00,1,57,20160913141,14,1
2016-09-13 15:00:00,1,55,20160913151,15,1
2016-09-13 16:00:00,1,50,20160913161,16,1
2016-09-13 17:00:00,1,53,20160913171,17,1
2016-09-13 18:00:00,1,60,20160913181,18,1
2016-09-13 19:00:00,1,65,20160913191,19,1
2016-09-13 20:00:00,1,69,20160913201,20,1
2016-09-13 21:00:00,1,62,20160913211,21,1
2016-09-13 22:00:00,1,55,20160913221,22,1
2016-09-13 23:00:00,1,53,20160913231,23,1
2016-09-14 00:00:00,1,52,20160914001,0,2
2016-09-14 01:00:00,1,45,20160914011,1,2
2016-09-14 02:00:00,1,34,20160914021,2,2
2016-09-14 03:00:00,1,31,20160914031,3,2
2016-09-14 04:00:00,1,27,20160914041,4,2
2016-09-14 05:00:00,1,24,20160914051,5,2
2016-09-14 06:00:00,1,27,20160914061,6,2
2016-09-14 07:00:00,1,33,20160914071,7,2
2016-09-14 08:00:00,1,36,20160914081,8,2
2016-09-14 09:00:00,1,27,20160914091,9,2
2016-09-14 10:00:00,1,53,20160914101,10,2
2016-09-14 11:00:00,1,56,20160914111,11,2
2016-09-14 12:00:00,1,62,20160914121,12,2
2016-09-14 13:00:00,1,50,20160914131,13,2
2016-09-14 14:00:00,1,59,20160914141,14,2
2016-09-14 15:00:00,1,54,20160914151,15,2
2016-09-14 16:00:00,1,58,20160914161,16,2
2016-09-14 17:00:00,1,52,20160914171,17,2
2016-09-14 18:00:00,1,61,20160914181,18,2
2016-09-14 19:00:00,1,66,20160914191,19,2
2016-09-14 20:00:00,1,66,20160914201,20,2
2016-09-14 21:00:00,1,58,20160914211,21,2
2016-09-14 22:00:00,1,55,20160914221,22,2
2016-09-14 23:00:00,1,55,20160914231,23,2
2016-09-15 00:00:00,1,48,20160915001,0,3
2016-09-15 01:00:00,1,40,20160915011,1,3
2016-09-15 02:00:00,1,38,20160915021,2,3
2016-09-15 03:00:00,1,29,20160915031,3,3
2016-09-15 04:00:00,1,22,20160915041,4,3
2016-09-15 05:00:00,1,25,20160915051,5,3
2016-09-15 06:00:00,1,24,20160915061,6,3
2016-09-15 07:00:00,1,33,20160915071,7,3
2016-09-15 08:00:00,1,30,20160915081,8,3
2016-09-15 09:00:00,1,36,20160915091,9,3
2016-09-15 10:00:00,1,55,20160915101,10,3
2016-09-15 11:00:00,1,60,20160915111,11,3
2016-09-15 12:00:00,1,60,20160915121,12,3
2016-09-15 13:00:00,1,53,20160915131,13,3
2016-09-15 14:00:00,1,56,20160915141,14,3
2016-09-15 15:00:00,1,55,20160915151,15,3
2016-09-15 16:00:00,1,55,20160915161,16,3
2016-09-15 17:00:00,1,57,20160915171,17,3
2016-09-15 18:00:00,1,62,20160915181,18,3
2016-09-15 19:00:00,1,60,20160915191,19,3
2016-09-15 20:00:00,1,61,20160915201,20,3
2016-09-15 21:00:00,1,57,20160915211,21,3
2016-09-15 22:00:00,1,55,20160915221,22,3
2016-09-15 23:00:00,1,52,20160915231,23,3
2016-09-16 00:00:00,1,51,20160916001,0,4
2016-09-16 01:00:00,1,40,20160916011,1,4
2016-09-16 02:00:00,1,32,20160916021,2,4
2016-09-16 03:00:00,1,27,20160916031,3,4
2016-09-16 04:00:00,1,22,20160916041,4,4
2016-09-16 05:00:00,1,24,20160916051,5,4
2016-09-16 06:00:00,1,23,20160916061,6,4
2016-09-16 07:00:00,1,27,20160916071,7,4
2016-09-16 08:00:00,1,32,20160916081,8,4
2016-09-16 09:00:00,1,36,20160916091,9,4
2016-09-16 10:00:00,1,45,20160916101,10,4
2016-09-16 11:00:00,1,58,20160916111,11,4
2016-09-16 12:00:00,1,79,20160916121,12,4
2016-09-16 13:00:00,1,75,20160916131,13,4
2016-09-16 14:00:00,1,72,20160916141,14,4
2016-09-16 15:00:00,1,71,20160916151,15,4
2016-09-16 16:00:00,1,70,20160916161,16,4
2016-09-16 17:00:00,1,74,20160916171,17,4
2016-09-16 18:00:00,1,78,20160916181,18,4
2016-09-16 19:00:00,1,80,20160916191,19,4
2016-09-16 20:00:00,1,81,20160916201,20,4
2016-09-16 21:00:00,1,76,20160916211,21,4
2016-09-16 22:00:00,1,70,20160916221,22,4
2016-09-16 23:00:00,1,67,20160916231,23,4
2016-09-17 00:00:00,1,59,20160917001,0,5
2016-09-17 01:00:00,1,48,20160917011,1,5
2016-09-17 02:00:00,1,43,20160917021,2,5
2016-09-17 03:00:00,1,32,20160917031,3,5
2016-09-17 04:00:00,1,28,20160917041,4,5
2016-09-17 05:00:00,1,31,20160917051,5,5
2016-09-17 06:00:00,1,27,20160917061,6,5
2016-09-17 07:00:00,1,32,20160917071,7,5
2016-09-17 08:00:00,1,40,20160917081,8,5
2016-09-17 09:00:00,1,46,20160917091,9,5
2016-09-17 10:00:00,1,49,20160917101,10,5
2016-09-17 11:00:00,1,49,20160917111,11,5
2016-09-17 12:00:00,1,52,20160917121,12,5
2016-09-17 13:00:00,1,45,20160917131,13,5
2016-09-17 14:00:00,1,45,20160917141,14,5
2016-09-17 15:00:00,1,42,20160917151,15,5
2016-09-17 16:00:00,1,41,20160917161,16,5
2016-09-17 17:00:00,1,44,20160917171,17,5
2016-09-17 18:00:00,1,52,20160917181,18,5
2016-09-17 19:00:00,1,55,20160917191,19,5
2016-09-17 20:00:00,1,55,20160917201,20,5
2016-09-17 21:00:00,1,49,20160917211,21,5
2016-09-17 22:00:00,1,55,20160917221,22,5
2016-09-17 23:00:00,1,48,20160917231,23,5
2016-09-18 00:00:00,1,48,20160918001,0,6
2016-09-18 01:00:00,1,36,20160918011,1,6
2016-09-18 02:00:00,1,27,20160918021,2,6
2016-09-18 03:00:00,1,27,20160918031,3,6
2016-09-18 04:00:00,1,21,20160918041,4,6
2016-09-18 05:00:00,1,20,20160918051,5,6
2016-09-18 06:00:00,1,22,20160918061,6,6
2016-09-18 07:00:00,1,23,20160918071,7,6
2016-09-18 08:00:00,1,30,20160918081,8,6
2016-09-18 09:00:00,1,34,20160918091,9,6
2016-09-18 10:00:00,1,35,20160918101,10,6
2016-09-18 11:00:00,1,43,20160918111,11,6
2016-09-18 12:00:00,1,45,20160918121,12,6
2016-09-18 13:00:00,1,40,20160918131,13,6
2016-09-18 14:00:00,1,40,20160918141,14,6
2016-09-18 15:00:00,1,39,20160918151,15,6
2016-09-18 16:00:00,1,38,20160918161,16,6
2016-09-18 17:00:00,1,39,20160918171,17,6
2016-09-18 18:00:00,1,47,20160918181,18,6
2016-09-18 19:00:00,1,52,20160918191,19,6
2016-09-18 20:00:00,1,50,20160918201,20,6
2016-09-18 21:00:00,1,50,20160918211,21,6
2016-09-18 22:00:00,1,49,20160918221,22,6
2016-09-18 23:00:00,1,44,20160918231,23,6
2016-09-19 00:00:00,1,45,20160919001,0,0
2016-09-19 01:00:00,1,37,20160919011,1,0
2016-09-19 02:00:00,1,29,20160919021,2,0
2016-09-19 03:00:00,1,28,20160919031,3,0
2016-09-19 04:00:00,1,24,20160919041,4,0
2016-09-19 05:00:00,1,25,20160919051,5,0
2016-09-19 06:00:00,1,27,20160919061,6,0
2016-09-19 07:00:00,1,36,20160919071,7,0
2016-09-19 08:00:00,1,38,20160919081,8,0
2016-09-19 09:00:00,1,46,20160919091,9,0
2016-09-19 10:00:00,1,61,20160919101,10,0
2016-09-19 11:00:00,1,78,20160919111,11,0
2016-09-19 12:00:00,1,79,20160919121,12,0
2016-09-19 13:00:00,1,68,20160919131,13,0
2016-09-19 14:00:00,1,74,20160919141,14,0
2016-09-19 15:00:00,1,75,20160919151,15,0
2016-09-19 16:00:00,1,71,20160919161,16,0
2016-09-19 17:00:00,1,67,20160919171,17,0
2016-09-19 18:00:00,1,80,20160919181,18,0
2016-09-19 19:00:00,1,82,20160919191,19,0
2016-09-19 20:00:00,1,79,20160919201,20,0
2016-09-19 21:00:00,1,71,20160919211,21,0
2016-09-19 22:00:00,1,69,20160919221,22,0
2016-09-19 23:00:00,1,64,20160919231,23,0
2016-09-20 00:00:00,1,62,20160920001,0,1
2016-09-20 01:00:00,1,48,20160920011,1,1
2016-09-20 02:00:00,1,43,20160920021,2,1
2016-09-20 03:00:00,1,37,20160920031,3,1
2016-09-20 04:00:00,1,33,20160920041,4,1
2016-09-20 05:00:00,1,30,20160920051,5,1
2016-09-20 06:00:00,1,36,20160920061,6,1
2016-09-20 07:00:00,1,43,20160920071,7,1
2016-09-20 08:00:00,1,41,20160920081,8,1
2016-09-20 09:00:00,1,51,20160920091,9,1
2016-09-20 10:00:00,1,62,20160920101,10,1
2016-09-20 11:00:00,1,69,20160920111,11,1
2016-09-20 12:00:00,1,70,20160920121,12,1
2016-09-20 13:00:00,1,59,20160920131,13,1
2016-09-20 14:00:00,1,70,20160920141,14,1
2016-09-20 15:00:00,1,67,20160920151,15,1
2016-09-20 16:00:00,1,65,20160920161,16,1
2016-09-20 17:00:00,1,66,20160920171,17,1
2016-09-20 18:00:00,1,70,20160920181,18,1
2016-09-20 19:00:00,1,79,20160920191,19,1
2016-09-20 20:00:00,1,74,20160920201,20,1
2016-09-20 21:00:00,1,68,20160920211,21,1
2016-09-20 22:00:00,1,64,20160920221,22,1
2016-09-20 23:00:00,1,63,20160920231,23,1
2016-09-21 00:00:00,1,59,20160921001,0,2
2016-09-21 01:00:00,1,45,20160921011,1,2
2016-09-21 02:00:00,1,43,20160921021,2,2
2016-09-21 03:00:00,1,32,20160921031,3,2
2016-09-21 04:00:00,1,30,20160921041,4,2
2016-09-21 05:00:00,1,28,20160921051,5,2
2016-09-21 06:00:00,1,35,20160921061,6,2
2016-09-21 07:00:00,1,37,20160921071,7,2
2016-09-21 08:00:00,1,43,20160921081,8,2
2016-09-21 09:00:00,1,48,20160921091,9,2
2016-09-21 10:00:00,1,61,20160921101,10,2
2016-09-21 11:00:00,1,68,20160921111,11,2
2016-09-21 12:00:00,1,69,20160921121,12,2
2016-09-21 13:00:00,1,60,20160921131,13,2
2016-09-21 14:00:00,1,89,20160921141,14,2
2016-09-21 15:00:00,1,80,20160921151,15,2
2016-09-21 16:00:00,1,71,20160921161,16,2
2016-09-21 17:00:00,1,83,20160921171,17,2
2016-09-21 18:00:00,1,93,20160921181,18,2
2016-09-21 19:00:00,1,91,20160921191,19,2
2016-09-21 20:00:00,1,85,20160921201,20,2
2016-09-21 21:00:00,1,77,20160921211,21,2
2016-09-21 22:00:00,1,74,20160921221,22,2
2016-09-21 23:00:00,1,66,20160921231,23,2
2016-09-22 00:00:00,1,60,20160922001,0,3
2016-09-22 01:00:00,1,53,20160922011,1,3
2016-09-22 02:00:00,1,44,20160922021,2,3
2016-09-22 03:00:00,1,34,20160922031,3,3
2016-09-22 04:00:00,1,30,20160922041,4,3
2016-09-22 05:00:00,1,32,20160922051,5,3
2016-09-22 06:00:00,1,35,20160922061,6,3
2016-09-22 07:00:00,1,43,20160922071,7,3
2016-09-22 08:00:00,1,42,20160922081,8,3
2016-09-22 09:00:00,1,51,20160922091,9,3
2016-09-22 10:00:00,1,65,20160922101,10,3
2016-09-22 11:00:00,1,69,20160922111,11,3
2016-09-22 12:00:00,1,71,20160922121,12,3
2016-09-22 13:00:00,1,62,20160922131,13,3
2016-09-22 14:00:00,1,66,20160922141,14,3
2016-09-22 15:00:00,1,62,20160922151,15,3
2016-09-22 16:00:00,1,63,20160922161,16,3
2016-09-22 17:00:00,1,62,20160922171,17,3
2016-09-22 18:00:00,1,69,20160922181,18,3
2016-09-22 19:00:00,1,74,20160922191,19,3
2016-09-22 20:00:00,1,68,20160922201,20,3
2016-09-22 21:00:00,1,64,20160922211,21,3
2016-09-22 22:00:00,1,65,20160922221,22,3
2016-09-22 23:00:00,1,60,20160922231,23,3
2016-09-23 00:00:00,1,53,20160923001,0,4
2016-09-23 01:00:00,1,50,20160923011,1,4
2016-09-23 02:00:00,1,39,20160923021,2,4
2016-09-23 03:00:00,1,31,20160923031,3,4
2016-09-23 04:00:00,1,26,20160923041,4,4
2016-09-23 05:00:00,1,25,20160923051,5,4
2016-09-23 06:00:00,1,25,20160923061,6,4
2016-09-23 07:00:00,1,35,20160923071,7,4
2016-09-23 08:00:00,1,42,20160923081,8,4
2016-09-23 09:00:00,1,46,20160923091,9,4
2016-09-23 10:00:00,1,57,20160923101,10,4
2016-09-23 11:00:00,1,90,20160923111,11,4
2016-09-23 12:00:00,1,81,20160923121,12,4
2016-09-23 13:00:00,1,68,20160923131,13,4
2016-09-23 14:00:00,1,69,20160923141,14,4
2016-09-23 15:00:00,1,67,20160923151,15,4
2016-09-23 16:00:00,1,64,20160923161,16,4
2016-09-23 17:00:00,1,61,20160923171,17,4
2016-09-23 18:00:00,1,75,20160923181,18,4
2016-09-23 19:00:00,1,74,20160923191,19,4
2016-09-23 20:00:00,1,76,20160923201,20,4
2016-09-23 21:00:00,1,69,20160923211,21,4
2016-09-23 22:00:00,1,67,20160923221,22,4
2016-09-23 23:00:00,1,63,20160923231,23,4
2016-09-24 00:00:00,1,60,20160924001,0,5
2016-09-24 01:00:00,1,51,20160924011,1,5
2016-09-24 02:00:00,1,44,20160924021,2,5
2016-09-24 03:00:00,1,37,20160924031,3,5
2016-09-24 04:00:00,1,30,20160924041,4,5
2016-09-24 05:00:00,1,22,20160924051,5,5
2016-09-24 06:00:00,1,30,20160924061,6,5
2016-09-24 07:00:00,1,29,20160924071,7,5
2016-09-24 08:00:00,1,32,20160924081,8,5
2016-09-24 09:00:00,1,40,20160924091,9,5
2016-09-24 10:00:00,1,43,20160924101,10,5
2016-09-24 11:00:00,1,42,20160924111,11,5
2016-09-24 12:00:00,1,46,20160924121,12,5
2016-09-24 13:00:00,1,41,20160924131,13,5
2016-09-24 14:00:00,1,40,20160924141,14,5
2016-09-24 15:00:00,1,40,20160924151,15,5
2016-09-24 16:00:00,1,41,20160924161,16,5
2016-09-24 17:00:00,1,39,20160924171,17,5
2016-09-24 18:00:00,1,46,20160924181,18,5
2016-09-24 19:00:00,1,51,20160924191,19,5
2016-09-24 20:00:00,1,50,20160924201,20,5
2016-09-24 21:00:00,1,46,20160924211,21,5
2016-09-24 22:00:00,1,49,20160924221,22,5
2016-09-24 23:00:00,1,47,20160924231,23,5
2016-09-25 00:00:00,1,37,20160925001,0,6
2016-09-25 01:00:00,1,33,20160925011,1,6
2016-09-25 02:00:00,1,25,20160925021,2,6
2016-09-25 03:00:00,1,27,20160925031,3,6
2016-09-25 04:00:00,1,24,20160925041,4,6
2016-09-25 05:00:00,1,23,20160925051,5,6
2016-09-25 06:00:00,1,22,20160925061,6,6
2016-09-25 07:00:00,1,24,20160925071,7,6
2016-09-25 08:00:00,1,30,20160925081,8,6
2016-09-25 09:00:00,1,30,20160925091,9,6
2016-09-25 10:00:00,1,36,20160925101,10,6
2016-09-25 11:00:00,1,42,20160925111,11,6
2016-09-25 12:00:00,1,40,20160925121,12,6
2016-09-25 13:00:00,1,37,20160925131,13,6
2016-09-25 14:00:00,1,35,20160925141,14,6
2016-09-25 15:00:00,1,39,20160925151,15,6
2016-09-25 16:00:00,1,43,20160925161,16,6
2016-09-25 17:00:00,1,42,20160925171,17,6
2016-09-25 18:00:00,1,45,20160925181,18,6
2016-09-25 19:00:00,1,51,20160925191,19,6
2016-09-25 20:00:00,1,53,20160925201,20,6
2016-09-25 21:00:00,1,49,20160925211,21,6
2016-09-25 22:00:00,1,53,20160925221,22,6
2016-09-25 23:00:00,1,53,20160925231,23,6
2016-09-26 00:00:00,1,44,20160926001,0,0
2016-09-26 01:00:00,1,43,20160926011,1,0
2016-09-26 02:00:00,1,35,20160926021,2,0
2016-09-26 03:00:00,1,30,20160926031,3,0
2016-09-26 04:00:00,1,24,20160926041,4,0
2016-09-26 05:00:00,1,26,20160926051,5,0
2016-09-26 06:00:00,1,34,20160926061,6,0
2016-09-26 07:00:00,1,35,20160926071,7,0
2016-09-26 08:00:00,1,43,20160926081,8,0
2016-09-26 09:00:00,1,46,20160926091,9,0
2016-09-26 10:00:00,1,55,20160926101,10,0
2016-09-26 11:00:00,1,77,20160926111,11,0
2016-09-26 12:00:00,1,77,20160926121,12,0
2016-09-26 13:00:00,1,69,20160926131,13,0
2016-09-26 14:00:00,1,75,20160926141,14,0
2016-09-26 15:00:00,1,69,20160926151,15,0
2016-09-26 16:00:00,1,71,20160926161,16,0
2016-09-26 17:00:00,1,71,20160926171,17,0
2016-09-26 18:00:00,1,77,20160926181,18,0
2016-09-26 19:00:00,1,73,20160926191,19,0
2016-09-26 20:00:00,1,72,20160926201,20,0
2016-09-26 21:00:00,1,66,20160926211,21,0
2016-09-26 22:00:00,1,68,20160926221,22,0
2016-09-26 23:00:00,1,65,20160926231,23,0
2016-09-27 00:00:00,1,58,20160927001,0,1
2016-09-27 01:00:00,1,51,20160927011,1,1
2016-09-27 02:00:00,1,43,20160927021,2,1
2016-09-27 03:00:00,1,35,20160927031,3,1
2016-09-27 04:00:00,1,33,20160927041,4,1
2016-09-27 05:00:00,1,27,20160927051,5,1
2016-09-27 06:00:00,1,30,20160927061,6,1
2016-09-27 07:00:00,1,32,20160927071,7,1
2016-09-27 08:00:00,1,37,20160927081,8,1
2016-09-27 09:00:00,1,49,20160927091,9,1
2016-09-27 10:00:00,1,55,20160927101,10,1
2016-09-27 11:00:00,1,64,20160927111,11,1
2016-09-27 12:00:00,1,66,20160927121,12,1
2016-09-27 13:00:00,1,59,20160927131,13,1
2016-09-27 14:00:00,1,69,20160927141,14,1
2016-09-27 15:00:00,1,70,20160927151,15,1
2016-09-27 16:00:00,1,64,20160927161,16,1
2016-09-27 17:00:00,1,66,20160927171,17,1
2016-09-27 18:00:00,1,70,20160927181,18,1
2016-09-27 19:00:00,1,75,20160927191,19,1
2016-09-27 20:00:00,1,71,20160927201,20,1
2016-09-27 21:00:00,1,65,20160927211,21,1
2016-09-27 22:00:00,1,66,20160927221,22,1
2016-09-27 23:00:00,1,60,20160927231,23,1
2016-09-28 00:00:00,1,56,20160928001,0,2
2016-09-28 01:00:00,1,48,20160928011,1,2
2016-09-28 02:00:00,1,45,20160928021,2,2
2016-09-28 03:00:00,1,34,20160928031,3,2
2016-09-28 04:00:00,1,28,20160928041,4,2
2016-09-28 05:00:00,1,28,20160928051,5,2
2016-09-28 06:00:00,1,31,20160928061,6,2
2016-09-28 07:00:00,1,37,20160928071,7,2
2016-09-28 08:00:00,1,40,20160928081,8,2
2016-09-28 09:00:00,1,47,20160928091,9,2
2016-09-28 10:00:00,1,63,20160928101,10,2
2016-09-28 11:00:00,1,73,20160928111,11,2
2016-09-28 12:00:00,1,81,20160928121,12,2
2016-09-28 13:00:00,1,66,20160928131,13,2
2016-09-28 14:00:00,1,74,20160928141,14,2
2016-09-28 15:00:00,1,74,20160928151,15,2
2016-09-28 16:00:00,1,74,20160928161,16,2
2016-09-28 17:00:00,1,73,20160928171,17,2
2016-09-28 18:00:00,1,75,20160928181,18,2
2016-09-28 19:00:00,1,82,20160928191,19,2
2016-09-28 20:00:00,1,73,20160928201,20,2
2016-09-28 21:00:00,1,67,20160928211,21,2
2016-09-28 22:00:00,1,68,20160928221,22,2
2016-09-28 23:00:00,1,63,20160928231,23,2
2016-09-29 00:00:00,1,59,20160929001,0,3
2016-09-29 01:00:00,1,51,20160929011,1,3
2016-09-29 02:00:00,1,44,20160929021,2,3
2016-09-29 03:00:00,1,33,20160929031,3,3
2016-09-29 04:00:00,1,31,20160929041,4,3
2016-09-29 05:00:00,1,30,20160929051,5,3
2016-09-29 06:00:00,1,30,20160929061,6,3
2016-09-29 07:00:00,1,35,20160929071,7,3
2016-09-29 08:00:00,1,40,20160929081,8,3
2016-09-29 09:00:00,1,48,20160929091,9,3
2016-09-29 10:00:00,1,65,20160929101,10,3
2016-09-29 11:00:00,1,66,20160929111,11,3
2016-09-29 12:00:00,1,70,20160929121,12,3
2016-09-29 13:00:00,1,60,20160929131,13,3
2016-09-29 14:00:00,1,65,20160929141,14,3
2016-09-29 15:00:00,1,64,20160929151,15,3
2016-09-29 16:00:00,1,61,20160929161,16,3
2016-09-29 17:00:00,1,62,20160929171,17,3
2016-09-29 18:00:00,1,71,20160929181,18,3
2016-09-29 19:00:00,1,68,20160929191,19,3
2016-09-29 20:00:00,1,66,20160929201,20,3
2016-09-29 21:00:00,1,63,20160929211,21,3
2016-09-29 22:00:00,1,63,20160929221,22,3
2016-09-29 23:00:00,1,60,20160929231,23,3
2016-09-30 00:00:00,1,57,20160930001,0,4
2016-09-30 01:00:00,1,49,20160930011,1,4
2016-09-30 02:00:00,1,44,20160930021,2,4
2016-09-30 03:00:00,1,31,20160930031,3,4
2016-09-30 04:00:00,1,29,20160930041,4,4
2016-09-30 05:00:00,1,26,20160930051,5,4
2016-09-30 06:00:00,1,33,20160930061,6,4
2016-09-30 07:00:00,1,35,20160930071,7,4
2016-09-30 08:00:00,1,38,20160930081,8,4
2016-09-30 09:00:00,1,46,20160930091,9,4
2016-09-30 10:00:00,1,77,20160930101,10,4
2016-09-30 11:00:00,1,75,20160930111,11,4
2016-09-30 12:00:00,1,80,20160930121,12,4
2016-09-30 13:00:00,1,62,20160930131,13,4
2016-09-30 14:00:00,1,68,20160930141,14,4
2016-09-30 15:00:00,1,68,20160930151,15,4
2016-09-30 16:00:00,1,68,20160930161,16,4
2016-09-30 17:00:00,1,74,20160930171,17,4
2016-09-30 18:00:00,1,79,20160930181,18,4
2016-09-30 19:00:00,1,84,20160930191,19,4
2016-09-30 20:00:00,1,77,20160930201,20,4
2016-09-30 21:00:00,1,69,20160930211,21,4
2016-09-30 22:00:00,1,71,20160930221,22,4
2016-09-30 23:00:00,1,64,20160930231,23,4
2016-10-01 00:00:00,1,57,20161001001,0,5
2016-10-01 01:00:00,1,49,20161001011,1,5
2016-10-01 02:00:00,1,38,20161001021,2,5
2016-10-01 03:00:00,1,30,20161001031,3,5
2016-10-01 04:00:00,1,31,20161001041,4,5
2016-10-01 05:00:00,1,25,20161001051,5,5
2016-10-01 06:00:00,1,26,20161001061,6,5
2016-10-01 07:00:00,1,28,20161001071,7,5
2016-10-01 08:00:00,1,31,20161001081,8,5
2016-10-01 09:00:00,1,38,20161001091,9,5
2016-10-01 10:00:00,1,43,20161001101,10,5
2016-10-01 11:00:00,1,39,20161001111,11,5
2016-10-01 12:00:00,1,36,20161001121,12,5
2016-10-01 13:00:00,1,35,20161001131,13,5
2016-10-01 14:00:00,1,35,20161001141,14,5
2016-10-01 15:00:00,1,39,20161001151,15,5
2016-10-01 16:00:00,1,37,20161001161,16,5
2016-10-01 17:00:00,1,36,20161001171,17,5
2016-10-01 18:00:00,1,38,20161001181,18,5
2016-10-01 19:00:00,1,48,20161001191,19,5
2016-10-01 20:00:00,1,44,20161001201,20,5
2016-10-01 21:00:00,1,47,20161001211,21,5
2016-10-01 22:00:00,1,50,20161001221,22,5
2016-10-01 23:00:00,1,48,20161001231,23,5
2016-10-02 00:00:00,1,45,20161002001,0,6
2016-10-02 01:00:00,1,37,20161002011,1,6
2016-10-02 02:00:00,1,30,20161002021,2,6
2016-10-02 03:00:00,1,27,20161002031,3,6
2016-10-02 04:00:00,1,25,20161002041,4,6
2016-10-02 05:00:00,1,23,20161002051,5,6
2016-10-02 06:00:00,1,21,20161002061,6,6
2016-10-02 07:00:00,1,24,20161002071,7,6
2016-10-02 08:00:00,1,29,20161002081,8,6
2016-10-02 09:00:00,1,33,20161002091,9,6
2016-10-02 10:00:00,1,34,20161002101,10,6
2016-10-02 11:00:00,1,41,20161002111,11,6
2016-10-02 12:00:00,1,40,20161002121,12,6
2016-10-02 13:00:00,1,41,20161002131,13,6
2016-10-02 14:00:00,1,36,20161002141,14,6
2016-10-02 15:00:00,1,34,20161002151,15,6
2016-10-02 16:00:00,1,35,20161002161,16,6
2016-10-02 17:00:00,1,35,20161002171,17,6
2016-10-02 18:00:00,1,44,20161002181,18,6
2016-10-02 19:00:00,1,50,20161002191,19,6
2016-10-02 20:00:00,1,48,20161002201,20,6
2016-10-02 21:00:00,1,49,20161002211,21,6
2016-10-02 22:00:00,1,52,20161002221,22,6
2016-10-02 23:00:00,1,48,20161002231,23,6
2016-10-03 00:00:00,1,44,20161003001,0,0
2016-10-03 01:00:00,1,37,20161003011,1,0
2016-10-03 02:00:00,1,33,20161003021,2,0
2016-10-03 03:00:00,1,30,20161003031,3,0
2016-10-03 04:00:00,1,25,20161003041,4,0
2016-10-03 05:00:00,1,24,20161003051,5,0
2016-10-03 06:00:00,1,28,20161003061,6,0
2016-10-03 07:00:00,1,33,20161003071,7,0
2016-10-03 08:00:00,1,39,20161003081,8,0
2016-10-03 09:00:00,1,47,20161003091,9,0
2016-10-03 10:00:00,1,55,20161003101,10,0
2016-10-03 11:00:00,1,65,20161003111,11,0
2016-10-03 12:00:00,1,68,20161003121,12,0
2016-10-03 13:00:00,1,58,20161003131,13,0
2016-10-03 14:00:00,1,62,20161003141,14,0
2016-10-03 15:00:00,1,68,20161003151,15,0
2016-10-03 16:00:00,1,58,20161003161,16,0
2016-10-03 17:00:00,1,63,20161003171,17,0
2016-10-03 18:00:00,1,68,20161003181,18,0
2016-10-03 19:00:00,1,74,20161003191,19,0
2016-10-03 20:00:00,1,81,20161003201,20,0
2016-10-03 21:00:00,1,79,20161003211,21,0
2016-10-03 22:00:00,1,77,20161003221,22,0
2016-10-03 23:00:00,1,70,20161003231,23,0
2016-10-04 00:00:00,1,60,20161004001,0,1
2016-10-04 01:00:00,1,54,20161004011,1,1
2016-10-04 02:00:00,1,49,20161004021,2,1
2016-10-04 03:00:00,1,41,20161004031,3,1
2016-10-04 04:00:00,1,38,20161004041,4,1
2016-10-04 05:00:00,1,35,20161004051,5,1
2016-10-04 06:00:00,1,34,20161004061,6,1
2016-10-04 07:00:00,1,44,20161004071,7,1
2016-10-04 08:00:00,1,47,20161004081,8,1
2016-10-04 09:00:00,1,54,20161004091,9,1
2016-10-04 10:00:00,1,63,20161004101,10,1
2016-10-04 11:00:00,1,72,20161004111,11,1
2016-10-04 12:00:00,1,70,20161004121,12,1
2016-10-04 13:00:00,1,67,20161004131,13,1
2016-10-04 14:00:00,1,70,20161004141,14,1
2016-10-04 15:00:00,1,71,20161004151,15,1
2016-10-04 16:00:00,1,67,20161004161,16,1
2016-10-04 17:00:00,1,67,20161004171,17,1
2016-10-04 18:00:00,1,70,20161004181,18,1
2016-10-04 19:00:00,1,81,20161004191,19,1
2016-10-04 20:00:00,1,71,20161004201,20,1
2016-10-04 21:00:00,1,69,20161004211,21,1
2016-10-04 22:00:00,1,64,20161004221,22,1
2016-10-04 23:00:00,1,64,20161004231,23,1
2016-10-05 00:00:00,1,64,20161005001,0,2
2016-10-05 01:00:00,1,54,20161005011,1,2
2016-10-05 02:00:00,1,44,20161005021,2,2
2016-10-05 03:00:00,1,35,20161005031,3,2
2016-10-05 04:00:00,1,28,20161005041,4,2
2016-10-05 05:00:00,1,29,20161005051,5,2
2016-10-05 06:00:00,1,34,20161005061,6,2
2016-10-05 07:00:00,1,38,20161005071,7,2
2016-10-05 08:00:00,1,42,20161005081,8,2
2016-10-05 09:00:00,1,48,20161005091,9,2
2016-10-05 10:00:00,1,58,20161005101,10,2
2016-10-05 11:00:00,1,65,20161005111,11,2
2016-10-05 12:00:00,1,66,20161005121,12,2
2016-10-05 13:00:00,1,59,20161005131,13,2
2016-10-05 14:00:00,1,66,20161005141,14,2
2016-10-05 15:00:00,1,66,20161005151,15,2
2016-10-05 16:00:00,1,59,20161005161,16,2
2016-10-05 17:00:00,1,61,20161005171,17,2
2016-10-05 18:00:00,1,69,20161005181,18,2
2016-10-05 19:00:00,1,73,20161005191,19,2
2016-10-05 20:00:00,1,66,20161005201,20,2
2016-10-05 21:00:00,1,64,20161005211,21,2
2016-10-05 22:00:00,1,65,20161005221,22,2
2016-10-05 23:00:00,1,64,20161005231,23,2
2016-10-06 00:00:00,1,57,20161006001,0,3
2016-10-06 01:00:00,1,46,20161006011,1,3
2016-10-06 02:00:00,1,42,20161006021,2,3
2016-10-06 03:00:00,1,31,20161006031,3,3
2016-10-06 04:00:00,1,26,20161006041,4,3
2016-10-06 05:00:00,1,30,20161006051,5,3
2016-10-06 06:00:00,1,28,20161006061,6,3
2016-10-06 07:00:00,1,33,20161006071,7,3
2016-10-06 08:00:00,1,41,20161006081,8,3
2016-10-06 09:00:00,1,46,20161006091,9,3
2016-10-06 10:00:00,1,60,20161006101,10,3
2016-10-06 11:00:00,1,67,20161006111,11,3
2016-10-06 12:00:00,1,70,20161006121,12,3
2016-10-06 13:00:00,1,57,20161006131,13,3
2016-10-06 14:00:00,1,63,20161006141,14,3
2016-10-06 15:00:00,1,63,20161006151,15,3
2016-10-06 16:00:00,1,58,20161006161,16,3
2016-10-06 17:00:00,1,67,20161006171,17,3
2016-10-06 18:00:00,1,67,20161006181,18,3
2016-10-06 19:00:00,1,74,20161006191,19,3
2016-10-06 20:00:00,1,72,20161006201,20,3
2016-10-06 21:00:00,1,66,20161006211,21,3
2016-10-06 22:00:00,1,65,20161006221,22,3
2016-10-06 23:00:00,1,59,20161006231,23,3
2016-10-07 00:00:00,1,60,20161007001,0,4
2016-10-07 01:00:00,1,48,20161007011,1,4
2016-10-07 02:00:00,1,42,20161007021,2,4
2016-10-07 03:00:00,1,32,20161007031,3,4
2016-10-07 04:00:00,1,29,20161007041,4,4
2016-10-07 05:00:00,1,30,20161007051,5,4
2016-10-07 06:00:00,1,28,20161007061,6,4
2016-10-07 07:00:00,1,33,20161007071,7,4
2016-10-07 08:00:00,1,39,20161007081,8,4
2016-10-07 09:00:00,1,42,20161007091,9,4
2016-10-07 10:00:00,1,51,20161007101,10,4
2016-10-07 11:00:00,1,58,20161007111,11,4
2016-10-07 12:00:00,1,57,20161007121,12,4
2016-10-07 13:00:00,1,54,20161007131,13,4
2016-10-07 14:00:00,1,53,20161007141,14,4
2016-10-07 15:00:00,1,57,20161007151,15,4
2016-10-07 16:00:00,1,55,20161007161,16,4
2016-10-07 17:00:00,1,49,20161007171,17,4
2016-10-07 18:00:00,1,61,20161007181,18,4
2016-10-07 19:00:00,1,66,20161007191,19,4
2016-10-07 20:00:00,1,59,20161007201,20,4
2016-10-07 21:00:00,1,60,20161007211,21,4
2016-10-07 22:00:00,1,57,20161007221,22,4
2016-10-07 23:00:00,1,51,20161007231,23,4
2016-10-08 00:00:00,1,50,20161008001,0,5
2016-10-08 01:00:00,1,41,20161008011,1,5
2016-10-08 02:00:00,1,35,20161008021,2,5
2016-10-08 03:00:00,1,27,20161008031,3,5
2016-10-08 04:00:00,1,23,20161008041,4,5
2016-10-08 05:00:00,1,21,20161008051,5,5
2016-10-08 06:00:00,1,24,20161008061,6,5
2016-10-08 07:00:00,1,25,20161008071,7,5
2016-10-08 08:00:00,1,28,20161008081,8,5
2016-10-08 09:00:00,1,28,20161008091,9,5
2016-10-08 10:00:00,1,34,20161008101,10,5
2016-10-08 11:00:00,1,37,20161008111,11,5
2016-10-08 12:00:00,1,37,20161008121,12,5
2016-10-08 13:00:00,1,36,20161008131,13,5
2016-10-08 14:00:00,1,38,20161008141,14,5
2016-10-08 15:00:00,1,37,20161008151,15,5
2016-10-08 16:00:00,1,33,20161008161,16,5
2016-10-08 17:00:00,1,34,20161008171,17,5
2016-10-08 18:00:00,1,37,20161008181,18,5
2016-10-08 19:00:00,1,40,20161008191,19,5
2016-10-08 20:00:00,1,44,20161008201,20,5
2016-10-08 21:00:00,1,41,20161008211,21,5
2016-10-08 22:00:00,1,41,20161008221,22,5
2016-10-08 23:00:00,1,41,20161008231,23,5
2016-10-09 00:00:00,1,33,20161009001,0,6
2016-10-09 01:00:00,1,32,20161009011,1,6
2016-10-09 02:00:00,1,25,20161009021,2,6
2016-10-09 03:00:00,1,25,20161009031,3,6
2016-10-09 04:00:00,1,23,20161009041,4,6
2016-10-09 05:00:00,1,21,20161009051,5,6
2016-10-09 06:00:00,1,22,20161009061,6,6
2016-10-09 07:00:00,1,26,20161009071,7,6
2016-10-09 08:00:00,1,25,20161009081,8,6
2016-10-09 09:00:00,1,27,20161009091,9,6
2016-10-09 10:00:00,1,38,20161009101,10,6
2016-10-09 11:00:00,1,37,20161009111,11,6
2016-10-09 12:00:00,1,39,20161009121,12,6
2016-10-09 13:00:00,1,35,20161009131,13,6
2016-10-09 14:00:00,1,37,20161009141,14,6
2016-10-09 15:00:00,1,36,20161009151,15,6
2016-10-09 16:00:00,1,36,20161009161,16,6
2016-10-09 17:00:00,1,35,20161009171,17,6
2016-10-09 18:00:00,1,46,20161009181,18,6
2016-10-09 19:00:00,1,59,20161009191,19,6
2016-10-09 20:00:00,1,53,20161009201,20,6
2016-10-09 21:00:00,1,49,20161009211,21,6
2016-10-09 22:00:00,1,48,20161009221,22,6
2016-10-09 23:00:00,1,46,20161009231,23,6
2016-10-10 00:00:00,1,48,20161010001,0,0
2016-10-10 01:00:00,1,37,20161010011,1,0
2016-10-10 02:00:00,1,34,20161010021,2,0
2016-10-10 03:00:00,1,30,20161010031,3,0
2016-10-10 04:00:00,1,23,20161010041,4,0
2016-10-10 05:00:00,1,24,20161010051,5,0
2016-10-10 06:00:00,1,30,20161010061,6,0
2016-10-10 07:00:00,1,26,20161010071,7,0
2016-10-10 08:00:00,1,34,20161010081,8,0
2016-10-10 09:00:00,1,44,20161010091,9,0
2016-10-10 10:00:00,1,58,20161010101,10,0
2016-10-10 11:00:00,1,70,20161010111,11,0
2016-10-10 12:00:00,1,66,20161010121,12,0
2016-10-10 13:00:00,1,62,20161010131,13,0
2016-10-10 14:00:00,1,64,20161010141,14,0
2016-10-10 15:00:00,1,62,20161010151,15,0
2016-10-10 16:00:00,1,62,20161010161,16,0
2016-10-10 17:00:00,1,65,20161010171,17,0
2016-10-10 18:00:00,1,69,20161010181,18,0
2016-10-10 19:00:00,1,75,20161010191,19,0
2016-10-10 20:00:00,1,69,20161010201,20,0
2016-10-10 21:00:00,1,63,20161010211,21,0
2016-10-10 22:00:00,1,64,20161010221,22,0
2016-10-10 23:00:00,1,57,20161010231,23,0
2016-10-11 00:00:00,1,55,20161011001,0,1
2016-10-11 01:00:00,1,44,20161011011,1,1
2016-10-11 02:00:00,1,44,20161011021,2,1
2016-10-11 03:00:00,1,33,20161011031,3,1
2016-10-11 04:00:00,1,28,20161011041,4,1
2016-10-11 05:00:00,1,30,20161011051,5,1
2016-10-11 06:00:00,1,32,20161011061,6,1
2016-10-11 07:00:00,1,36,20161011071,7,1
2016-10-11 08:00:00,1,38,20161011081,8,1
2016-10-11 09:00:00,1,42,20161011091,9,1
2016-10-11 10:00:00,1,42,20161011101,10,1
2016-10-11 11:00:00,1,44,20161011111,11,1
2016-10-11 12:00:00,1,48,20161011121,12,1
2016-10-11 13:00:00,1,50,20161011131,13,1
2016-10-11 14:00:00,1,52,20161011141,14,1
2016-10-11 15:00:00,1,47,20161011151,15,1
2016-10-11 16:00:00,1,50,20161011161,16,1
2016-10-11 17:00:00,1,52,20161011171,17,1
2016-10-11 18:00:00,1,59,20161011181,18,1
2016-10-11 19:00:00,1,76,20161011191,19,1
2016-10-11 20:00:00,1,70,20161011201,20,1
2016-10-11 21:00:00,1,63,20161011211,21,1
2016-10-11 22:00:00,1,62,20161011221,22,1
2016-10-11 23:00:00,1,57,20161011231,23,1
2016-10-12 00:00:00,1,54,20161012001,0,2
2016-10-12 01:00:00,1,52,20161012011,1,2
2016-10-12 02:00:00,1,41,20161012021,2,2
2016-10-12 03:00:00,1,32,20161012031,3,2
2016-10-12 04:00:00,1,29,20161012041,4,2
2016-10-12 05:00:00,1,29,20161012051,5,2
2016-10-12 06:00:00,1,32,20161012061,6,2
2016-10-12 07:00:00,1,37,20161012071,7,2
2016-10-12 08:00:00,1,41,20161012081,8,2
2016-10-12 09:00:00,1,44,20161012091,9,2
2016-10-12 10:00:00,1,54,20161012101,10,2
2016-10-12 11:00:00,1,64,20161012111,11,2
2016-10-12 12:00:00,1,67,20161012121,12,2
2016-10-12 13:00:00,1,56,20161012131,13,2
2016-10-12 14:00:00,1,63,20161012141,14,2
2016-10-12 15:00:00,1,64,20161012151,15,2
2016-10-12 16:00:00,1,64,20161012161,16,2
2016-10-12 17:00:00,1,61,20161012171,17,2
2016-10-12 18:00:00,1,66,20161012181,18,2
2016-10-12 19:00:00,1,74,20161012191,19,2
2016-10-12 20:00:00,1,69,20161012201,20,2
2016-10-12 21:00:00,1,64,20161012211,21,2
2016-10-12 22:00:00,1,63,20161012221,22,2
2016-10-12 23:00:00,1,62,20161012231,23,2
2016-10-13 00:00:00,1,59,20161013001,0,3
2016-10-13 01:00:00,1,50,20161013011,1,3
2016-10-13 02:00:00,1,45,20161013021,2,3
2016-10-13 03:00:00,1,36,20161013031,3,3
2016-10-13 04:00:00,1,31,20161013041,4,3
2016-10-13 05:00:00,1,28,20161013051,5,3
2016-10-13 06:00:00,1,30,20161013061,6,3
2016-10-13 07:00:00,1,36,20161013071,7,3
2016-10-13 08:00:00,1,45,20161013081,8,3
2016-10-13 09:00:00,1,46,20161013091,9,3
2016-10-13 10:00:00,1,66,20161013101,10,3
2016-10-13 11:00:00,1,71,20161013111,11,3
2016-10-13 12:00:00,1,74,20161013121,12,3
2016-10-13 13:00:00,1,60,20161013131,13,3
2016-10-13 14:00:00,1,68,20161013141,14,3
2016-10-13 15:00:00,1,66,20161013151,15,3
2016-10-13 16:00:00,1,67,20161013161,16,3
2016-10-13 17:00:00,1,66,20161013171,17,3
2016-10-13 18:00:00,1,74,20161013181,18,3
2016-10-13 19:00:00,1,75,20161013191,19,3
2016-10-13 20:00:00,1,67,20161013201,20,3
2016-10-13 21:00:00,1,70,20161013211,21,3
2016-10-13 22:00:00,1,66,20161013221,22,3
2016-10-13 23:00:00,1,61,20161013231,23,3
2016-10-14 00:00:00,1,59,20161014001,0,4
2016-10-14 01:00:00,1,50,20161014011,1,4
2016-10-14 02:00:00,1,43,20161014021,2,4
2016-10-14 03:00:00,1,38,20161014031,3,4
2016-10-14 04:00:00,1,33,20161014041,4,4
2016-10-14 05:00:00,1,30,20161014051,5,4
2016-10-14 06:00:00,1,32,20161014061,6,4
2016-10-14 07:00:00,1,38,20161014071,7,4
2016-10-14 08:00:00,1,41,20161014081,8,4
2016-10-14 09:00:00,1,51,20161014091,9,4
2016-10-14 10:00:00,1,58,20161014101,10,4
2016-10-14 11:00:00,1,65,20161014111,11,4
2016-10-14 12:00:00,1,69,20161014121,12,4
2016-10-14 13:00:00,1,57,20161014131,13,4
2016-10-14 14:00:00,1,64,20161014141,14,4
2016-10-14 15:00:00,1,64,20161014151,15,4
2016-10-14 16:00:00,1,60,20161014161,16,4
2016-10-14 17:00:00,1,54,20161014171,17,4
2016-10-14 18:00:00,1,66,20161014181,18,4
2016-10-14 19:00:00,1,67,20161014191,19,4
2016-10-14 20:00:00,1,63,20161014201,20,4
2016-10-14 21:00:00,1,59,20161014211,21,4
2016-10-14 22:00:00,1,52,20161014221,22,4
2016-10-14 23:00:00,1,49,20161014231,23,4
2016-10-15 00:00:00,1,47,20161015001,0,5
2016-10-15 01:00:00,1,40,20161015011,1,5
2016-10-15 02:00:00,1,39,20161015021,2,5
2016-10-15 03:00:00,1,32,20161015031,3,5
2016-10-15 04:00:00,1,23,20161015041,4,5
2016-10-15 05:00:00,1,21,20161015051,5,5
2016-10-15 06:00:00,1,22,20161015061,6,5
2016-10-15 07:00:00,1,25,20161015071,7,5
2016-10-15 08:00:00,1,28,20161015081,8,5
2016-10-15 09:00:00,1,35,20161015091,9,5
2016-10-15 10:00:00,1,43,20161015101,10,5
2016-10-15 11:00:00,1,38,20161015111,11,5
2016-10-15 12:00:00,1,40,20161015121,12,5
2016-10-15 13:00:00,1,36,20161015131,13,5
2016-10-15 14:00:00,1,39,20161015141,14,5
2016-10-15 15:00:00,1,35,20161015151,15,5
2016-10-15 16:00:00,1,38,20161015161,16,5
2016-10-15 17:00:00,1,36,20161015171,17,5
2016-10-15 18:00:00,1,38,20161015181,18,5
2016-10-15 19:00:00,1,51,20161015191,19,5
2016-10-15 20:00:00,1,50,20161015201,20,5
2016-10-15 21:00:00,1,47,20161015211,21,5
2016-10-15 22:00:00,1,51,20161015221,22,5
2016-10-15 23:00:00,1,45,20161015231,23,5
2016-10-16 00:00:00,1,43,20161016001,0,6
2016-10-16 01:00:00,1,37,20161016011,1,6
2016-10-16 02:00:00,1,32,20161016021,2,6
2016-10-16 03:00:00,1,27,20161016031,3,6
2016-10-16 04:00:00,1,19,20161016041,4,6
2016-10-16 05:00:00,1,21,20161016051,5,6
2016-10-16 06:00:00,1,21,20161016061,6,6
2016-10-16 07:00:00,1,23,20161016071,7,6
2016-10-16 08:00:00,1,31,20161016081,8,6
2016-10-16 09:00:00,1,34,20161016091,9,6
2016-10-16 10:00:00,1,39,20161016101,10,6
2016-10-16 11:00:00,1,38,20161016111,11,6
2016-10-16 12:00:00,1,39,20161016121,12,6
2016-10-16 13:00:00,1,37,20161016131,13,6
2016-10-16 14:00:00,1,37,20161016141,14,6
2016-10-16 15:00:00,1,38,20161016151,15,6
2016-10-16 16:00:00,1,38,20161016161,16,6
2016-10-16 17:00:00,1,38,20161016171,17,6
2016-10-16 18:00:00,1,42,20161016181,18,6
2016-10-16 19:00:00,1,50,20161016191,19,6
2016-10-16 20:00:00,1,52,20161016201,20,6
2016-10-16 21:00:00,1,51,20161016211,21,6
2016-10-16 22:00:00,1,51,20161016221,22,6
2016-10-16 23:00:00,1,51,20161016231,23,6
2016-10-17 00:00:00,1,48,20161017001,0,0
2016-10-17 01:00:00,1,39,20161017011,1,0
2016-10-17 02:00:00,1,34,20161017021,2,0
2016-10-17 03:00:00,1,31,20161017031,3,0
2016-10-17 04:00:00,1,29,20161017041,4,0
2016-10-17 05:00:00,1,27,20161017051,5,0
2016-10-17 06:00:00,1,33,20161017061,6,0
2016-10-17 07:00:00,1,33,20161017071,7,0
2016-10-17 08:00:00,1,40,20161017081,8,0
2016-10-17 09:00:00,1,46,20161017091,9,0
2016-10-17 10:00:00,1,56,20161017101,10,0
2016-10-17 11:00:00,1,75,20161017111,11,0
2016-10-17 12:00:00,1,87,20161017121,12,0
2016-10-17 13:00:00,1,72,20161017131,13,0
2016-10-17 14:00:00,1,82,20161017141,14,0
2016-10-17 15:00:00,1,75,20161017151,15,0
2016-10-17 16:00:00,1,71,20161017161,16,0
2016-10-17 17:00:00,1,71,20161017171,17,0
2016-10-17 18:00:00,1,78,20161017181,18,0
2016-10-17 19:00:00,1,83,20161017191,19,0
2016-10-17 20:00:00,1,75,20161017201,20,0
2016-10-17 21:00:00,1,73,20161017211,21,0
2016-10-17 22:00:00,1,71,20161017221,22,0
2016-10-17 23:00:00,1,65,20161017231,23,0
2016-10-18 00:00:00,1,66,20161018001,0,1
2016-10-18 01:00:00,1,51,20161018011,1,1
2016-10-18 02:00:00,1,48,20161018021,2,1
2016-10-18 03:00:00,1,41,20161018031,3,1
2016-10-18 04:00:00,1,37,20161018041,4,1
2016-10-18 05:00:00,1,31,20161018051,5,1
2016-10-18 06:00:00,1,33,20161018061,6,1
2016-10-18 07:00:00,1,42,20161018071,7,1
2016-10-18 08:00:00,1,42,20161018081,8,1
2016-10-18 09:00:00,1,52,20161018091,9,1
2016-10-18 10:00:00,1,62,20161018101,10,1
2016-10-18 11:00:00,1,66,20161018111,11,1
2016-10-18 12:00:00,1,71,20161018121,12,1
2016-10-18 13:00:00,1,64,20161018131,13,1
2016-10-18 14:00:00,1,67,20161018141,14,1
2016-10-18 15:00:00,1,70,20161018151,15,1
2016-10-18 16:00:00,1,68,20161018161,16,1
2016-10-18 17:00:00,1,66,20161018171,17,1
2016-10-18 18:00:00,1,70,20161018181,18,1
2016-10-18 19:00:00,1,74,20161018191,19,1
2016-10-18 20:00:00,1,73,20161018201,20,1
2016-10-18 21:00:00,1,72,20161018211,21,1
2016-10-18 22:00:00,1,68,20161018221,22,1
2016-10-18 23:00:00,1,65,20161018231,23,1
2016-10-19 00:00:00,1,64,20161019001,0,2
2016-10-19 01:00:00,1,55,20161019011,1,2
2016-10-19 02:00:00,1,45,20161019021,2,2
2016-10-19 03:00:00,1,38,20161019031,3,2
2016-10-19 04:00:00,1,34,20161019041,4,2
2016-10-19 05:00:00,1,32,20161019051,5,2
2016-10-19 06:00:00,1,32,20161019061,6,2
2016-10-19 07:00:00,1,36,20161019071,7,2
2016-10-19 08:00:00,1,41,20161019081,8,2
2016-10-19 09:00:00,1,48,20161019091,9,2
2016-10-19 10:00:00,1,57,20161019101,10,2
2016-10-19 11:00:00,1,94,20161019111,11,2
2016-10-19 12:00:00,1,81,20161019121,12,2
2016-10-19 13:00:00,1,74,20161019131,13,2
2016-10-19 14:00:00,1,78,20161019141,14,2
2016-10-19 15:00:00,1,74,20161019151,15,2
2016-10-19 16:00:00,1,75,20161019161,16,2
2016-10-19 17:00:00,1,82,20161019171,17,2
2016-10-19 18:00:00,1,92,20161019181,18,2
2016-10-19 19:00:00,1,106,20161019191,19,2
2016-10-19 20:00:00,1,98,20161019201,20,2
2016-10-19 21:00:00,1,86,20161019211,21,2
2016-10-19 22:00:00,1,81,20161019221,22,2
2016-10-19 23:00:00,1,79,20161019231,23,2
2016-10-20 00:00:00,1,74,20161020001,0,3
2016-10-20 01:00:00,1,60,20161020011,1,3
2016-10-20 02:00:00,1,57,20161020021,2,3
2016-10-20 03:00:00,1,45,20161020031,3,3
2016-10-20 04:00:00,1,39,20161020041,4,3
2016-10-20 05:00:00,1,35,20161020051,5,3
2016-10-20 06:00:00,1,36,20161020061,6,3
2016-10-20 07:00:00,1,39,20161020071,7,3
2016-10-20 08:00:00,1,41,20161020081,8,3
2016-10-20 09:00:00,1,51,20161020091,9,3
2016-10-20 10:00:00,1,64,20161020101,10,3
2016-10-20 11:00:00,1,70,20161020111,11,3
2016-10-20 12:00:00,1,68,20161020121,12,3
2016-10-20 13:00:00,1,60,20161020131,13,3
2016-10-20 14:00:00,1,70,20161020141,14,3
2016-10-20 15:00:00,1,69,20161020151,15,3
2016-10-20 16:00:00,1,64,20161020161,16,3
2016-10-20 17:00:00,1,77,20161020171,17,3
2016-10-20 18:00:00,1,79,20161020181,18,3
2016-10-20 19:00:00,1,79,20161020191,19,3
2016-10-20 20:00:00,1,75,20161020201,20,3
2016-10-20 21:00:00,1,74,20161020211,21,3
2016-10-20 22:00:00,1,69,20161020221,22,3
2016-10-20 23:00:00,1,65,20161020231,23,3
2016-10-21 00:00:00,1,61,20161021001,0,4
2016-10-21 01:00:00,1,54,20161021011,1,4
2016-10-21 02:00:00,1,45,20161021021,2,4
2016-10-21 03:00:00,1,37,20161021031,3,4
2016-10-21 04:00:00,1,32,20161021041,4,4
2016-10-21 05:00:00,1,29,20161021051,5,4
2016-10-21 06:00:00,1,33,20161021061,6,4
2016-10-21 07:00:00,1,40,20161021071,7,4
2016-10-21 08:00:00,1,41,20161021081,8,4
2016-10-21 09:00:00,1,49,20161021091,9,4
2016-10-21 10:00:00,1,60,20161021101,10,4
2016-10-21 11:00:00,1,74,20161021111,11,4
2016-10-21 12:00:00,1,70,20161021121,12,4
2016-10-21 13:00:00,1,62,20161021131,13,4
2016-10-21 14:00:00,1,65,20161021141,14,4
2016-10-21 15:00:00,1,65,20161021151,15,4
2016-10-21 16:00:00,1,66,20161021161,16,4
2016-10-21 17:00:00,1,62,20161021171,17,4
2016-10-21 18:00:00,1,68,20161021181,18,4
2016-10-21 19:00:00,1,73,20161021191,19,4
2016-10-21 20:00:00,1,64,20161021201,20,4
2016-10-21 21:00:00,1,63,20161021211,21,4
2016-10-21 22:00:00,1,62,20161021221,22,4
2016-10-21 23:00:00,1,58,20161021231,23,4
2016-10-22 00:00:00,1,54,20161022001,0,5
2016-10-22 01:00:00,1,45,20161022011,1,5
2016-10-22 02:00:00,1,44,20161022021,2,5
2016-10-22 03:00:00,1,29,20161022031,3,5
2016-10-22 04:00:00,1,30,20161022041,4,5
2016-10-22 05:00:00,1,26,20161022051,5,5
2016-10-22 06:00:00,1,28,20161022061,6,5
2016-10-22 07:00:00,1,30,20161022071,7,5
2016-10-22 08:00:00,1,29,20161022081,8,5
2016-10-22 09:00:00,1,36,20161022091,9,5
2016-10-22 10:00:00,1,51,20161022101,10,5
2016-10-22 11:00:00,1,46,20161022111,11,5
2016-10-22 12:00:00,1,45,20161022121,12,5
2016-10-22 13:00:00,1,45,20161022131,13,5
2016-10-22 14:00:00,1,41,20161022141,14,5
2016-10-22 15:00:00,1,38,20161022151,15,5
2016-10-22 16:00:00,1,41,20161022161,16,5
2016-10-22 17:00:00,1,39,20161022171,17,5
2016-10-22 18:00:00,1,47,20161022181,18,5
2016-10-22 19:00:00,1,47,20161022191,19,5
2016-10-22 20:00:00,1,50,20161022201,20,5
2016-10-22 21:00:00,1,50,20161022211,21,5
2016-10-22 22:00:00,1,49,20161022221,22,5
2016-10-22 23:00:00,1,50,20161022231,23,5
2016-10-23 00:00:00,1,46,20161023001,0,6
2016-10-23 01:00:00,1,39,20161023011,1,6
2016-10-23 02:00:00,1,30,20161023021,2,6
2016-10-23 03:00:00,1,29,20161023031,3,6
2016-10-23 04:00:00,1,28,20161023041,4,6
2016-10-23 05:00:00,1,23,20161023051,5,6
2016-10-23 06:00:00,1,26,20161023061,6,6
2016-10-23 07:00:00,1,27,20161023071,7,6
2016-10-23 08:00:00,1,29,20161023081,8,6
2016-10-23 09:00:00,1,32,20161023091,9,6
2016-10-23 10:00:00,1,37,20161023101,10,6
2016-10-23 11:00:00,1,39,20161023111,11,6
2016-10-23 12:00:00,1,38,20161023121,12,6
2016-10-23 13:00:00,1,37,20161023131,13,6
2016-10-23 14:00:00,1,36,20161023141,14,6
2016-10-23 15:00:00,1,40,20161023151,15,6
2016-10-23 16:00:00,1,34,20161023161,16,6
2016-10-23 17:00:00,1,41,20161023171,17,6
2016-10-23 18:00:00,1,46,20161023181,18,6
2016-10-23 19:00:00,1,48,20161023191,19,6
2016-10-23 20:00:00,1,47,20161023201,20,6
2016-10-23 21:00:00,1,51,20161023211,21,6
2016-10-23 22:00:00,1,51,20161023221,22,6
2016-10-23 23:00:00,1,50,20161023231,23,6
2016-10-24 00:00:00,1,49,20161024001,0,0
2016-10-24 01:00:00,1,41,20161024011,1,0
2016-10-24 02:00:00,1,37,20161024021,2,0
2016-10-24 03:00:00,1,35,20161024031,3,0
2016-10-24 04:00:00,1,32,20161024041,4,0
2016-10-24 05:00:00,1,29,20161024051,5,0
2016-10-24 06:00:00,1,30,20161024061,6,0
2016-10-24 07:00:00,1,35,20161024071,7,0
2016-10-24 08:00:00,1,37,20161024081,8,0
2016-10-24 09:00:00,1,48,20161024091,9,0
2016-10-24 10:00:00,1,59,20161024101,10,0
2016-10-24 11:00:00,1,79,20161024111,11,0
2016-10-24 12:00:00,1,77,20161024121,12,0
2016-10-24 13:00:00,1,67,20161024131,13,0
2016-10-24 14:00:00,1,71,20161024141,14,0
2016-10-24 15:00:00,1,74,20161024151,15,0
2016-10-24 16:00:00,1,73,20161024161,16,0
2016-10-24 17:00:00,1,78,20161024171,17,0
2016-10-24 18:00:00,1,78,20161024181,18,0
2016-10-24 19:00:00,1,78,20161024191,19,0
2016-10-24 20:00:00,1,76,20161024201,20,0
2016-10-24 21:00:00,1,69,20161024211,21,0
2016-10-24 22:00:00,1,70,20161024221,22,0
2016-10-24 23:00:00,1,62,20161024231,23,0
2016-10-25 00:00:00,1,66,20161025001,0,1
2016-10-25 01:00:00,1,55,20161025011,1,1
2016-10-25 02:00:00,1,47,20161025021,2,1
2016-10-25 03:00:00,1,44,20161025031,3,1
2016-10-25 04:00:00,1,33,20161025041,4,1
2016-10-25 05:00:00,1,33,20161025051,5,1
2016-10-25 06:00:00,1,35,20161025061,6,1
2016-10-25 07:00:00,1,39,20161025071,7,1
2016-10-25 08:00:00,1,44,20161025081,8,1
2016-10-25 09:00:00,1,54,20161025091,9,1
2016-10-25 10:00:00,1,59,20161025101,10,1
2016-10-25 11:00:00,1,62,20161025111,11,1
2016-10-25 12:00:00,1,71,20161025121,12,1
2016-10-25 13:00:00,1,64,20161025131,13,1
2016-10-25 14:00:00,1,69,20161025141,14,1
2016-10-25 15:00:00,1,66,20161025151,15,1
2016-10-25 16:00:00,1,67,20161025161,16,1
2016-10-25 17:00:00,1,65,20161025171,17,1
2016-10-25 18:00:00,1,73,20161025181,18,1
2016-10-25 19:00:00,1,77,20161025191,19,1
2016-10-25 20:00:00,1,70,20161025201,20,1
2016-10-25 21:00:00,1,66,20161025211,21,1
2016-10-25 22:00:00,1,68,20161025221,22,1
2016-10-25 23:00:00,1,62,20161025231,23,1
2016-10-26 00:00:00,1,60,20161026001,0,2
2016-10-26 01:00:00,1,51,20161026011,1,2
2016-10-26 02:00:00,1,45,20161026021,2,2
2016-10-26 03:00:00,1,38,20161026031,3,2
2016-10-26 04:00:00,1,31,20161026041,4,2
2016-10-26 05:00:00,1,29,20161026051,5,2
2016-10-26 06:00:00,1,35,20161026061,6,2
2016-10-26 07:00:00,1,38,20161026071,7,2
2016-10-26 08:00:00,1,44,20161026081,8,2
2016-10-26 09:00:00,1,48,20161026091,9,2
2016-10-26 10:00:00,1,66,20161026101,10,2
2016-10-26 11:00:00,1,106,20161026111,11,2
2016-10-26 12:00:00,1,85,20161026121,12,2
2016-10-26 13:00:00,1,78,20161026131,13,2
2016-10-26 14:00:00,1,77,20161026141,14,2
2016-10-26 15:00:00,1,72,20161026151,15,2
2016-10-26 16:00:00,1,69,20161026161,16,2
2016-10-26 17:00:00,1,72,20161026171,17,2
2016-10-26 18:00:00,1,81,20161026181,18,2
2016-10-26 19:00:00,1,89,20161026191,19,2
2016-10-26 20:00:00,1,88,20161026201,20,2
2016-10-26 21:00:00,1,82,20161026211,21,2
2016-10-26 22:00:00,1,77,20161026221,22,2
2016-10-26 23:00:00,1,72,20161026231,23,2
2016-10-27 00:00:00,1,67,20161027001,0,3
2016-10-27 01:00:00,1,55,20161027011,1,3
2016-10-27 02:00:00,1,50,20161027021,2,3
2016-10-27 03:00:00,1,43,20161027031,3,3
2016-10-27 04:00:00,1,36,20161027041,4,3
2016-10-27 05:00:00,1,37,20161027051,5,3
2016-10-27 06:00:00,1,42,20161027061,6,3
2016-10-27 07:00:00,1,44,20161027071,7,3
2016-10-27 08:00:00,1,51,20161027081,8,3
2016-10-27 09:00:00,1,52,20161027091,9,3
2016-10-27 10:00:00,1,64,20161027101,10,3
2016-10-27 11:00:00,1,66,20161027111,11,3
2016-10-27 12:00:00,1,74,20161027121,12,3
2016-10-27 13:00:00,1,75,20161027131,13,3
2016-10-27 14:00:00,1,71,20161027141,14,3
2016-10-27 15:00:00,1,68,20161027151,15,3
2016-10-27 16:00:00,1,64,20161027161,16,3
2016-10-27 17:00:00,1,67,20161027171,17,3
2016-10-27 18:00:00,1,73,20161027181,18,3
2016-10-27 19:00:00,1,78,20161027191,19,3
2016-10-27 20:00:00,1,76,20161027201,20,3
2016-10-27 21:00:00,1,75,20161027211,21,3
2016-10-27 22:00:00,1,62,20161027221,22,3
2016-10-27 23:00:00,1,62,20161027231,23,3
2016-10-28 00:00:00,1,60,20161028001,0,4
2016-10-28 01:00:00,1,50,20161028011,1,4
2016-10-28 02:00:00,1,45,20161028021,2,4
2016-10-28 03:00:00,1,38,20161028031,3,4
2016-10-28 04:00:00,1,36,20161028041,4,4
2016-10-28 05:00:00,1,31,20161028051,5,4
2016-10-28 06:00:00,1,33,20161028061,6,4
2016-10-28 07:00:00,1,41,20161028071,7,4
2016-10-28 08:00:00,1,41,20161028081,8,4
2016-10-28 09:00:00,1,43,20161028091,9,4
2016-10-28 10:00:00,1,50,20161028101,10,4
2016-10-28 11:00:00,1,60,20161028111,11,4
2016-10-28 12:00:00,1,77,20161028121,12,4
2016-10-28 13:00:00,1,83,20161028131,13,4
2016-10-28 14:00:00,1,74,20161028141,14,4
2016-10-28 15:00:00,1,68,20161028151,15,4
2016-10-28 16:00:00,1,62,20161028161,16,4
2016-10-28 17:00:00,1,66,20161028171,17,4
2016-10-28 18:00:00,1,74,20161028181,18,4
2016-10-28 19:00:00,1,79,20161028191,19,4
2016-10-28 20:00:00,1,71,20161028201,20,4
2016-10-28 21:00:00,1,72,20161028211,21,4
2016-10-28 22:00:00,1,64,20161028221,22,4
2016-10-28 23:00:00,1,59,20161028231,23,4
2016-10-29 00:00:00,1,58,20161029001,0,5
2016-10-29 01:00:00,1,49,20161029011,1,5
2016-10-29 02:00:00,1,44,20161029021,2,5
2016-10-29 03:00:00,1,33,20161029031,3,5
2016-10-29 04:00:00,1,30,20161029041,4,5
2016-10-29 05:00:00,1,29,20161029051,5,5
2016-10-29 06:00:00,1,27,20161029061,6,5
2016-10-29 07:00:00,1,32,20161029071,7,5
2016-10-29 08:00:00,1,30,20161029081,8,5
2016-10-29 09:00:00,1,36,20161029091,9,5
2016-10-29 10:00:00,1,37,20161029101,10,5
2016-10-29 11:00:00,1,39,20161029111,11,5
2016-10-29 12:00:00,1,39,20161029121,12,5
2016-10-29 13:00:00,1,36,20161029131,13,5
2016-10-29 14:00:00,1,33,20161029141,14,5
2016-10-29 15:00:00,1,35,20161029151,15,5
2016-10-29 16:00:00,1,36,20161029161,16,5
2016-10-29 17:00:00,1,41,20161029171,17,5
2016-10-29 18:00:00,1,45,20161029181,18,5
2016-10-29 19:00:00,1,43,20161029191,19,5
2016-10-29 20:00:00,1,43,20161029201,20,5
2016-10-29 21:00:00,1,43,20161029211,21,5
2016-10-29 22:00:00,1,48,20161029221,22,5
2016-10-29 23:00:00,1,46,20161029231,23,5
2016-10-30 00:00:00,1,41,20161030001,0,6
2016-10-30 01:00:00,1,38,20161030011,1,6
2016-10-30 02:00:00,1,31,20161030021,2,6
2016-10-30 03:00:00,1,27,20161030031,3,6
2016-10-30 04:00:00,1,24,20161030041,4,6
2016-10-30 05:00:00,1,22,20161030051,5,6
2016-10-30 06:00:00,1,23,20161030061,6,6
2016-10-30 07:00:00,1,24,20161030071,7,6
2016-10-30 08:00:00,1,30,20161030081,8,6
2016-10-30 09:00:00,1,29,20161030091,9,6
2016-10-30 10:00:00,1,35,20161030101,10,6
2016-10-30 11:00:00,1,37,20161030111,11,6
2016-10-30 12:00:00,1,37,20161030121,12,6
2016-10-30 13:00:00,1,31,20161030131,13,6
2016-10-30 14:00:00,1,31,20161030141,14,6
2016-10-30 15:00:00,1,34,20161030151,15,6
2016-10-30 16:00:00,1,34,20161030161,16,6
2016-10-30 17:00:00,1,37,20161030171,17,6
2016-10-30 18:00:00,1,40,20161030181,18,6
2016-10-30 19:00:00,1,42,20161030191,19,6
2016-10-30 20:00:00,1,39,20161030201,20,6
2016-10-30 21:00:00,1,43,20161030211,21,6
2016-10-30 22:00:00,1,42,20161030221,22,6
2016-10-30 23:00:00,1,44,20161030231,23,6
2016-10-31 00:00:00,1,39,20161031001,0,0
2016-10-31 01:00:00,1,36,20161031011,1,0
2016-10-31 02:00:00,1,32,20161031021,2,0
2016-10-31 03:00:00,1,35,20161031031,3,0
2016-10-31 04:00:00,1,31,20161031041,4,0
2016-10-31 05:00:00,1,30,20161031051,5,0
2016-10-31 06:00:00,1,33,20161031061,6,0
2016-10-31 07:00:00,1,35,20161031071,7,0
2016-10-31 08:00:00,1,37,20161031081,8,0
2016-10-31 09:00:00,1,41,20161031091,9,0
2016-10-31 10:00:00,1,52,20161031101,10,0
2016-10-31 11:00:00,1,58,20161031111,11,0
2016-10-31 12:00:00,1,56,20161031121,12,0
2016-10-31 13:00:00,1,54,20161031131,13,0
2016-10-31 14:00:00,1,59,20161031141,14,0
2016-10-31 15:00:00,1,58,20161031151,15,0
2016-10-31 16:00:00,1,58,20161031161,16,0
2016-10-31 17:00:00,1,60,20161031171,17,0
2016-10-31 18:00:00,1,68,20161031181,18,0
2016-10-31 19:00:00,1,77,20161031191,19,0
2016-10-31 20:00:00,1,72,20161031201,20,0
2016-10-31 21:00:00,1,75,20161031211,21,0
2016-10-31 22:00:00,1,63,20161031221,22,0
2016-10-31 23:00:00,1,64,20161031231,23,0
2016-11-01 00:00:00,1,61,20161101001,0,1
2016-11-01 01:00:00,1,52,20161101011,1,1
2016-11-01 02:00:00,1,49,20161101021,2,1
2016-11-01 03:00:00,1,45,20161101031,3,1
2016-11-01 04:00:00,1,36,20161101041,4,1
2016-11-01 05:00:00,1,33,20161101051,5,1
2016-11-01 06:00:00,1,38,20161101061,6,1
2016-11-01 07:00:00,1,42,20161101071,7,1
2016-11-01 08:00:00,1,45,20161101081,8,1
2016-11-01 09:00:00,1,43,20161101091,9,1
2016-11-01 10:00:00,1,47,20161101101,10,1
2016-11-01 11:00:00,1,55,20161101111,11,1
2016-11-01 12:00:00,1,57,20161101121,12,1
2016-11-01 13:00:00,1,49,20161101131,13,1
2016-11-01 14:00:00,1,56,20161101141,14,1
2016-11-01 15:00:00,1,58,20161101151,15,1
2016-11-01 16:00:00,1,52,20161101161,16,1
2016-11-01 17:00:00,1,59,20161101171,17,1
2016-11-01 18:00:00,1,68,20161101181,18,1
2016-11-01 19:00:00,1,78,20161101191,19,1
2016-11-01 20:00:00,1,77,20161101201,20,1
2016-11-01 21:00:00,1,72,20161101211,21,1
2016-11-01 22:00:00,1,71,20161101221,22,1
2016-11-01 23:00:00,1,63,20161101231,23,1
2016-11-02 00:00:00,1,60,20161102001,0,2
2016-11-02 01:00:00,1,54,20161102011,1,2
2016-11-02 02:00:00,1,47,20161102021,2,2
2016-11-02 03:00:00,1,39,20161102031,3,2
2016-11-02 04:00:00,1,37,20161102041,4,2
2016-11-02 05:00:00,1,31,20161102051,5,2
2016-11-02 06:00:00,1,32,20161102061,6,2
2016-11-02 07:00:00,1,38,20161102071,7,2
2016-11-02 08:00:00,1,43,20161102081,8,2
2016-11-02 09:00:00,1,47,20161102091,9,2
2016-11-02 10:00:00,1,57,20161102101,10,2
2016-11-02 11:00:00,1,68,20161102111,11,2
2016-11-02 12:00:00,1,66,20161102121,12,2
2016-11-02 13:00:00,1,67,20161102131,13,2
2016-11-02 14:00:00,1,72,20161102141,14,2
2016-11-02 15:00:00,1,68,20161102151,15,2
2016-11-02 16:00:00,1,66,20161102161,16,2
2016-11-02 17:00:00,1,65,20161102171,17,2
2016-11-02 18:00:00,1,69,20161102181,18,2
2016-11-02 19:00:00,1,73,20161102191,19,2
2016-11-02 20:00:00,1,69,20161102201,20,2
2016-11-02 21:00:00,1,69,20161102211,21,2
2016-11-02 22:00:00,1,67,20161102221,22,2
2016-11-02 23:00:00,1,66,20161102231,23,2
2016-11-03 00:00:00,1,57,20161103001,0,3
2016-11-03 01:00:00,1,47,20161103011,1,3
2016-11-03 02:00:00,1,44,20161103021,2,3
2016-11-03 03:00:00,1,44,20161103031,3,3
2016-11-03 04:00:00,1,31,20161103041,4,3
2016-11-03 05:00:00,1,32,20161103051,5,3
2016-11-03 06:00:00,1,32,20161103061,6,3
2016-11-03 07:00:00,1,36,20161103071,7,3
2016-11-03 08:00:00,1,42,20161103081,8,3
2016-11-03 09:00:00,1,45,20161103091,9,3
2016-11-03 10:00:00,1,64,20161103101,10,3
2016-11-03 11:00:00,1,76,20161103111,11,3
2016-11-03 12:00:00,1,76,20161103121,12,3
2016-11-03 13:00:00,1,65,20161103131,13,3
2016-11-03 14:00:00,1,77,20161103141,14,3
2016-11-03 15:00:00,1,73,20161103151,15,3
2016-11-03 16:00:00,1,73,20161103161,16,3
2016-11-03 17:00:00,1,71,20161103171,17,3
2016-11-03 18:00:00,1,75,20161103181,18,3
2016-11-03 19:00:00,1,74,20161103191,19,3
2016-11-03 20:00:00,1,75,20161103201,20,3
2016-11-03 21:00:00,1,72,20161103211,21,3
2016-11-03 22:00:00,1,69,20161103221,22,3
2016-11-03 23:00:00,1,65,20161103231,23,3
2016-11-04 00:00:00,1,61,20161104001,0,4
2016-11-04 01:00:00,1,51,20161104011,1,4
2016-11-04 02:00:00,1,45,20161104021,2,4
2016-11-04 03:00:00,1,39,20161104031,3,4
2016-11-04 04:00:00,1,34,20161104041,4,4
2016-11-04 05:00:00,1,32,20161104051,5,4
2016-11-04 06:00:00,1,33,20161104061,6,4
2016-11-04 07:00:00,1,42,20161104071,7,4
2016-11-04 08:00:00,1,38,20161104081,8,4
2016-11-04 09:00:00,1,47,20161104091,9,4
2016-11-04 10:00:00,1,56,20161104101,10,4
2016-11-04 11:00:00,1,61,20161104111,11,4
2016-11-04 12:00:00,1,63,20161104121,12,4
2016-11-04 13:00:00,1,56,20161104131,13,4
2016-11-04 14:00:00,1,59,20161104141,14,4
2016-11-04 15:00:00,1,73,20161104151,15,4
2016-11-04 16:00:00,1,62,20161104161,16,4
2016-11-04 17:00:00,1,60,20161104171,17,4
2016-11-04 18:00:00,1,64,20161104181,18,4
2016-11-04 19:00:00,1,65,20161104191,19,4
2016-11-04 20:00:00,1,64,20161104201,20,4
2016-11-04 21:00:00,1,65,20161104211,21,4
2016-11-04 22:00:00,1,65,20161104221,22,4
2016-11-04 23:00:00,1,58,20161104231,23,4
2016-11-05 00:00:00,1,52,20161105001,0,5
2016-11-05 01:00:00,1,48,20161105011,1,5
2016-11-05 02:00:00,1,35,20161105021,2,5
2016-11-05 03:00:00,1,32,20161105031,3,5
2016-11-05 04:00:00,1,30,20161105041,4,5
2016-11-05 05:00:00,1,25,20161105051,5,5
2016-11-05 06:00:00,1,26,20161105061,6,5
2016-11-05 07:00:00,1,27,20161105071,7,5
2016-11-05 08:00:00,1,31,20161105081,8,5
2016-11-05 09:00:00,1,36,20161105091,9,5
2016-11-05 10:00:00,1,37,20161105101,10,5
2016-11-05 11:00:00,1,43,20161105111,11,5
2016-11-05 12:00:00,1,41,20161105121,12,5
2016-11-05 13:00:00,1,39,20161105131,13,5
2016-11-05 14:00:00,1,42,20161105141,14,5
2016-11-05 15:00:00,1,40,20161105151,15,5
2016-11-05 16:00:00,1,42,20161105161,16,5
2016-11-05 17:00:00,1,45,20161105171,17,5
2016-11-05 18:00:00,1,48,20161105181,18,5
2016-11-05 19:00:00,1,54,20161105191,19,5
2016-11-05 20:00:00,1,47,20161105201,20,5
2016-11-05 21:00:00,1,51,20161105211,21,5
2016-11-05 22:00:00,1,46,20161105221,22,5
2016-11-05 23:00:00,1,48,20161105231,23,5
2016-11-06 00:00:00,1,42,20161106001,0,6
2016-11-06 01:00:00,1,38,20161106011,1,6
2016-11-06 02:00:00,1,34,20161106021,2,6
2016-11-06 03:00:00,1,32,20161106031,3,6
2016-11-06 04:00:00,1,25,20161106041,4,6
2016-11-06 05:00:00,1,25,20161106051,5,6
2016-11-06 06:00:00,1,26,20161106061,6,6
2016-11-06 07:00:00,1,25,20161106071,7,6
2016-11-06 08:00:00,1,30,20161106081,8,6
2016-11-06 09:00:00,1,37,20161106091,9,6
2016-11-06 10:00:00,1,41,20161106101,10,6
2016-11-06 11:00:00,1,39,20161106111,11,6
2016-11-06 12:00:00,1,39,20161106121,12,6
2016-11-06 13:00:00,1,40,20161106131,13,6
2016-11-06 14:00:00,1,36,20161106141,14,6
2016-11-06 15:00:00,1,41,20161106151,15,6
2016-11-06 16:00:00,1,41,20161106161,16,6
2016-11-06 17:00:00,1,45,20161106171,17,6
2016-11-06 18:00:00,1,52,20161106181,18,6
2016-11-06 19:00:00,1,58,20161106191,19,6
2016-11-06 20:00:00,1,56,20161106201,20,6
2016-11-06 21:00:00,1,55,20161106211,21,6
2016-11-06 22:00:00,1,61,20161106221,22,6
2016-11-06 23:00:00,1,53,20161106231,23,6
2016-11-07 00:00:00,1,50,20161107001,0,0
2016-11-07 01:00:00,1,46,20161107011,1,0
2016-11-07 02:00:00,1,40,20161107021,2,0
2016-11-07 03:00:00,1,38,20161107031,3,0
2016-11-07 04:00:00,1,34,20161107041,4,0
2016-11-07 05:00:00,1,30,20161107051,5,0
2016-11-07 06:00:00,1,36,20161107061,6,0
2016-11-07 07:00:00,1,40,20161107071,7,0
2016-11-07 08:00:00,1,44,20161107081,8,0
2016-11-07 09:00:00,1,49,20161107091,9,0
2016-11-07 10:00:00,1,70,20161107101,10,0
2016-11-07 11:00:00,1,73,20161107111,11,0
2016-11-07 12:00:00,1,76,20161107121,12,0
2016-11-07 13:00:00,1,71,20161107131,13,0
2016-11-07 14:00:00,1,79,20161107141,14,0
2016-11-07 15:00:00,1,77,20161107151,15,0
2016-11-07 16:00:00,1,74,20161107161,16,0
2016-11-07 17:00:00,1,72,20161107171,17,0
2016-11-07 18:00:00,1,74,20161107181,18,0
2016-11-07 19:00:00,1,81,20161107191,19,0
2016-11-07 20:00:00,1,78,20161107201,20,0
2016-11-07 21:00:00,1,75,20161107211,21,0
2016-11-07 22:00:00,1,73,20161107221,22,0
2016-11-07 23:00:00,1,68,20161107231,23,0
2016-11-08 00:00:00,1,63,20161108001,0,1
2016-11-08 01:00:00,1,56,20161108011,1,1
2016-11-08 02:00:00,1,56,20161108021,2,1
2016-11-08 03:00:00,1,48,20161108031,3,1
2016-11-08 04:00:00,1,41,20161108041,4,1
2016-11-08 05:00:00,1,38,20161108051,5,1
2016-11-08 06:00:00,1,36,20161108061,6,1
2016-11-08 07:00:00,1,43,20161108071,7,1
2016-11-08 08:00:00,1,46,20161108081,8,1
2016-11-08 09:00:00,1,52,20161108091,9,1
2016-11-08 10:00:00,1,67,20161108101,10,1
2016-11-08 11:00:00,1,69,20161108111,11,1
2016-11-08 12:00:00,1,69,20161108121,12,1
2016-11-08 13:00:00,1,63,20161108131,13,1
2016-11-08 14:00:00,1,76,20161108141,14,1
2016-11-08 15:00:00,1,77,20161108151,15,1
2016-11-08 16:00:00,1,71,20161108161,16,1
2016-11-08 17:00:00,1,70,20161108171,17,1
2016-11-08 18:00:00,1,69,20161108181,18,1
2016-11-08 19:00:00,1,80,20161108191,19,1
2016-11-08 20:00:00,1,75,20161108201,20,1
2016-11-08 21:00:00,1,64,20161108211,21,1
2016-11-08 22:00:00,1,60,20161108221,22,1
2016-11-08 23:00:00,1,62,20161108231,23,1
2016-11-09 00:00:00,1,62,20161109001,0,2
2016-11-09 01:00:00,1,50,20161109011,1,2
2016-11-09 02:00:00,1,50,20161109021,2,2
2016-11-09 03:00:00,1,42,20161109031,3,2
2016-11-09 04:00:00,1,36,20161109041,4,2
2016-11-09 05:00:00,1,31,20161109051,5,2
2016-11-09 06:00:00,1,34,20161109061,6,2
2016-11-09 07:00:00,1,32,20161109071,7,2
2016-11-09 08:00:00,1,36,20161109081,8,2
2016-11-09 09:00:00,1,37,20161109091,9,2
2016-11-09 10:00:00,1,45,20161109101,10,2
2016-11-09 11:00:00,1,52,20161109111,11,2
2016-11-09 12:00:00,1,57,20161109121,12,2
2016-11-09 13:00:00,1,46,20161109131,13,2
2016-11-09 14:00:00,1,60,20161109141,14,2
2016-11-09 15:00:00,1,58,20161109151,15,2
2016-11-09 16:00:00,1,60,20161109161,16,2
2016-11-09 17:00:00,1,58,20161109171,17,2
2016-11-09 18:00:00,1,62,20161109181,18,2
2016-11-09 19:00:00,1,65,20161109191,19,2
2016-11-09 20:00:00,1,62,20161109201,20,2
2016-11-09 21:00:00,1,66,20161109211,21,2
2016-11-09 22:00:00,1,59,20161109221,22,2
2016-11-09 23:00:00,1,57,20161109231,23,2
2016-11-10 00:00:00,1,55,20161110001,0,3
2016-11-10 01:00:00,1,48,20161110011,1,3
2016-11-10 02:00:00,1,49,20161110021,2,3
2016-11-10 03:00:00,1,39,20161110031,3,3
2016-11-10 04:00:00,1,35,20161110041,4,3
2016-11-10 05:00:00,1,32,20161110051,5,3
2016-11-10 06:00:00,1,33,20161110061,6,3
2016-11-10 07:00:00,1,34,20161110071,7,3
2016-11-10 08:00:00,1,37,20161110081,8,3
2016-11-10 09:00:00,1,43,20161110091,9,3
2016-11-10 10:00:00,1,64,20161110101,10,3
2016-11-10 11:00:00,1,65,20161110111,11,3
2016-11-10 12:00:00,1,67,20161110121,12,3
2016-11-10 13:00:00,1,57,20161110131,13,3
2016-11-10 14:00:00,1,70,20161110141,14,3
2016-11-10 15:00:00,1,72,20161110151,15,3
2016-11-10 16:00:00,1,65,20161110161,16,3
2016-11-10 17:00:00,1,64,20161110171,17,3
2016-11-10 18:00:00,1,70,20161110181,18,3
2016-11-10 19:00:00,1,72,20161110191,19,3
2016-11-10 20:00:00,1,68,20161110201,20,3
2016-11-10 21:00:00,1,71,20161110211,21,3
2016-11-10 22:00:00,1,65,20161110221,22,3
2016-11-10 23:00:00,1,64,20161110231,23,3
2016-11-11 00:00:00,1,59,20161111001,0,4
2016-11-11 01:00:00,1,49,20161111011,1,4
2016-11-11 02:00:00,1,52,20161111021,2,4
2016-11-11 03:00:00,1,42,20161111031,3,4
2016-11-11 04:00:00,1,39,20161111041,4,4
2016-11-11 05:00:00,1,33,20161111051,5,4
2016-11-11 06:00:00,1,36,20161111061,6,4
2016-11-11 07:00:00,1,39,20161111071,7,4
2016-11-11 08:00:00,1,39,20161111081,8,4
2016-11-11 09:00:00,1,45,20161111091,9,4
2016-11-11 10:00:00,1,54,20161111101,10,4
2016-11-11 11:00:00,1,62,20161111111,11,4
2016-11-11 12:00:00,1,62,20161111121,12,4
2016-11-11 13:00:00,1,53,20161111131,13,4
2016-11-11 14:00:00,1,64,20161111141,14,4
2016-11-11 15:00:00,1,61,20161111151,15,4
2016-11-11 16:00:00,1,57,20161111161,16,4
2016-11-11 17:00:00,1,56,20161111171,17,4
2016-11-11 18:00:00,1,52,20161111181,18,4
2016-11-11 19:00:00,1,59,20161111191,19,4
2016-11-11 20:00:00,1,56,20161111201,20,4
2016-11-11 21:00:00,1,58,20161111211,21,4
2016-11-11 22:00:00,1,55,20161111221,22,4
2016-11-11 23:00:00,1,53,20161111231,23,4
2016-11-12 00:00:00,1,50,20161112001,0,5
2016-11-12 01:00:00,1,42,20161112011,1,5
2016-11-12 02:00:00,1,43,20161112021,2,5
2016-11-12 03:00:00,1,38,20161112031,3,5
2016-11-12 04:00:00,1,32,20161112041,4,5
2016-11-12 05:00:00,1,24,20161112051,5,5
2016-11-12 06:00:00,1,27,20161112061,6,5
2016-11-12 07:00:00,1,27,20161112071,7,5
2016-11-12 08:00:00,1,28,20161112081,8,5
2016-11-12 09:00:00,1,30,20161112091,9,5
2016-11-12 10:00:00,1,36,20161112101,10,5
2016-11-12 11:00:00,1,38,20161112111,11,5
2016-11-12 12:00:00,1,35,20161112121,12,5
2016-11-12 13:00:00,1,35,20161112131,13,5
2016-11-12 14:00:00,1,39,20161112141,14,5
2016-11-12 15:00:00,1,34,20161112151,15,5
2016-11-12 16:00:00,1,36,20161112161,16,5
2016-11-12 17:00:00,1,34,20161112171,17,5
2016-11-12 18:00:00,1,39,20161112181,18,5
2016-11-12 19:00:00,1,41,20161112191,19,5
2016-11-12 20:00:00,1,45,20161112201,20,5
2016-11-12 21:00:00,1,41,20161112211,21,5
2016-11-12 22:00:00,1,44,20161112221,22,5
2016-11-12 23:00:00,1,47,20161112231,23,5
2016-11-13 00:00:00,1,40,20161113001,0,6
2016-11-13 01:00:00,1,38,20161113011,1,6
2016-11-13 02:00:00,1,32,20161113021,2,6
2016-11-13 03:00:00,1,31,20161113031,3,6
2016-11-13 04:00:00,1,29,20161113041,4,6
2016-11-13 05:00:00,1,25,20161113051,5,6
2016-11-13 06:00:00,1,26,20161113061,6,6
2016-11-13 07:00:00,1,23,20161113071,7,6
2016-11-13 08:00:00,1,31,20161113081,8,6
2016-11-13 09:00:00,1,32,20161113091,9,6
2016-11-13 10:00:00,1,37,20161113101,10,6
2016-11-13 11:00:00,1,35,20161113111,11,6
2016-11-13 12:00:00,1,37,20161113121,12,6
2016-11-13 13:00:00,1,33,20161113131,13,6
2016-11-13 14:00:00,1,35,20161113141,14,6
2016-11-13 15:00:00,1,35,20161113151,15,6
2016-11-13 16:00:00,1,33,20161113161,16,6
2016-11-13 17:00:00,1,37,20161113171,17,6
2016-11-13 18:00:00,1,43,20161113181,18,6
2016-11-13 19:00:00,1,47,20161113191,19,6
2016-11-13 20:00:00,1,49,20161113201,20,6
2016-11-13 21:00:00,1,45,20161113211,21,6
2016-11-13 22:00:00,1,48,20161113221,22,6
2016-11-13 23:00:00,1,49,20161113231,23,6
2016-11-14 00:00:00,1,44,20161114001,0,0
2016-11-14 01:00:00,1,44,20161114011,1,0
2016-11-14 02:00:00,1,39,20161114021,2,0
2016-11-14 03:00:00,1,36,20161114031,3,0
2016-11-14 04:00:00,1,29,20161114041,4,0
2016-11-14 05:00:00,1,28,20161114051,5,0
2016-11-14 06:00:00,1,35,20161114061,6,0
2016-11-14 07:00:00,1,34,20161114071,7,0
2016-11-14 08:00:00,1,44,20161114081,8,0
2016-11-14 09:00:00,1,49,20161114091,9,0
2016-11-14 10:00:00,1,74,20161114101,10,0
2016-11-14 11:00:00,1,72,20161114111,11,0
2016-11-14 12:00:00,1,70,20161114121,12,0
2016-11-14 13:00:00,1,64,20161114131,13,0
2016-11-14 14:00:00,1,69,20161114141,14,0
2016-11-14 15:00:00,1,71,20161114151,15,0
2016-11-14 16:00:00,1,70,20161114161,16,0
2016-11-14 17:00:00,1,65,20161114171,17,0
2016-11-14 18:00:00,1,76,20161114181,18,0
2016-11-14 19:00:00,1,77,20161114191,19,0
2016-11-14 20:00:00,1,81,20161114201,20,0
2016-11-14 21:00:00,1,73,20161114211,21,0
2016-11-14 22:00:00,1,71,20161114221,22,0
2016-11-14 23:00:00,1,68,20161114231,23,0
2016-11-15 00:00:00,1,59,20161115001,0,1
2016-11-15 01:00:00,1,56,20161115011,1,1
2016-11-15 02:00:00,1,51,20161115021,2,1
2016-11-15 03:00:00,1,47,20161115031,3,1
2016-11-15 04:00:00,1,41,20161115041,4,1
2016-11-15 05:00:00,1,34,20161115051,5,1
2016-11-15 06:00:00,1,41,20161115061,6,1
2016-11-15 07:00:00,1,40,20161115071,7,1
2016-11-15 08:00:00,1,44,20161115081,8,1
2016-11-15 09:00:00,1,51,20161115091,9,1
2016-11-15 10:00:00,1,61,20161115101,10,1
2016-11-15 11:00:00,1,66,20161115111,11,1
2016-11-15 12:00:00,1,71,20161115121,12,1
2016-11-15 13:00:00,1,65,20161115131,13,1
2016-11-15 14:00:00,1,70,20161115141,14,1
2016-11-15 15:00:00,1,67,20161115151,15,1
2016-11-15 16:00:00,1,69,20161115161,16,1
2016-11-15 17:00:00,1,66,20161115171,17,1
2016-11-15 18:00:00,1,72,20161115181,18,1
2016-11-15 19:00:00,1,77,20161115191,19,1
2016-11-15 20:00:00,1,74,20161115201,20,1
2016-11-15 21:00:00,1,75,20161115211,21,1
2016-11-15 22:00:00,1,71,20161115221,22,1
2016-11-15 23:00:00,1,64,20161115231,23,1
2016-11-16 00:00:00,1,59,20161116001,0,2
2016-11-16 01:00:00,1,52,20161116011,1,2
2016-11-16 02:00:00,1,52,20161116021,2,2
2016-11-16 03:00:00,1,44,20161116031,3,2
2016-11-16 04:00:00,1,35,20161116041,4,2
2016-11-16 05:00:00,1,34,20161116051,5,2
2016-11-16 06:00:00,1,38,20161116061,6,2
2016-11-16 07:00:00,1,41,20161116071,7,2
2016-11-16 08:00:00,1,44,20161116081,8,2
2016-11-16 09:00:00,1,49,20161116091,9,2
2016-11-16 10:00:00,1,59,20161116101,10,2
2016-11-16 11:00:00,1,74,20161116111,11,2
2016-11-16 12:00:00,1,83,20161116121,12,2
2016-11-16 13:00:00,1,70,20161116131,13,2
2016-11-16 14:00:00,1,73,20161116141,14,2
2016-11-16 15:00:00,1,72,20161116151,15,2
2016-11-16 16:00:00,1,67,20161116161,16,2
2016-11-16 17:00:00,1,74,20161116171,17,2
2016-11-16 18:00:00,1,74,20161116181,18,2
2016-11-16 19:00:00,1,77,20161116191,19,2
2016-11-16 20:00:00,1,76,20161116201,20,2
2016-11-16 21:00:00,1,74,20161116211,21,2
2016-11-16 22:00:00,1,71,20161116221,22,2
2016-11-16 23:00:00,1,65,20161116231,23,2
2016-11-17 00:00:00,1,60,20161117001,0,3
2016-11-17 01:00:00,1,53,20161117011,1,3
2016-11-17 02:00:00,1,52,20161117021,2,3
2016-11-17 03:00:00,1,47,20161117031,3,3
2016-11-17 04:00:00,1,36,20161117041,4,3
2016-11-17 05:00:00,1,36,20161117051,5,3
2016-11-17 06:00:00,1,35,20161117061,6,3
2016-11-17 07:00:00,1,42,20161117071,7,3
2016-11-17 08:00:00,1,43,20161117081,8,3
2016-11-17 09:00:00,1,49,20161117091,9,3
2016-11-17 10:00:00,1,64,20161117101,10,3
2016-11-17 11:00:00,1,67,20161117111,11,3
2016-11-17 12:00:00,1,72,20161117121,12,3
2016-11-17 13:00:00,1,58,20161117131,13,3
2016-11-17 14:00:00,1,66,20161117141,14,3
2016-11-17 15:00:00,1,75,20161117151,15,3
2016-11-17 16:00:00,1,68,20161117161,16,3
2016-11-17 17:00:00,1,64,20161117171,17,3
2016-11-17 18:00:00,1,73,20161117181,18,3
2016-11-17 19:00:00,1,71,20161117191,19,3
2016-11-17 20:00:00,1,77,20161117201,20,3
2016-11-17 21:00:00,1,72,20161117211,21,3
2016-11-17 22:00:00,1,65,20161117221,22,3
2016-11-17 23:00:00,1,65,20161117231,23,3
2016-11-18 00:00:00,1,61,20161118001,0,4
2016-11-18 01:00:00,1,54,20161118011,1,4
2016-11-18 02:00:00,1,46,20161118021,2,4
2016-11-18 03:00:00,1,40,20161118031,3,4
2016-11-18 04:00:00,1,37,20161118041,4,4
2016-11-18 05:00:00,1,34,20161118051,5,4
2016-11-18 06:00:00,1,36,20161118061,6,4
2016-11-18 07:00:00,1,34,20161118071,7,4
2016-11-18 08:00:00,1,41,20161118081,8,4
2016-11-18 09:00:00,1,46,20161118091,9,4
2016-11-18 10:00:00,1,54,20161118101,10,4
2016-11-18 11:00:00,1,59,20161118111,11,4
2016-11-18 12:00:00,1,94,20161118121,12,4
2016-11-18 13:00:00,1,71,20161118131,13,4
2016-11-18 14:00:00,1,69,20161118141,14,4
2016-11-18 15:00:00,1,74,20161118151,15,4
2016-11-18 16:00:00,1,62,20161118161,16,4
2016-11-18 17:00:00,1,61,20161118171,17,4
2016-11-18 18:00:00,1,66,20161118181,18,4
2016-11-18 19:00:00,1,71,20161118191,19,4
2016-11-18 20:00:00,1,67,20161118201,20,4
2016-11-18 21:00:00,1,68,20161118211,21,4
2016-11-18 22:00:00,1,65,20161118221,22,4
2016-11-18 23:00:00,1,58,20161118231,23,4
2016-11-19 00:00:00,1,56,20161119001,0,5
2016-11-19 01:00:00,1,46,20161119011,1,5
2016-11-19 02:00:00,1,43,20161119021,2,5
2016-11-19 03:00:00,1,41,20161119031,3,5
2016-11-19 04:00:00,1,32,20161119041,4,5
2016-11-19 05:00:00,1,31,20161119051,5,5
2016-11-19 06:00:00,1,27,20161119061,6,5
2016-11-19 07:00:00,1,29,20161119071,7,5
2016-11-19 08:00:00,1,31,20161119081,8,5
2016-11-19 09:00:00,1,34,20161119091,9,5
2016-11-19 10:00:00,1,43,20161119101,10,5
2016-11-19 11:00:00,1,44,20161119111,11,5
2016-11-19 12:00:00,1,42,20161119121,12,5
2016-11-19 13:00:00,1,42,20161119131,13,5
2016-11-19 14:00:00,1,39,20161119141,14,5
2016-11-19 15:00:00,1,35,20161119151,15,5
2016-11-19 16:00:00,1,39,20161119161,16,5
2016-11-19 17:00:00,1,45,20161119171,17,5
2016-11-19 18:00:00,1,43,20161119181,18,5
2016-11-19 19:00:00,1,51,20161119191,19,5
2016-11-19 20:00:00,1,56,20161119201,20,5
2016-11-19 21:00:00,1,53,20161119211,21,5
2016-11-19 22:00:00,1,49,20161119221,22,5
2016-11-19 23:00:00,1,49,20161119231,23,5
2016-11-20 00:00:00,1,43,20161120001,0,6
2016-11-20 01:00:00,1,37,20161120011,1,6
2016-11-20 02:00:00,1,32,20161120021,2,6
2016-11-20 03:00:00,1,31,20161120031,3,6
2016-11-20 04:00:00,1,29,20161120041,4,6
2016-11-20 05:00:00,1,26,20161120051,5,6
2016-11-20 06:00:00,1,27,20161120061,6,6
2016-11-20 07:00:00,1,29,20161120071,7,6
2016-11-20 08:00:00,1,31,20161120081,8,6
2016-11-20 09:00:00,1,35,20161120091,9,6
2016-11-20 10:00:00,1,39,20161120101,10,6
2016-11-20 11:00:00,1,39,20161120111,11,6
2016-11-20 12:00:00,1,38,20161120121,12,6
2016-11-20 13:00:00,1,40,20161120131,13,6
2016-11-20 14:00:00,1,42,20161120141,14,6
2016-11-20 15:00:00,1,43,20161120151,15,6
2016-11-20 16:00:00,1,43,20161120161,16,6
2016-11-20 17:00:00,1,51,20161120171,17,6
2016-11-20 18:00:00,1,55,20161120181,18,6
2016-11-20 19:00:00,1,56,20161120191,19,6
2016-11-20 20:00:00,1,56,20161120201,20,6
2016-11-20 21:00:00,1,55,20161120211,21,6
2016-11-20 22:00:00,1,59,20161120221,22,6
2016-11-20 23:00:00,1,53,20161120231,23,6
2016-11-21 00:00:00,1,49,20161121001,0,0
2016-11-21 01:00:00,1,44,20161121011,1,0
2016-11-21 02:00:00,1,38,20161121021,2,0
2016-11-21 03:00:00,1,31,20161121031,3,0
2016-11-21 04:00:00,1,33,20161121041,4,0
2016-11-21 05:00:00,1,32,20161121051,5,0
2016-11-21 06:00:00,1,40,20161121061,6,0
2016-11-21 07:00:00,1,40,20161121071,7,0
2016-11-21 08:00:00,1,46,20161121081,8,0
2016-11-21 09:00:00,1,52,20161121091,9,0
2016-11-21 10:00:00,1,73,20161121101,10,0
2016-11-21 11:00:00,1,77,20161121111,11,0
2016-11-21 12:00:00,1,78,20161121121,12,0
2016-11-21 13:00:00,1,69,20161121131,13,0
2016-11-21 14:00:00,1,78,20161121141,14,0
2016-11-21 15:00:00,1,76,20161121151,15,0
2016-11-21 16:00:00,1,72,20161121161,16,0
2016-11-21 17:00:00,1,68,20161121171,17,0
2016-11-21 18:00:00,1,73,20161121181,18,0
2016-11-21 19:00:00,1,77,20161121191,19,0
2016-11-21 20:00:00,1,71,20161121201,20,0
2016-11-21 21:00:00,1,75,20161121211,21,0
2016-11-21 22:00:00,1,71,20161121221,22,0
2016-11-21 23:00:00,1,63,20161121231,23,0
2016-11-22 00:00:00,1,59,20161122001,0,1
2016-11-22 01:00:00,1,53,20161122011,1,1
2016-11-22 02:00:00,1,49,20161122021,2,1
2016-11-22 03:00:00,1,43,20161122031,3,1
2016-11-22 04:00:00,1,39,20161122041,4,1
2016-11-22 05:00:00,1,35,20161122051,5,1
2016-11-22 06:00:00,1,33,20161122061,6,1
2016-11-22 07:00:00,1,43,20161122071,7,1
2016-11-22 08:00:00,1,47,20161122081,8,1
2016-11-22 09:00:00,1,51,20161122091,9,1
2016-11-22 10:00:00,1,59,20161122101,10,1
2016-11-22 11:00:00,1,67,20161122111,11,1
2016-11-22 12:00:00,1,71,20161122121,12,1
2016-11-22 13:00:00,1,66,20161122131,13,1
2016-11-22 14:00:00,1,72,20161122141,14,1
2016-11-22 15:00:00,1,74,20161122151,15,1
2016-11-22 16:00:00,1,68,20161122161,16,1
2016-11-22 17:00:00,1,67,20161122171,17,1
2016-11-22 18:00:00,1,70,20161122181,18,1
2016-11-22 19:00:00,1,74,20161122191,19,1
2016-11-22 20:00:00,1,79,20161122201,20,1
2016-11-22 21:00:00,1,79,20161122211,21,1
2016-11-22 22:00:00,1,68,20161122221,22,1
2016-11-22 23:00:00,1,68,20161122231,23,1
2016-11-23 00:00:00,1,62,20161123001,0,2
2016-11-23 01:00:00,1,53,20161123011,1,2
2016-11-23 02:00:00,1,44,20161123021,2,2
2016-11-23 03:00:00,1,42,20161123031,3,2
2016-11-23 04:00:00,1,36,20161123041,4,2
2016-11-23 05:00:00,1,31,20161123051,5,2
2016-11-23 06:00:00,1,35,20161123061,6,2
2016-11-23 07:00:00,1,38,20161123071,7,2
2016-11-23 08:00:00,1,44,20161123081,8,2
2016-11-23 09:00:00,1,47,20161123091,9,2
2016-11-23 10:00:00,1,60,20161123101,10,2
2016-11-23 11:00:00,1,67,20161123111,11,2
2016-11-23 12:00:00,1,67,20161123121,12,2
2016-11-23 13:00:00,1,65,20161123131,13,2
2016-11-23 14:00:00,1,62,20161123141,14,2
2016-11-23 15:00:00,1,74,20161123151,15,2
2016-11-23 16:00:00,1,68,20161123161,16,2
2016-11-23 17:00:00,1,68,20161123171,17,2
2016-11-23 18:00:00,1,68,20161123181,18,2
2016-11-23 19:00:00,1,74,20161123191,19,2
2016-11-23 20:00:00,1,77,20161123201,20,2
2016-11-23 21:00:00,1,71,20161123211,21,2
2016-11-23 22:00:00,1,70,20161123221,22,2
2016-11-23 23:00:00,1,62,20161123231,23,2
2016-11-24 00:00:00,1,56,20161124001,0,3
2016-11-24 01:00:00,1,47,20161124011,1,3
2016-11-24 02:00:00,1,41,20161124021,2,3
2016-11-24 03:00:00,1,33,20161124031,3,3
2016-11-24 04:00:00,1,36,20161124041,4,3
2016-11-24 05:00:00,1,30,20161124051,5,3
2016-11-24 06:00:00,1,31,20161124061,6,3
2016-11-24 07:00:00,1,35,20161124071,7,3
2016-11-24 08:00:00,1,41,20161124081,8,3
2016-11-24 09:00:00,1,40,20161124091,9,3
2016-11-24 10:00:00,1,52,20161124101,10,3
2016-11-24 11:00:00,1,67,20161124111,11,3
2016-11-24 12:00:00,1,96,20161124121,12,3
2016-11-24 13:00:00,1,81,20161124131,13,3
2016-11-24 14:00:00,1,78,20161124141,14,3
2016-11-24 15:00:00,1,78,20161124151,15,3
2016-11-24 16:00:00,1,73,20161124161,16,3
2016-11-24 17:00:00,1,68,20161124171,17,3
2016-11-24 18:00:00,1,68,20161124181,18,3
2016-11-24 19:00:00,1,79,20161124191,19,3
2016-11-24 20:00:00,1,73,20161124201,20,3
2016-11-24 21:00:00,1,73,20161124211,21,3
2016-11-24 22:00:00,1,68,20161124221,22,3
2016-11-24 23:00:00,1,63,20161124231,23,3
2016-11-25 00:00:00,1,54,20161125001,0,4
2016-11-25 01:00:00,1,43,20161125011,1,4
2016-11-25 02:00:00,1,41,20161125021,2,4
2016-11-25 03:00:00,1,35,20161125031,3,4
2016-11-25 04:00:00,1,33,20161125041,4,4
2016-11-25 05:00:00,1,31,20161125051,5,4
2016-11-25 06:00:00,1,31,20161125061,6,4
2016-11-25 07:00:00,1,38,20161125071,7,4
2016-11-25 08:00:00,1,42,20161125081,8,4
2016-11-25 09:00:00,1,47,20161125091,9,4
2016-11-25 10:00:00,1,52,20161125101,10,4
2016-11-25 11:00:00,1,63,20161125111,11,4
2016-11-25 12:00:00,1,70,20161125121,12,4
2016-11-25 13:00:00,1,60,20161125131,13,4
2016-11-25 14:00:00,1,69,20161125141,14,4
2016-11-25 15:00:00,1,67,20161125151,15,4
2016-11-25 16:00:00,1,66,20161125161,16,4
2016-11-25 17:00:00,1,57,20161125171,17,4
2016-11-25 18:00:00,1,58,20161125181,18,4
2016-11-25 19:00:00,1,57,20161125191,19,4
2016-11-25 20:00:00,1,57,20161125201,20,4
2016-11-25 21:00:00,1,56,20161125211,21,4
2016-11-25 22:00:00,1,52,20161125221,22,4
2016-11-25 23:00:00,1,48,20161125231,23,4
2016-11-26 00:00:00,1,43,20161126001,0,5
2016-11-26 01:00:00,1,37,20161126011,1,5
2016-11-26 02:00:00,1,29,20161126021,2,5
2016-11-26 03:00:00,1,33,20161126031,3,5
2016-11-26 04:00:00,1,27,20161126041,4,5
2016-11-26 05:00:00,1,27,20161126051,5,5
2016-11-26 06:00:00,1,28,20161126061,6,5
2016-11-26 07:00:00,1,27,20161126071,7,5
2016-11-26 08:00:00,1,31,20161126081,8,5
2016-11-26 09:00:00,1,34,20161126091,9,5
2016-11-26 10:00:00,1,45,20161126101,10,5
2016-11-26 11:00:00,1,42,20161126111,11,5
2016-11-26 12:00:00,1,41,20161126121,12,5
2016-11-26 13:00:00,1,39,20161126131,13,5
2016-11-26 14:00:00,1,39,20161126141,14,5
2016-11-26 15:00:00,1,43,20161126151,15,5
2016-11-26 16:00:00,1,38,20161126161,16,5
2016-11-26 17:00:00,1,41,20161126171,17,5
2016-11-26 18:00:00,1,45,20161126181,18,5
2016-11-26 19:00:00,1,55,20161126191,19,5
2016-11-26 20:00:00,1,59,20161126201,20,5
2016-11-26 21:00:00,1,56,20161126211,21,5
2016-11-26 22:00:00,1,62,20161126221,22,5
2016-11-26 23:00:00,1,48,20161126231,23,5
2016-11-27 00:00:00,1,43,20161127001,0,6
2016-11-27 01:00:00,1,39,20161127011,1,6
2016-11-27 02:00:00,1,32,20161127021,2,6
2016-11-27 03:00:00,1,29,20161127031,3,6
2016-11-27 04:00:00,1,26,20161127041,4,6
2016-11-27 05:00:00,1,28,20161127051,5,6
2016-11-27 06:00:00,1,22,20161127061,6,6
2016-11-27 07:00:00,1,30,20161127071,7,6
2016-11-27 08:00:00,1,33,20161127081,8,6
2016-11-27 09:00:00,1,40,20161127091,9,6
2016-11-27 10:00:00,1,41,20161127101,10,6
2016-11-27 11:00:00,1,47,20161127111,11,6
2016-11-27 12:00:00,1,40,20161127121,12,6
2016-11-27 13:00:00,1,41,20161127131,13,6
2016-11-27 14:00:00,1,40,20161127141,14,6
2016-11-27 15:00:00,1,39,20161127151,15,6
2016-11-27 16:00:00,1,42,20161127161,16,6
2016-11-27 17:00:00,1,44,20161127171,17,6
2016-11-27 18:00:00,1,50,20161127181,18,6
2016-11-27 19:00:00,1,53,20161127191,19,6
2016-11-27 20:00:00,1,50,20161127201,20,6
2016-11-27 21:00:00,1,53,20161127211,21,6
2016-11-27 22:00:00,1,54,20161127221,22,6
2016-11-27 23:00:00,1,54,20161127231,23,6
2016-11-28 00:00:00,1,48,20161128001,0,0
2016-11-28 01:00:00,1,43,20161128011,1,0
2016-11-28 02:00:00,1,37,20161128021,2,0
2016-11-28 03:00:00,1,35,20161128031,3,0
2016-11-28 04:00:00,1,35,20161128041,4,0
2016-11-28 05:00:00,1,28,20161128051,5,0
2016-11-28 06:00:00,1,32,20161128061,6,0
2016-11-28 07:00:00,1,38,20161128071,7,0
2016-11-28 08:00:00,1,45,20161128081,8,0
2016-11-28 09:00:00,1,53,20161128091,9,0
2016-11-28 10:00:00,1,75,20161128101,10,0
2016-11-28 11:00:00,1,79,20161128111,11,0
2016-11-28 12:00:00,1,77,20161128121,12,0
2016-11-28 13:00:00,1,74,20161128131,13,0
2016-11-28 14:00:00,1,76,20161128141,14,0
2016-11-28 15:00:00,1,80,20161128151,15,0
2016-11-28 16:00:00,1,78,20161128161,16,0
2016-11-28 17:00:00,1,75,20161128171,17,0
2016-11-28 18:00:00,1,73,20161128181,18,0
2016-11-28 19:00:00,1,81,20161128191,19,0
2016-11-28 20:00:00,1,77,20161128201,20,0
2016-11-28 21:00:00,1,78,20161128211,21,0
2016-11-28 22:00:00,1,75,20161128221,22,0
2016-11-28 23:00:00,1,73,20161128231,23,0
2016-11-29 00:00:00,1,64,20161129001,0,1
2016-11-29 01:00:00,1,60,20161129011,1,1
2016-11-29 02:00:00,1,54,20161129021,2,1
2016-11-29 03:00:00,1,48,20161129031,3,1
2016-11-29 04:00:00,1,41,20161129041,4,1
2016-11-29 05:00:00,1,35,20161129051,5,1
2016-11-29 06:00:00,1,41,20161129061,6,1
2016-11-29 07:00:00,1,46,20161129071,7,1
2016-11-29 08:00:00,1,42,20161129081,8,1
2016-11-29 09:00:00,1,57,20161129091,9,1
2016-11-29 10:00:00,1,70,20161129101,10,1
2016-11-29 11:00:00,1,75,20161129111,11,1
2016-11-29 12:00:00,1,77,20161129121,12,1
2016-11-29 13:00:00,1,70,20161129131,13,1
2016-11-29 14:00:00,1,76,20161129141,14,1
2016-11-29 15:00:00,1,77,20161129151,15,1
2016-11-29 16:00:00,1,76,20161129161,16,1
2016-11-29 17:00:00,1,71,20161129171,17,1
2016-11-29 18:00:00,1,75,20161129181,18,1
2016-11-29 19:00:00,1,82,20161129191,19,1
2016-11-29 20:00:00,1,85,20161129201,20,1
2016-11-29 21:00:00,1,80,20161129211,21,1
2016-11-29 22:00:00,1,79,20161129221,22,1
2016-11-29 23:00:00,1,73,20161129231,23,1
2016-11-30 00:00:00,1,67,20161130001,0,2
2016-11-30 01:00:00,1,62,20161130011,1,2
2016-11-30 02:00:00,1,55,20161130021,2,2
2016-11-30 03:00:00,1,50,20161130031,3,2
2016-11-30 04:00:00,1,39,20161130041,4,2
2016-11-30 05:00:00,1,37,20161130051,5,2
2016-11-30 06:00:00,1,41,20161130061,6,2
2016-11-30 07:00:00,1,43,20161130071,7,2
2016-11-30 08:00:00,1,47,20161130081,8,2
2016-11-30 09:00:00,1,54,20161130091,9,2
2016-11-30 10:00:00,1,84,20161130101,10,2
2016-11-30 11:00:00,1,80,20161130111,11,2
2016-11-30 12:00:00,1,76,20161130121,12,2
2016-11-30 13:00:00,1,68,20161130131,13,2
2016-11-30 14:00:00,1,77,20161130141,14,2
2016-11-30 15:00:00,1,76,20161130151,15,2
2016-11-30 16:00:00,1,73,20161130161,16,2
2016-11-30 17:00:00,1,72,20161130171,17,2
2016-11-30 18:00:00,1,86,20161130181,18,2
2016-11-30 19:00:00,1,88,20161130191,19,2
2016-11-30 20:00:00,1,80,20161130201,20,2
2016-11-30 21:00:00,1,76,20161130211,21,2
2016-11-30 22:00:00,1,80,20161130221,22,2
2016-11-30 23:00:00,1,70,20161130231,23,2
2016-12-01 00:00:00,1,66,20161201001,0,3
2016-12-01 01:00:00,1,56,20161201011,1,3
2016-12-01 02:00:00,1,53,20161201021,2,3
2016-12-01 03:00:00,1,47,20161201031,3,3
2016-12-01 04:00:00,1,40,20161201041,4,3
2016-12-01 05:00:00,1,35,20161201051,5,3
2016-12-01 06:00:00,1,40,20161201061,6,3
2016-12-01 07:00:00,1,43,20161201071,7,3
2016-12-01 08:00:00,1,53,20161201081,8,3
2016-12-01 09:00:00,1,52,20161201091,9,3
2016-12-01 10:00:00,1,69,20161201101,10,3
2016-12-01 11:00:00,1,91,20161201111,11,3
2016-12-01 12:00:00,1,86,20161201121,12,3
2016-12-01 13:00:00,1,72,20161201131,13,3
2016-12-01 14:00:00,1,80,20161201141,14,3
2016-12-01 15:00:00,1,78,20161201151,15,3
2016-12-01 16:00:00,1,72,20161201161,16,3
2016-12-01 17:00:00,1,71,20161201171,17,3
2016-12-01 18:00:00,1,76,20161201181,18,3
2016-12-01 19:00:00,1,81,20161201191,19,3
2016-12-01 20:00:00,1,79,20161201201,20,3
2016-12-01 21:00:00,1,81,20161201211,21,3
2016-12-01 22:00:00,1,79,20161201221,22,3
2016-12-01 23:00:00,1,72,20161201231,23,3
2016-12-02 00:00:00,1,63,20161202001,0,4
2016-12-02 01:00:00,1,58,20161202011,1,4
2016-12-02 02:00:00,1,59,20161202021,2,4
2016-12-02 03:00:00,1,50,20161202031,3,4
2016-12-02 04:00:00,1,40,20161202041,4,4
2016-12-02 05:00:00,1,32,20161202051,5,4
2016-12-02 06:00:00,1,39,20161202061,6,4
2016-12-02 07:00:00,1,44,20161202071,7,4
2016-12-02 08:00:00,1,49,20161202081,8,4
2016-12-02 09:00:00,1,56,20161202091,9,4
2016-12-02 10:00:00,1,79,20161202101,10,4
2016-12-02 11:00:00,1,75,20161202111,11,4
2016-12-02 12:00:00,1,120,20161202121,12,4
2016-12-02 13:00:00,1,86,20161202131,13,4
2016-12-02 14:00:00,1,86,20161202141,14,4
2016-12-02 15:00:00,1,82,20161202151,15,4
2016-12-02 16:00:00,1,74,20161202161,16,4
2016-12-02 17:00:00,1,76,20161202171,17,4
2016-12-02 18:00:00,1,82,20161202181,18,4
2016-12-02 19:00:00,1,85,20161202191,19,4
2016-12-02 20:00:00,1,83,20161202201,20,4
2016-12-02 21:00:00,1,76,20161202211,21,4
2016-12-02 22:00:00,1,75,20161202221,22,4
2016-12-02 23:00:00,1,67,20161202231,23,4
2016-12-03 00:00:00,1,69,20161203001,0,5
2016-12-03 01:00:00,1,60,20161203011,1,5
2016-12-03 02:00:00,1,53,20161203021,2,5
2016-12-03 03:00:00,1,50,20161203031,3,5
2016-12-03 04:00:00,1,44,20161203041,4,5
2016-12-03 05:00:00,1,35,20161203051,5,5
2016-12-03 06:00:00,1,37,20161203061,6,5
2016-12-03 07:00:00,1,41,20161203071,7,5
2016-12-03 08:00:00,1,43,20161203081,8,5
2016-12-03 09:00:00,1,45,20161203091,9,5
2016-12-03 10:00:00,1,54,20161203101,10,5
2016-12-03 11:00:00,1,55,20161203111,11,5
2016-12-03 12:00:00,1,50,20161203121,12,5
2016-12-03 13:00:00,1,51,20161203131,13,5
2016-12-03 14:00:00,1,47,20161203141,14,5
2016-12-03 15:00:00,1,46,20161203151,15,5
2016-12-03 16:00:00,1,53,20161203161,16,5
2016-12-03 17:00:00,1,53,20161203171,17,5
2016-12-03 18:00:00,1,53,20161203181,18,5
2016-12-03 19:00:00,1,62,20161203191,19,5
2016-12-03 20:00:00,1,65,20161203201,20,5
2016-12-03 21:00:00,1,63,20161203211,21,5
2016-12-03 22:00:00,1,56,20161203221,22,5
2016-12-03 23:00:00,1,54,20161203231,23,5
2016-12-04 00:00:00,1,51,20161204001,0,6
2016-12-04 01:00:00,1,45,20161204011,1,6
2016-12-04 02:00:00,1,39,20161204021,2,6
2016-12-04 03:00:00,1,35,20161204031,3,6
2016-12-04 04:00:00,1,30,20161204041,4,6
2016-12-04 05:00:00,1,29,20161204051,5,6
2016-12-04 06:00:00,1,30,20161204061,6,6
2016-12-04 07:00:00,1,28,20161204071,7,6
2016-12-04 08:00:00,1,31,20161204081,8,6
2016-12-04 09:00:00,1,36,20161204091,9,6
2016-12-04 10:00:00,1,43,20161204101,10,6
2016-12-04 11:00:00,1,44,20161204111,11,6
2016-12-04 12:00:00,1,49,20161204121,12,6
2016-12-04 13:00:00,1,46,20161204131,13,6
2016-12-04 14:00:00,1,45,20161204141,14,6
2016-12-04 15:00:00,1,43,20161204151,15,6
2016-12-04 16:00:00,1,43,20161204161,16,6
2016-12-04 17:00:00,1,46,20161204171,17,6
2016-12-04 18:00:00,1,52,20161204181,18,6
2016-12-04 19:00:00,1,53,20161204191,19,6
2016-12-04 20:00:00,1,56,20161204201,20,6
2016-12-04 21:00:00,1,55,20161204211,21,6
2016-12-04 22:00:00,1,57,20161204221,22,6
2016-12-04 23:00:00,1,56,20161204231,23,6
2016-12-05 00:00:00,1,51,20161205001,0,0
2016-12-05 01:00:00,1,51,20161205011,1,0
2016-12-05 02:00:00,1,41,20161205021,2,0
2016-12-05 03:00:00,1,43,20161205031,3,0
2016-12-05 04:00:00,1,39,20161205041,4,0
2016-12-05 05:00:00,1,32,20161205051,5,0
2016-12-05 06:00:00,1,35,20161205061,6,0
2016-12-05 07:00:00,1,44,20161205071,7,0
2016-12-05 08:00:00,1,42,20161205081,8,0
2016-12-05 09:00:00,1,54,20161205091,9,0
2016-12-05 10:00:00,1,70,20161205101,10,0
2016-12-05 11:00:00,1,91,20161205111,11,0
2016-12-05 12:00:00,1,88,20161205121,12,0
2016-12-05 13:00:00,1,78,20161205131,13,0
2016-12-05 14:00:00,1,83,20161205141,14,0
2016-12-05 15:00:00,1,77,20161205151,15,0
2016-12-05 16:00:00,1,75,20161205161,16,0
2016-12-05 17:00:00,1,72,20161205171,17,0
2016-12-05 18:00:00,1,83,20161205181,18,0
2016-12-05 19:00:00,1,83,20161205191,19,0
2016-12-05 20:00:00,1,88,20161205201,20,0
2016-12-05 21:00:00,1,81,20161205211,21,0
2016-12-05 22:00:00,1,77,20161205221,22,0
2016-12-05 23:00:00,1,74,20161205231,23,0
2016-12-06 00:00:00,1,64,20161206001,0,1
2016-12-06 01:00:00,1,55,20161206011,1,1
2016-12-06 02:00:00,1,58,20161206021,2,1
2016-12-06 03:00:00,1,50,20161206031,3,1
2016-12-06 04:00:00,1,45,20161206041,4,1
2016-12-06 05:00:00,1,37,20161206051,5,1
2016-12-06 06:00:00,1,37,20161206061,6,1
2016-12-06 07:00:00,1,45,20161206071,7,1
2016-12-06 08:00:00,1,50,20161206081,8,1
2016-12-06 09:00:00,1,52,20161206091,9,1
2016-12-06 10:00:00,1,66,20161206101,10,1
2016-12-06 11:00:00,1,72,20161206111,11,1
2016-12-06 12:00:00,1,73,20161206121,12,1
2016-12-06 13:00:00,1,68,20161206131,13,1
2016-12-06 14:00:00,1,72,20161206141,14,1
2016-12-06 15:00:00,1,79,20161206151,15,1
2016-12-06 16:00:00,1,71,20161206161,16,1
2016-12-06 17:00:00,1,70,20161206171,17,1
2016-12-06 18:00:00,1,76,20161206181,18,1
2016-12-06 19:00:00,1,88,20161206191,19,1
2016-12-06 20:00:00,1,80,20161206201,20,1
2016-12-06 21:00:00,1,83,20161206211,21,1
2016-12-06 22:00:00,1,75,20161206221,22,1
2016-12-06 23:00:00,1,68,20161206231,23,1
2016-12-07 00:00:00,1,64,20161207001,0,2
2016-12-07 01:00:00,1,56,20161207011,1,2
2016-12-07 02:00:00,1,50,20161207021,2,2
2016-12-07 03:00:00,1,51,20161207031,3,2
2016-12-07 04:00:00,1,41,20161207041,4,2
2016-12-07 05:00:00,1,39,20161207051,5,2
2016-12-07 06:00:00,1,37,20161207061,6,2
2016-12-07 07:00:00,1,41,20161207071,7,2
2016-12-07 08:00:00,1,50,20161207081,8,2
2016-12-07 09:00:00,1,56,20161207091,9,2
2016-12-07 10:00:00,1,66,20161207101,10,2
2016-12-07 11:00:00,1,85,20161207111,11,2
2016-12-07 12:00:00,1,85,20161207121,12,2
2016-12-07 13:00:00,1,72,20161207131,13,2
2016-12-07 14:00:00,1,79,20161207141,14,2
2016-12-07 15:00:00,1,80,20161207151,15,2
2016-12-07 16:00:00,1,84,20161207161,16,2
2016-12-07 17:00:00,1,77,20161207171,17,2
2016-12-07 18:00:00,1,93,20161207181,18,2
2016-12-07 19:00:00,1,89,20161207191,19,2
2016-12-07 20:00:00,1,89,20161207201,20,2
2016-12-07 21:00:00,1,85,20161207211,21,2
2016-12-07 22:00:00,1,78,20161207221,22,2
2016-12-07 23:00:00,1,73,20161207231,23,2
2016-12-08 00:00:00,1,66,20161208001,0,3
2016-12-08 01:00:00,1,60,20161208011,1,3
2016-12-08 02:00:00,1,51,20161208021,2,3
2016-12-08 03:00:00,1,42,20161208031,3,3
2016-12-08 04:00:00,1,40,20161208041,4,3
2016-12-08 05:00:00,1,35,20161208051,5,3
2016-12-08 06:00:00,1,37,20161208061,6,3
2016-12-08 07:00:00,1,42,20161208071,7,3
2016-12-08 08:00:00,1,47,20161208081,8,3
2016-12-08 09:00:00,1,58,20161208091,9,3
2016-12-08 10:00:00,1,68,20161208101,10,3
2016-12-08 11:00:00,1,79,20161208111,11,3
2016-12-08 12:00:00,1,83,20161208121,12,3
2016-12-08 13:00:00,1,74,20161208131,13,3
2016-12-08 14:00:00,1,83,20161208141,14,3
2016-12-08 15:00:00,1,81,20161208151,15,3
2016-12-08 16:00:00,1,73,20161208161,16,3
2016-12-08 17:00:00,1,70,20161208171,17,3
2016-12-08 18:00:00,1,78,20161208181,18,3
2016-12-08 19:00:00,1,80,20161208191,19,3
2016-12-08 20:00:00,1,75,20161208201,20,3
2016-12-08 21:00:00,1,74,20161208211,21,3
2016-12-08 22:00:00,1,72,20161208221,22,3
2016-12-08 23:00:00,1,69,20161208231,23,3
2016-12-09 00:00:00,1,60,20161209001,0,4
2016-12-09 01:00:00,1,58,20161209011,1,4
2016-12-09 02:00:00,1,51,20161209021,2,4
2016-12-09 03:00:00,1,46,20161209031,3,4
2016-12-09 04:00:00,1,39,20161209041,4,4
2016-12-09 05:00:00,1,35,20161209051,5,4
2016-12-09 06:00:00,1,37,20161209061,6,4
2016-12-09 07:00:00,1,44,20161209071,7,4
2016-12-09 08:00:00,1,39,20161209081,8,4
2016-12-09 09:00:00,1,48,20161209091,9,4
2016-12-09 10:00:00,1,59,20161209101,10,4
2016-12-09 11:00:00,1,81,20161209111,11,4
2016-12-09 12:00:00,1,84,20161209121,12,4
2016-12-09 13:00:00,1,74,20161209131,13,4
2016-12-09 14:00:00,1,79,20161209141,14,4
2016-12-09 15:00:00,1,82,20161209151,15,4
2016-12-09 16:00:00,1,76,20161209161,16,4
2016-12-09 17:00:00,1,71,20161209171,17,4
2016-12-09 18:00:00,1,79,20161209181,18,4
2016-12-09 19:00:00,1,82,20161209191,19,4
2016-12-09 20:00:00,1,80,20161209201,20,4
2016-12-09 21:00:00,1,73,20161209211,21,4
2016-12-09 22:00:00,1,72,20161209221,22,4
2016-12-09 23:00:00,1,70,20161209231,23,4
2016-12-10 00:00:00,1,60,20161210001,0,5
2016-12-10 01:00:00,1,53,20161210011,1,5
2016-12-10 02:00:00,1,46,20161210021,2,5
2016-12-10 03:00:00,1,42,20161210031,3,5
2016-12-10 04:00:00,1,32,20161210041,4,5
2016-12-10 05:00:00,1,32,20161210051,5,5
2016-12-10 06:00:00,1,31,20161210061,6,5
2016-12-10 07:00:00,1,33,20161210071,7,5
2016-12-10 08:00:00,1,40,20161210081,8,5
2016-12-10 09:00:00,1,36,20161210091,9,5
2016-12-10 10:00:00,1,42,20161210101,10,5
2016-12-10 11:00:00,1,46,20161210111,11,5
2016-12-10 12:00:00,1,44,20161210121,12,5
2016-12-10 13:00:00,1,46,20161210131,13,5
2016-12-10 14:00:00,1,44,20161210141,14,5
2016-12-10 15:00:00,1,40,20161210151,15,5
2016-12-10 16:00:00,1,39,20161210161,16,5
2016-12-10 17:00:00,1,48,20161210171,17,5
2016-12-10 18:00:00,1,48,20161210181,18,5
2016-12-10 19:00:00,1,50,20161210191,19,5
2016-12-10 20:00:00,1,51,20161210201,20,5
2016-12-10 21:00:00,1,53,20161210211,21,5
2016-12-10 22:00:00,1,54,20161210221,22,5
2016-12-10 23:00:00,1,49,20161210231,23,5
2016-12-11 00:00:00,1,47,20161211001,0,6
2016-12-11 01:00:00,1,41,20161211011,1,6
2016-12-11 02:00:00,1,34,20161211021,2,6
2016-12-11 03:00:00,1,30,20161211031,3,6
2016-12-11 04:00:00,1,29,20161211041,4,6
2016-12-11 05:00:00,1,26,20161211051,5,6
2016-12-11 06:00:00,1,22,20161211061,6,6
2016-12-11 07:00:00,1,23,20161211071,7,6
2016-12-11 08:00:00,1,32,20161211081,8,6
2016-12-11 09:00:00,1,37,20161211091,9,6
2016-12-11 10:00:00,1,36,20161211101,10,6
2016-12-11 11:00:00,1,39,20161211111,11,6
2016-12-11 12:00:00,1,35,20161211121,12,6
2016-12-11 13:00:00,1,38,20161211131,13,6
2016-12-11 14:00:00,1,42,20161211141,14,6
2016-12-11 15:00:00,1,39,20161211151,15,6
2016-12-11 16:00:00,1,40,20161211161,16,6
2016-12-11 17:00:00,1,42,20161211171,17,6
2016-12-11 18:00:00,1,51,20161211181,18,6
2016-12-11 19:00:00,1,56,20161211191,19,6
2016-12-11 20:00:00,1,59,20161211201,20,6
2016-12-11 21:00:00,1,52,20161211211,21,6
2016-12-11 22:00:00,1,59,20161211221,22,6
2016-12-11 23:00:00,1,55,20161211231,23,6
2016-12-12 00:00:00,1,47,20161212001,0,0
2016-12-12 01:00:00,1,41,20161212011,1,0
2016-12-12 02:00:00,1,37,20161212021,2,0
2016-12-12 03:00:00,1,34,20161212031,3,0
2016-12-12 04:00:00,1,29,20161212041,4,0
2016-12-12 05:00:00,1,34,20161212051,5,0
2016-12-12 06:00:00,1,33,20161212061,6,0
2016-12-12 07:00:00,1,37,20161212071,7,0
2016-12-12 08:00:00,1,40,20161212081,8,0
2016-12-12 09:00:00,1,46,20161212091,9,0
2016-12-12 10:00:00,1,61,20161212101,10,0
2016-12-12 11:00:00,1,70,20161212111,11,0
2016-12-12 12:00:00,1,68,20161212121,12,0
2016-12-12 13:00:00,1,68,20161212131,13,0
2016-12-12 14:00:00,1,75,20161212141,14,0
2016-12-12 15:00:00,1,76,20161212151,15,0
2016-12-12 16:00:00,1,70,20161212161,16,0
2016-12-12 17:00:00,1,67,20161212171,17,0
2016-12-12 18:00:00,1,77,20161212181,18,0
2016-12-12 19:00:00,1,80,20161212191,19,0
2016-12-12 20:00:00,1,79,20161212201,20,0
2016-12-12 21:00:00,1,82,20161212211,21,0
2016-12-12 22:00:00,1,78,20161212221,22,0
2016-12-12 23:00:00,1,72,20161212231,23,0
2016-12-13 00:00:00,1,60,20161213001,0,1
2016-12-13 01:00:00,1,56,20161213011,1,1
2016-12-13 02:00:00,1,50,20161213021,2,1
2016-12-13 03:00:00,1,45,20161213031,3,1
2016-12-13 04:00:00,1,42,20161213041,4,1
2016-12-13 05:00:00,1,35,20161213051,5,1
2016-12-13 06:00:00,1,37,20161213061,6,1
2016-12-13 07:00:00,1,42,20161213071,7,1
2016-12-13 08:00:00,1,43,20161213081,8,1
2016-12-13 09:00:00,1,47,20161213091,9,1
2016-12-13 10:00:00,1,63,20161213101,10,1
2016-12-13 11:00:00,1,77,20161213111,11,1
2016-12-13 12:00:00,1,82,20161213121,12,1
2016-12-13 13:00:00,1,74,20161213131,13,1
2016-12-13 14:00:00,1,81,20161213141,14,1
2016-12-13 15:00:00,1,78,20161213151,15,1
2016-12-13 16:00:00,1,71,20161213161,16,1
2016-12-13 17:00:00,1,76,20161213171,17,1
2016-12-13 18:00:00,1,76,20161213181,18,1
2016-12-13 19:00:00,1,80,20161213191,19,1
2016-12-13 20:00:00,1,80,20161213201,20,1
2016-12-13 21:00:00,1,80,20161213211,21,1
2016-12-13 22:00:00,1,81,20161213221,22,1
2016-12-13 23:00:00,1,69,20161213231,23,1
2016-12-14 00:00:00,1,62,20161214001,0,2
2016-12-14 01:00:00,1,54,20161214011,1,2
2016-12-14 02:00:00,1,50,20161214021,2,2
2016-12-14 03:00:00,1,48,20161214031,3,2
2016-12-14 04:00:00,1,37,20161214041,4,2
2016-12-14 05:00:00,1,34,20161214051,5,2
2016-12-14 06:00:00,1,36,20161214061,6,2
2016-12-14 07:00:00,1,40,20161214071,7,2
2016-12-14 08:00:00,1,41,20161214081,8,2
2016-12-14 09:00:00,1,52,20161214091,9,2
2016-12-14 10:00:00,1,65,20161214101,10,2
2016-12-14 11:00:00,1,74,20161214111,11,2
2016-12-14 12:00:00,1,72,20161214121,12,2
2016-12-14 13:00:00,1,70,20161214131,13,2
2016-12-14 14:00:00,1,77,20161214141,14,2
2016-12-14 15:00:00,1,72,20161214151,15,2
2016-12-14 16:00:00,1,71,20161214161,16,2
2016-12-14 17:00:00,1,69,20161214171,17,2
2016-12-14 18:00:00,1,84,20161214181,18,2
2016-12-14 19:00:00,1,81,20161214191,19,2
2016-12-14 20:00:00,1,86,20161214201,20,2
2016-12-14 21:00:00,1,83,20161214211,21,2
2016-12-14 22:00:00,1,82,20161214221,22,2
2016-12-14 23:00:00,1,72,20161214231,23,2
2016-12-15 00:00:00,1,63,20161215001,0,3
2016-12-15 01:00:00,1,56,20161215011,1,3
2016-12-15 02:00:00,1,49,20161215021,2,3
2016-12-15 03:00:00,1,42,20161215031,3,3
2016-12-15 04:00:00,1,41,20161215041,4,3
2016-12-15 05:00:00,1,38,20161215051,5,3
2016-12-15 06:00:00,1,37,20161215061,6,3
2016-12-15 07:00:00,1,41,20161215071,7,3
2016-12-15 08:00:00,1,46,20161215081,8,3
2016-12-15 09:00:00,1,58,20161215091,9,3
2016-12-15 10:00:00,1,76,20161215101,10,3
2016-12-15 11:00:00,1,78,20161215111,11,3
2016-12-15 12:00:00,1,77,20161215121,12,3
2016-12-15 13:00:00,1,73,20161215131,13,3
2016-12-15 14:00:00,1,78,20161215141,14,3
2016-12-15 15:00:00,1,75,20161215151,15,3
2016-12-15 16:00:00,1,70,20161215161,16,3
2016-12-15 17:00:00,1,67,20161215171,17,3
2016-12-15 18:00:00,1,70,20161215181,18,3
2016-12-15 19:00:00,1,75,20161215191,19,3
2016-12-15 20:00:00,1,82,20161215201,20,3
2016-12-15 21:00:00,1,75,20161215211,21,3
2016-12-15 22:00:00,1,71,20161215221,22,3
2016-12-15 23:00:00,1,71,20161215231,23,3
2016-12-16 00:00:00,1,62,20161216001,0,4
2016-12-16 01:00:00,1,45,20161216011,1,4
2016-12-16 02:00:00,1,44,20161216021,2,4
2016-12-16 03:00:00,1,44,20161216031,3,4
2016-12-16 04:00:00,1,32,20161216041,4,4
2016-12-16 05:00:00,1,31,20161216051,5,4
2016-12-16 06:00:00,1,35,20161216061,6,4
2016-12-16 07:00:00,1,35,20161216071,7,4
2016-12-16 08:00:00,1,41,20161216081,8,4
2016-12-16 09:00:00,1,46,20161216091,9,4
2016-12-16 10:00:00,1,59,20161216101,10,4
2016-12-16 11:00:00,1,69,20161216111,11,4
2016-12-16 12:00:00,1,78,20161216121,12,4
2016-12-16 13:00:00,1,68,20161216131,13,4
2016-12-16 14:00:00,1,73,20161216141,14,4
2016-12-16 15:00:00,1,74,20161216151,15,4
2016-12-16 16:00:00,1,68,20161216161,16,4
2016-12-16 17:00:00,1,64,20161216171,17,4
2016-12-16 18:00:00,1,67,20161216181,18,4
2016-12-16 19:00:00,1,73,20161216191,19,4
2016-12-16 20:00:00,1,64,20161216201,20,4
2016-12-16 21:00:00,1,64,20161216211,21,4
2016-12-16 22:00:00,1,62,20161216221,22,4
2016-12-16 23:00:00,1,55,20161216231,23,4
2016-12-17 00:00:00,1,54,20161217001,0,5
2016-12-17 01:00:00,1,48,20161217011,1,5
2016-12-17 02:00:00,1,38,20161217021,2,5
2016-12-17 03:00:00,1,35,20161217031,3,5
2016-12-17 04:00:00,1,29,20161217041,4,5
2016-12-17 05:00:00,1,27,20161217051,5,5
2016-12-17 06:00:00,1,29,20161217061,6,5
2016-12-17 07:00:00,1,27,20161217071,7,5
2016-12-17 08:00:00,1,31,20161217081,8,5
2016-12-17 09:00:00,1,34,20161217091,9,5
2016-12-17 10:00:00,1,39,20161217101,10,5
2016-12-17 11:00:00,1,40,20161217111,11,5
2016-12-17 12:00:00,1,43,20161217121,12,5
2016-12-17 13:00:00,1,37,20161217131,13,5
2016-12-17 14:00:00,1,38,20161217141,14,5
2016-12-17 15:00:00,1,40,20161217151,15,5
2016-12-17 16:00:00,1,39,20161217161,16,5
2016-12-17 17:00:00,1,43,20161217171,17,5
2016-12-17 18:00:00,1,46,20161217181,18,5
2016-12-17 19:00:00,1,52,20161217191,19,5
2016-12-17 20:00:00,1,55,20161217201,20,5
2016-12-17 21:00:00,1,54,20161217211,21,5
2016-12-17 22:00:00,1,53,20161217221,22,5
2016-12-17 23:00:00,1,49,20161217231,23,5
2016-12-18 00:00:00,1,38,20161218001,0,6
2016-12-18 01:00:00,1,32,20161218011,1,6
2016-12-18 02:00:00,1,29,20161218021,2,6
2016-12-18 03:00:00,1,24,20161218031,3,6
2016-12-18 04:00:00,1,22,20161218041,4,6
2016-12-18 05:00:00,1,21,20161218051,5,6
2016-12-18 06:00:00,1,25,20161218061,6,6
2016-12-18 07:00:00,1,22,20161218071,7,6
2016-12-18 08:00:00,1,27,20161218081,8,6
2016-12-18 09:00:00,1,33,20161218091,9,6
2016-12-18 10:00:00,1,36,20161218101,10,6
2016-12-18 11:00:00,1,43,20161218111,11,6
2016-12-18 12:00:00,1,39,20161218121,12,6
2016-12-18 13:00:00,1,37,20161218131,13,6
2016-12-18 14:00:00,1,37,20161218141,14,6
2016-12-18 15:00:00,1,38,20161218151,15,6
2016-12-18 16:00:00,1,40,20161218161,16,6
2016-12-18 17:00:00,1,40,20161218171,17,6
2016-12-18 18:00:00,1,49,20161218181,18,6
2016-12-18 19:00:00,1,57,20161218191,19,6
2016-12-18 20:00:00,1,53,20161218201,20,6
2016-12-18 21:00:00,1,51,20161218211,21,6
2016-12-18 22:00:00,1,50,20161218221,22,6
2016-12-18 23:00:00,1,54,20161218231,23,6
2016-12-19 00:00:00,1,44,20161219001,0,0
2016-12-19 01:00:00,1,38,20161219011,1,0
2016-12-19 02:00:00,1,34,20161219021,2,0
2016-12-19 03:00:00,1,33,20161219031,3,0
2016-12-19 04:00:00,1,29,20161219041,4,0
2016-12-19 05:00:00,1,28,20161219051,5,0
2016-12-19 06:00:00,1,30,20161219061,6,0
2016-12-19 07:00:00,1,35,20161219071,7,0
2016-12-19 08:00:00,1,41,20161219081,8,0
2016-12-19 09:00:00,1,45,20161219091,9,0
2016-12-19 10:00:00,1,65,20161219101,10,0
2016-12-19 11:00:00,1,79,20161219111,11,0
2016-12-19 12:00:00,1,91,20161219121,12,0
2016-12-19 13:00:00,1,84,20161219131,13,0
2016-12-19 14:00:00,1,85,20161219141,14,0
2016-12-19 15:00:00,1,88,20161219151,15,0
2016-12-19 16:00:00,1,76,20161219161,16,0
2016-12-19 17:00:00,1,71,20161219171,17,0
2016-12-19 18:00:00,1,79,20161219181,18,0
2016-12-19 19:00:00,1,80,20161219191,19,0
2016-12-19 20:00:00,1,81,20161219201,20,0
2016-12-19 21:00:00,1,75,20161219211,21,0
2016-12-19 22:00:00,1,70,20161219221,22,0
2016-12-19 23:00:00,1,72,20161219231,23,0
2016-12-20 00:00:00,1,65,20161220001,0,1
2016-12-20 01:00:00,1,39,20161220011,1,1
2016-12-20 02:00:00,1,40,20161220021,2,1
2016-12-20 03:00:00,1,43,20161220031,3,1
2016-12-20 04:00:00,1,37,20161220041,4,1
2016-12-20 05:00:00,1,35,20161220051,5,1
2016-12-20 06:00:00,1,39,20161220061,6,1
2016-12-20 07:00:00,1,40,20161220071,7,1
2016-12-20 08:00:00,1,45,20161220081,8,1
2016-12-20 09:00:00,1,51,20161220091,9,1
2016-12-20 10:00:00,1,63,20161220101,10,1
2016-12-20 11:00:00,1,71,20161220111,11,1
2016-12-20 12:00:00,1,76,20161220121,12,1
2016-12-20 13:00:00,1,66,20161220131,13,1
2016-12-20 14:00:00,1,71,20161220141,14,1
2016-12-20 15:00:00,1,74,20161220151,15,1
2016-12-20 16:00:00,1,73,20161220161,16,1
2016-12-20 17:00:00,1,70,20161220171,17,1
2016-12-20 18:00:00,1,73,20161220181,18,1
2016-12-20 19:00:00,1,69,20161220191,19,1
2016-12-20 20:00:00,1,70,20161220201,20,1
2016-12-20 21:00:00,1,75,20161220211,21,1
2016-12-20 22:00:00,1,71,20161220221,22,1
2016-12-20 23:00:00,1,62,20161220231,23,1
2016-12-21 00:00:00,1,59,20161221001,0,2
2016-12-21 01:00:00,1,52,20161221011,1,2
2016-12-21 02:00:00,1,48,20161221021,2,2
2016-12-21 03:00:00,1,41,20161221031,3,2
2016-12-21 04:00:00,1,37,20161221041,4,2
2016-12-21 05:00:00,1,35,20161221051,5,2
2016-12-21 06:00:00,1,33,20161221061,6,2
2016-12-21 07:00:00,1,38,20161221071,7,2
2016-12-21 08:00:00,1,44,20161221081,8,2
2016-12-21 09:00:00,1,50,20161221091,9,2
2016-12-21 10:00:00,1,61,20161221101,10,2
2016-12-21 11:00:00,1,76,20161221111,11,2
2016-12-21 12:00:00,1,82,20161221121,12,2
2016-12-21 13:00:00,1,76,20161221131,13,2
2016-12-21 14:00:00,1,78,20161221141,14,2
2016-12-21 15:00:00,1,79,20161221151,15,2
2016-12-21 16:00:00,1,72,20161221161,16,2
2016-12-21 17:00:00,1,70,20161221171,17,2
2016-12-21 18:00:00,1,79,20161221181,18,2
2016-12-21 19:00:00,1,79,20161221191,19,2
2016-12-21 20:00:00,1,79,20161221201,20,2
2016-12-21 21:00:00,1,83,20161221211,21,2
2016-12-21 22:00:00,1,75,20161221221,22,2
2016-12-21 23:00:00,1,69,20161221231,23,2
2016-12-22 00:00:00,1,62,20161222001,0,3
2016-12-22 01:00:00,1,51,20161222011,1,3
2016-12-22 02:00:00,1,44,20161222021,2,3
2016-12-22 03:00:00,1,40,20161222031,3,3
2016-12-22 04:00:00,1,34,20161222041,4,3
2016-12-22 05:00:00,1,30,20161222051,5,3
2016-12-22 06:00:00,1,33,20161222061,6,3
2016-12-22 07:00:00,1,39,20161222071,7,3
2016-12-22 08:00:00,1,45,20161222081,8,3
2016-12-22 09:00:00,1,51,20161222091,9,3
2016-12-22 10:00:00,1,57,20161222101,10,3
2016-12-22 11:00:00,1,67,20161222111,11,3
2016-12-22 12:00:00,1,69,20161222121,12,3
2016-12-22 13:00:00,1,61,20161222131,13,3
2016-12-22 14:00:00,1,67,20161222141,14,3
2016-12-22 15:00:00,1,69,20161222151,15,3
2016-12-22 16:00:00,1,62,20161222161,16,3
2016-12-22 17:00:00,1,64,20161222171,17,3
2016-12-22 18:00:00,1,60,20161222181,18,3
2016-12-22 19:00:00,1,61,20161222191,19,3
2016-12-22 20:00:00,1,64,20161222201,20,3
2016-12-22 21:00:00,1,62,20161222211,21,3
2016-12-22 22:00:00,1,62,20161222221,22,3
2016-12-22 23:00:00,1,58,20161222231,23,3
2016-12-23 00:00:00,1,46,20161223001,0,4
2016-12-23 01:00:00,1,40,20161223011,1,4
2016-12-23 02:00:00,1,39,20161223021,2,4
2016-12-23 03:00:00,1,33,20161223031,3,4
2016-12-23 04:00:00,1,27,20161223041,4,4
2016-12-23 05:00:00,1,26,20161223051,5,4
2016-12-23 06:00:00,1,31,20161223061,6,4
2016-12-23 07:00:00,1,33,20161223071,7,4
2016-12-23 08:00:00,1,38,20161223081,8,4
2016-12-23 09:00:00,1,40,20161223091,9,4
2016-12-23 10:00:00,1,51,20161223101,10,4
2016-12-23 11:00:00,1,54,20161223111,11,4
2016-12-23 12:00:00,1,62,20161223121,12,4
2016-12-23 13:00:00,1,54,20161223131,13,4
2016-12-23 14:00:00,1,61,20161223141,14,4
2016-12-23 15:00:00,1,54,20161223151,15,4
2016-12-23 16:00:00,1,53,20161223161,16,4
2016-12-23 17:00:00,1,54,20161223171,17,4
2016-12-23 18:00:00,1,57,20161223181,18,4
2016-12-23 19:00:00,1,56,20161223191,19,4
2016-12-23 20:00:00,1,55,20161223201,20,4
2016-12-23 21:00:00,1,56,20161223211,21,4
2016-12-23 22:00:00,1,54,20161223221,22,4
2016-12-23 23:00:00,1,49,20161223231,23,4
2016-12-24 00:00:00,1,41,20161224001,0,5
2016-12-24 01:00:00,1,36,20161224011,1,5
2016-12-24 02:00:00,1,33,20161224021,2,5
2016-12-24 03:00:00,1,30,20161224031,3,5
2016-12-24 04:00:00,1,28,20161224041,4,5
2016-12-24 05:00:00,1,26,20161224051,5,5
2016-12-24 06:00:00,1,26,20161224061,6,5
2016-12-24 07:00:00,1,22,20161224071,7,5
2016-12-24 08:00:00,1,22,20161224081,8,5
2016-12-24 09:00:00,1,27,20161224091,9,5
2016-12-24 10:00:00,1,43,20161224101,10,5
2016-12-24 11:00:00,1,44,20161224111,11,5
2016-12-24 12:00:00,1,43,20161224121,12,5
2016-12-24 13:00:00,1,38,20161224131,13,5
2016-12-24 14:00:00,1,31,20161224141,14,5
2016-12-24 15:00:00,1,31,20161224151,15,5
2016-12-24 16:00:00,1,31,20161224161,16,5
2016-12-24 17:00:00,1,34,20161224171,17,5
2016-12-24 18:00:00,1,39,20161224181,18,5
2016-12-24 19:00:00,1,44,20161224191,19,5
2016-12-24 20:00:00,1,44,20161224201,20,5
2016-12-24 21:00:00,1,37,20161224211,21,5
2016-12-24 22:00:00,1,39,20161224221,22,5
2016-12-24 23:00:00,1,36,20161224231,23,5
2016-12-25 00:00:00,1,33,20161225001,0,6
2016-12-25 01:00:00,1,26,20161225011,1,6
2016-12-25 02:00:00,1,26,20161225021,2,6
2016-12-25 03:00:00,1,23,20161225031,3,6
2016-12-25 04:00:00,1,20,20161225041,4,6
2016-12-25 05:00:00,1,16,20161225051,5,6
2016-12-25 06:00:00,1,21,20161225061,6,6
2016-12-25 07:00:00,1,20,20161225071,7,6
2016-12-25 08:00:00,1,20,20161225081,8,6
2016-12-25 09:00:00,1,29,20161225091,9,6
2016-12-25 10:00:00,1,31,20161225101,10,6
2016-12-25 11:00:00,1,33,20161225111,11,6
2016-12-25 12:00:00,1,33,20161225121,12,6
2016-12-25 13:00:00,1,34,20161225131,13,6
2016-12-25 14:00:00,1,33,20161225141,14,6
2016-12-25 15:00:00,1,35,20161225151,15,6
2016-12-25 16:00:00,1,33,20161225161,16,6
2016-12-25 17:00:00,1,37,20161225171,17,6
2016-12-25 18:00:00,1,38,20161225181,18,6
2016-12-25 19:00:00,1,39,20161225191,19,6
2016-12-25 20:00:00,1,39,20161225201,20,6
2016-12-25 21:00:00,1,38,20161225211,21,6
2016-12-25 22:00:00,1,34,20161225221,22,6
2016-12-25 23:00:00,1,19,20161225231,23,6
2016-12-26 00:00:00,1,35,20161226001,0,0
2016-12-26 01:00:00,1,24,20161226011,1,0
2016-12-26 02:00:00,1,27,20161226021,2,0
2016-12-26 03:00:00,1,25,20161226031,3,0
2016-12-26 04:00:00,1,23,20161226041,4,0
2016-12-26 05:00:00,1,24,20161226051,5,0
2016-12-26 06:00:00,1,27,20161226061,6,0
2016-12-26 07:00:00,1,31,20161226071,7,0
2016-12-26 08:00:00,1,32,20161226081,8,0
2016-12-26 09:00:00,1,44,20161226091,9,0
2016-12-26 10:00:00,1,55,20161226101,10,0
2016-12-26 11:00:00,1,65,20161226111,11,0
2016-12-26 12:00:00,1,64,20161226121,12,0
2016-12-26 13:00:00,1,58,20161226131,13,0
2016-12-26 14:00:00,1,65,20161226141,14,0
2016-12-26 15:00:00,1,68,20161226151,15,0
2016-12-26 16:00:00,1,56,20161226161,16,0
2016-12-26 17:00:00,1,62,20161226171,17,0
2016-12-26 18:00:00,1,55,20161226181,18,0
2016-12-26 19:00:00,1,59,20161226191,19,0
2016-12-26 20:00:00,1,52,20161226201,20,0
2016-12-26 21:00:00,1,54,20161226211,21,0
2016-12-26 22:00:00,1,51,20161226221,22,0
2016-12-26 23:00:00,1,51,20161226231,23,0
2016-12-27 00:00:00,1,41,20161227001,0,1
2016-12-27 01:00:00,1,33,20161227011,1,1
2016-12-27 02:00:00,1,29,20161227021,2,1
2016-12-27 03:00:00,1,29,20161227031,3,1
2016-12-27 04:00:00,1,25,20161227041,4,1
2016-12-27 05:00:00,1,26,20161227051,5,1
2016-12-27 06:00:00,1,29,20161227061,6,1
2016-12-27 07:00:00,1,36,20161227071,7,1
2016-12-27 08:00:00,1,39,20161227081,8,1
2016-12-27 09:00:00,1,43,20161227091,9,1
2016-12-27 10:00:00,1,53,20161227101,10,1
2016-12-27 11:00:00,1,51,20161227111,11,1
2016-12-27 12:00:00,1,69,20161227121,12,1
2016-12-27 13:00:00,1,40,20161227131,13,1
2016-12-27 14:00:00,1,52,20161227141,14,1
2016-12-27 15:00:00,1,78,20161227151,15,1
2016-12-27 16:00:00,1,60,20161227161,16,1
2016-12-27 17:00:00,1,64,20161227171,17,1
2016-12-27 18:00:00,1,63,20161227181,18,1
2016-12-27 19:00:00,1,64,20161227191,19,1
2016-12-27 20:00:00,1,66,20161227201,20,1
2016-12-27 21:00:00,1,66,20161227211,21,1
2016-12-27 22:00:00,1,62,20161227221,22,1
2016-12-27 23:00:00,1,57,20161227231,23,1
2016-12-28 00:00:00,1,52,20161228001,0,2
2016-12-28 01:00:00,1,39,20161228011,1,2
2016-12-28 02:00:00,1,37,20161228021,2,2
2016-12-28 03:00:00,1,36,20161228031,3,2
2016-12-28 04:00:00,1,28,20161228041,4,2
2016-12-28 05:00:00,1,25,20161228051,5,2
2016-12-28 06:00:00,1,29,20161228061,6,2
2016-12-28 07:00:00,1,31,20161228071,7,2
2016-12-28 08:00:00,1,40,20161228081,8,2
2016-12-28 09:00:00,1,46,20161228091,9,2
2016-12-28 10:00:00,1,55,20161228101,10,2
2016-12-28 11:00:00,1,61,20161228111,11,2
2016-12-28 12:00:00,1,69,20161228121,12,2
2016-12-28 13:00:00,1,55,20161228131,13,2
2016-12-28 14:00:00,1,63,20161228141,14,2
2016-12-28 15:00:00,1,67,20161228151,15,2
2016-12-28 16:00:00,1,56,20161228161,16,2
2016-12-28 17:00:00,1,56,20161228171,17,2
2016-12-28 18:00:00,1,61,20161228181,18,2
2016-12-28 19:00:00,1,61,20161228191,19,2
2016-12-28 20:00:00,1,62,20161228201,20,2
2016-12-28 21:00:00,1,63,20161228211,21,2
2016-12-28 22:00:00,1,61,20161228221,22,2
2016-12-28 23:00:00,1,56,20161228231,23,2
2016-12-29 00:00:00,1,48,20161229001,0,3
2016-12-29 01:00:00,1,39,20161229011,1,3
2016-12-29 02:00:00,1,36,20161229021,2,3
2016-12-29 03:00:00,1,31,20161229031,3,3
2016-12-29 04:00:00,1,29,20161229041,4,3
2016-12-29 05:00:00,1,28,20161229051,5,3
2016-12-29 06:00:00,1,26,20161229061,6,3
2016-12-29 07:00:00,1,34,20161229071,7,3
2016-12-29 08:00:00,1,39,20161229081,8,3
2016-12-29 09:00:00,1,46,20161229091,9,3
2016-12-29 10:00:00,1,53,20161229101,10,3
2016-12-29 11:00:00,1,58,20161229111,11,3
2016-12-29 12:00:00,1,76,20161229121,12,3
2016-12-29 13:00:00,1,60,20161229131,13,3
2016-12-29 14:00:00,1,64,20161229141,14,3
2016-12-29 15:00:00,1,71,20161229151,15,3
2016-12-29 16:00:00,1,60,20161229161,16,3
2016-12-29 17:00:00,1,62,20161229171,17,3
2016-12-29 18:00:00,1,64,20161229181,18,3
2016-12-29 19:00:00,1,64,20161229191,19,3
2016-12-29 20:00:00,1,63,20161229201,20,3
2016-12-29 21:00:00,1,65,20161229211,21,3
2016-12-29 22:00:00,1,61,20161229221,22,3
2016-12-29 23:00:00,1,55,20161229231,23,3
2016-12-30 00:00:00,1,51,20161230001,0,4
2016-12-30 01:00:00,1,43,20161230011,1,4
2016-12-30 02:00:00,1,36,20161230021,2,4
2016-12-30 03:00:00,1,31,20161230031,3,4
2016-12-30 04:00:00,1,32,20161230041,4,4
2016-12-30 05:00:00,1,27,20161230051,5,4
2016-12-30 06:00:00,1,25,20161230061,6,4
2016-12-30 07:00:00,1,28,20161230071,7,4
2016-12-30 08:00:00,1,35,20161230081,8,4
2016-12-30 09:00:00,1,42,20161230091,9,4
2016-12-30 10:00:00,1,54,20161230101,10,4
2016-12-30 11:00:00,1,63,20161230111,11,4
2016-12-30 12:00:00,1,63,20161230121,12,4
2016-12-30 13:00:00,1,55,20161230131,13,4
2016-12-30 14:00:00,1,59,20161230141,14,4
2016-12-30 15:00:00,1,60,20161230151,15,4
2016-12-30 16:00:00,1,53,20161230161,16,4
2016-12-30 17:00:00,1,45,20161230171,17,4
2016-12-30 18:00:00,1,55,20161230181,18,4
2016-12-30 19:00:00,1,61,20161230191,19,4
2016-12-30 20:00:00,1,60,20161230201,20,4
2016-12-30 21:00:00,1,56,20161230211,21,4
2016-12-30 22:00:00,1,52,20161230221,22,4
2016-12-30 23:00:00,1,48,20161230231,23,4
2016-12-31 00:00:00,1,45,20161231001,0,5
2016-12-31 01:00:00,1,35,20161231011,1,5
2016-12-31 02:00:00,1,31,20161231021,2,5
2016-12-31 03:00:00,1,33,20161231031,3,5
2016-12-31 04:00:00,1,26,20161231041,4,5
2016-12-31 05:00:00,1,26,20161231051,5,5
2016-12-31 06:00:00,1,25,20161231061,6,5
2016-12-31 07:00:00,1,25,20161231071,7,5
2016-12-31 08:00:00,1,26,20161231081,8,5
2016-12-31 09:00:00,1,31,20161231091,9,5
2016-12-31 10:00:00,1,33,20161231101,10,5
2016-12-31 11:00:00,1,38,20161231111,11,5
2016-12-31 12:00:00,1,38,20161231121,12,5
2016-12-31 13:00:00,1,33,20161231131,13,5
2016-12-31 14:00:00,1,37,20161231141,14,5
2016-12-31 15:00:00,1,31,20161231151,15,5
2016-12-31 16:00:00,1,29,20161231161,16,5
2016-12-31 17:00:00,1,29,20161231171,17,5
2016-12-31 18:00:00,1,30,20161231181,18,5
2016-12-31 19:00:00,1,33,20161231191,19,5
2016-12-31 20:00:00,1,37,20161231201,20,5
2016-12-31 21:00:00,1,32,20161231211,21,5
2016-12-31 22:00:00,1,33,20161231221,22,5
2016-12-31 23:00:00,1,32,20161231231,23,5
2017-01-01 00:00:00,1,27,20170101001,0,6
2017-01-01 01:00:00,1,23,20170101011,1,6
2017-01-01 02:00:00,1,17,20170101021,2,6
2017-01-01 03:00:00,1,16,20170101031,3,6
2017-01-01 04:00:00,1,16,20170101041,4,6
2017-01-01 05:00:00,1,14,20170101051,5,6
2017-01-01 06:00:00,1,14,20170101061,6,6
2017-01-01 07:00:00,1,18,20170101071,7,6
2017-01-01 08:00:00,1,20,20170101081,8,6
2017-01-01 09:00:00,1,22,20170101091,9,6
2017-01-01 10:00:00,1,21,20170101101,10,6
2017-01-01 11:00:00,1,24,20170101111,11,6
2017-01-01 12:00:00,1,20,20170101121,12,6
2017-01-01 13:00:00,1,21,20170101131,13,6
2017-01-01 14:00:00,1,26,20170101141,14,6
2017-01-01 15:00:00,1,30,20170101151,15,6
2017-01-01 16:00:00,1,32,20170101161,16,6
2017-01-01 17:00:00,1,27,20170101171,17,6
2017-01-01 18:00:00,1,34,20170101181,18,6
2017-01-01 19:00:00,1,36,20170101191,19,6
2017-01-01 20:00:00,1,39,20170101201,20,6
2017-01-01 21:00:00,1,40,20170101211,21,6
2017-01-01 22:00:00,1,38,20170101221,22,6
2017-01-01 23:00:00,1,37,20170101231,23,6
2017-01-02 00:00:00,1,34,20170102001,0,0
2017-01-02 01:00:00,1,29,20170102011,1,0
2017-01-02 02:00:00,1,27,20170102021,2,0
2017-01-02 03:00:00,1,22,20170102031,3,0
2017-01-02 04:00:00,1,24,20170102041,4,0
2017-01-02 05:00:00,1,19,20170102051,5,0
2017-01-02 06:00:00,1,20,20170102061,6,0
2017-01-02 07:00:00,1,22,20170102071,7,0
2017-01-02 08:00:00,1,31,20170102081,8,0
2017-01-02 09:00:00,1,38,20170102091,9,0
2017-01-02 10:00:00,1,58,20170102101,10,0
2017-01-02 11:00:00,1,63,20170102111,11,0
2017-01-02 12:00:00,1,65,20170102121,12,0
2017-01-02 13:00:00,1,52,20170102131,13,0
2017-01-02 14:00:00,1,62,20170102141,14,0
2017-01-02 15:00:00,1,71,20170102151,15,0
2017-01-02 16:00:00,1,64,20170102161,16,0
2017-01-02 17:00:00,1,59,20170102171,17,0
2017-01-02 18:00:00,1,54,20170102181,18,0
2017-01-02 19:00:00,1,56,20170102191,19,0
2017-01-02 20:00:00,1,54,20170102201,20,0
2017-01-02 21:00:00,1,59,20170102211,21,0
2017-01-02 22:00:00,1,67,20170102221,22,0
2017-01-02 23:00:00,1,53,20170102231,23,0
2017-01-03 00:00:00,1,49,20170103001,0,1
2017-01-03 01:00:00,1,38,20170103011,1,1
2017-01-03 02:00:00,1,33,20170103021,2,1
2017-01-03 03:00:00,1,31,20170103031,3,1
2017-01-03 04:00:00,1,25,20170103041,4,1
2017-01-03 05:00:00,1,25,20170103051,5,1
2017-01-03 06:00:00,1,34,20170103061,6,1
2017-01-03 07:00:00,1,32,20170103071,7,1
2017-01-03 08:00:00,1,43,20170103081,8,1
2017-01-03 09:00:00,1,50,20170103091,9,1
2017-01-03 10:00:00,1,63,20170103101,10,1
2017-01-03 11:00:00,1,82,20170103111,11,1
2017-01-03 12:00:00,1,82,20170103121,12,1
2017-01-03 13:00:00,1,67,20170103131,13,1
2017-01-03 14:00:00,1,80,20170103141,14,1
2017-01-03 15:00:00,1,79,20170103151,15,1
2017-01-03 16:00:00,1,77,20170103161,16,1
2017-01-03 17:00:00,1,73,20170103171,17,1
2017-01-03 18:00:00,1,76,20170103181,18,1
2017-01-03 19:00:00,1,77,20170103191,19,1
2017-01-03 20:00:00,1,77,20170103201,20,1
2017-01-03 21:00:00,1,83,20170103211,21,1
2017-01-03 22:00:00,1,81,20170103221,22,1
2017-01-03 23:00:00,1,67,20170103231,23,1
2017-01-04 00:00:00,1,66,20170104001,0,2
2017-01-04 01:00:00,1,51,20170104011,1,2
2017-01-04 02:00:00,1,46,20170104021,2,2
2017-01-04 03:00:00,1,41,20170104031,3,2
2017-01-04 04:00:00,1,40,20170104041,4,2
2017-01-04 05:00:00,1,32,20170104051,5,2
2017-01-04 06:00:00,1,37,20170104061,6,2
2017-01-04 07:00:00,1,38,20170104071,7,2
2017-01-04 08:00:00,1,42,20170104081,8,2
2017-01-04 09:00:00,1,49,20170104091,9,2
2017-01-04 10:00:00,1,65,20170104101,10,2
2017-01-04 11:00:00,1,71,20170104111,11,2
2017-01-04 12:00:00,1,78,20170104121,12,2
2017-01-04 13:00:00,1,69,20170104131,13,2
2017-01-04 14:00:00,1,75,20170104141,14,2
2017-01-04 15:00:00,1,78,20170104151,15,2
2017-01-04 16:00:00,1,74,20170104161,16,2
2017-01-04 17:00:00,1,69,20170104171,17,2
2017-01-04 18:00:00,1,73,20170104181,18,2
2017-01-04 19:00:00,1,79,20170104191,19,2
2017-01-04 20:00:00,1,78,20170104201,20,2
2017-01-04 21:00:00,1,71,20170104211,21,2
2017-01-04 22:00:00,1,73,20170104221,22,2
2017-01-04 23:00:00,1,62,20170104231,23,2
2017-01-05 00:00:00,1,61,20170105001,0,3
2017-01-05 01:00:00,1,50,20170105011,1,3
2017-01-05 02:00:00,1,45,20170105021,2,3
2017-01-05 03:00:00,1,43,20170105031,3,3
2017-01-05 04:00:00,1,32,20170105041,4,3
2017-01-05 05:00:00,1,31,20170105051,5,3
2017-01-05 06:00:00,1,35,20170105061,6,3
2017-01-05 07:00:00,1,42,20170105071,7,3
2017-01-05 08:00:00,1,40,20170105081,8,3
2017-01-05 09:00:00,1,48,20170105091,9,3
2017-01-05 10:00:00,1,64,20170105101,10,3
2017-01-05 11:00:00,1,90,20170105111,11,3
2017-01-05 12:00:00,1,80,20170105121,12,3
2017-01-05 13:00:00,1,70,20170105131,13,3
2017-01-05 14:00:00,1,82,20170105141,14,3
2017-01-05 15:00:00,1,80,20170105151,15,3
2017-01-05 16:00:00,1,80,20170105161,16,3
2017-01-05 17:00:00,1,77,20170105171,17,3
2017-01-05 18:00:00,1,73,20170105181,18,3
2017-01-05 19:00:00,1,77,20170105191,19,3
2017-01-05 20:00:00,1,77,20170105201,20,3
2017-01-05 21:00:00,1,74,20170105211,21,3
2017-01-05 22:00:00,1,69,20170105221,22,3
2017-01-05 23:00:00,1,64,20170105231,23,3
2017-01-06 00:00:00,1,61,20170106001,0,4
2017-01-06 01:00:00,1,51,20170106011,1,4
2017-01-06 02:00:00,1,45,20170106021,2,4
2017-01-06 03:00:00,1,39,20170106031,3,4
2017-01-06 04:00:00,1,34,20170106041,4,4
2017-01-06 05:00:00,1,32,20170106051,5,4
2017-01-06 06:00:00,1,31,20170106061,6,4
2017-01-06 07:00:00,1,33,20170106071,7,4
2017-01-06 08:00:00,1,40,20170106081,8,4
2017-01-06 09:00:00,1,44,20170106091,9,4
2017-01-06 10:00:00,1,57,20170106101,10,4
2017-01-06 11:00:00,1,72,20170106111,11,4
2017-01-06 12:00:00,1,73,20170106121,12,4
2017-01-06 13:00:00,1,62,20170106131,13,4
2017-01-06 14:00:00,1,74,20170106141,14,4
2017-01-06 15:00:00,1,71,20170106151,15,4
2017-01-06 16:00:00,1,64,20170106161,16,4
2017-01-06 17:00:00,1,63,20170106171,17,4
2017-01-06 18:00:00,1,59,20170106181,18,4
2017-01-06 19:00:00,1,65,20170106191,19,4
2017-01-06 20:00:00,1,67,20170106201,20,4
2017-01-06 21:00:00,1,69,20170106211,21,4
2017-01-06 22:00:00,1,64,20170106221,22,4
2017-01-06 23:00:00,1,57,20170106231,23,4
2017-01-07 00:00:00,1,50,20170107001,0,5
2017-01-07 01:00:00,1,49,20170107011,1,5
2017-01-07 02:00:00,1,38,20170107021,2,5
2017-01-07 03:00:00,1,33,20170107031,3,5
2017-01-07 04:00:00,1,31,20170107041,4,5
2017-01-07 05:00:00,1,27,20170107051,5,5
2017-01-07 06:00:00,1,25,20170107061,6,5
2017-01-07 07:00:00,1,24,20170107071,7,5
2017-01-07 08:00:00,1,29,20170107081,8,5
2017-01-07 09:00:00,1,35,20170107091,9,5
2017-01-07 10:00:00,1,43,20170107101,10,5
2017-01-07 11:00:00,1,45,20170107111,11,5
2017-01-07 12:00:00,1,45,20170107121,12,5
2017-01-07 13:00:00,1,42,20170107131,13,5
2017-01-07 14:00:00,1,39,20170107141,14,5
2017-01-07 15:00:00,1,38,20170107151,15,5
2017-01-07 16:00:00,1,41,20170107161,16,5
2017-01-07 17:00:00,1,41,20170107171,17,5
2017-01-07 18:00:00,1,47,20170107181,18,5
2017-01-07 19:00:00,1,51,20170107191,19,5
2017-01-07 20:00:00,1,55,20170107201,20,5
2017-01-07 21:00:00,1,52,20170107211,21,5
2017-01-07 22:00:00,1,49,20170107221,22,5
2017-01-07 23:00:00,1,50,20170107231,23,5
2017-01-08 00:00:00,1,43,20170108001,0,6
2017-01-08 01:00:00,1,33,20170108011,1,6
2017-01-08 02:00:00,1,30,20170108021,2,6
2017-01-08 03:00:00,1,26,20170108031,3,6
2017-01-08 04:00:00,1,23,20170108041,4,6
2017-01-08 05:00:00,1,24,20170108051,5,6
2017-01-08 06:00:00,1,27,20170108061,6,6
2017-01-08 07:00:00,1,26,20170108071,7,6
2017-01-08 08:00:00,1,29,20170108081,8,6
2017-01-08 09:00:00,1,41,20170108091,9,6
2017-01-08 10:00:00,1,42,20170108101,10,6
2017-01-08 11:00:00,1,43,20170108111,11,6
2017-01-08 12:00:00,1,66,20170108121,12,6
2017-01-08 13:00:00,1,58,20170108131,13,6
2017-01-08 14:00:00,1,62,20170108141,14,6
2017-01-08 15:00:00,1,64,20170108151,15,6
2017-01-08 16:00:00,1,61,20170108161,16,6
2017-01-08 17:00:00,1,62,20170108171,17,6
2017-01-08 18:00:00,1,73,20170108181,18,6
2017-01-08 19:00:00,1,84,20170108191,19,6
2017-01-08 20:00:00,1,84,20170108201,20,6
2017-01-08 21:00:00,1,78,20170108211,21,6
2017-01-08 22:00:00,1,77,20170108221,22,6
2017-01-08 23:00:00,1,75,20170108231,23,6
2017-01-09 00:00:00,1,64,20170109001,0,0
2017-01-09 01:00:00,1,55,20170109011,1,0
2017-01-09 02:00:00,1,47,20170109021,2,0
2017-01-09 03:00:00,1,42,20170109031,3,0
2017-01-09 04:00:00,1,41,20170109041,4,0
2017-01-09 05:00:00,1,38,20170109051,5,0
2017-01-09 06:00:00,1,43,20170109061,6,0
2017-01-09 07:00:00,1,56,20170109071,7,0
2017-01-09 08:00:00,1,54,20170109081,8,0
2017-01-09 09:00:00,1,66,20170109091,9,0
2017-01-09 10:00:00,1,81,20170109101,10,0
2017-01-09 11:00:00,1,97,20170109111,11,0
2017-01-09 12:00:00,1,104,20170109121,12,0
2017-01-09 13:00:00,1,90,20170109131,13,0
2017-01-09 14:00:00,1,92,20170109141,14,0
2017-01-09 15:00:00,1,93,20170109151,15,0
2017-01-09 16:00:00,1,88,20170109161,16,0
2017-01-09 17:00:00,1,90,20170109171,17,0
2017-01-09 18:00:00,1,83,20170109181,18,0
2017-01-09 19:00:00,1,77,20170109191,19,0
2017-01-09 20:00:00,1,95,20170109201,20,0
2017-01-09 21:00:00,1,96,20170109211,21,0
2017-01-09 22:00:00,1,100,20170109221,22,0
2017-01-09 23:00:00,1,86,20170109231,23,0
2017-01-10 00:00:00,1,74,20170110001,0,1
2017-01-10 01:00:00,1,61,20170110011,1,1
2017-01-10 02:00:00,1,54,20170110021,2,1
2017-01-10 03:00:00,1,50,20170110031,3,1
2017-01-10 04:00:00,1,47,20170110041,4,1
2017-01-10 05:00:00,1,37,20170110051,5,1
2017-01-10 06:00:00,1,39,20170110061,6,1
2017-01-10 07:00:00,1,49,20170110071,7,1
2017-01-10 08:00:00,1,53,20170110081,8,1
2017-01-10 09:00:00,1,59,20170110091,9,1
2017-01-10 10:00:00,1,76,20170110101,10,1
2017-01-10 11:00:00,1,76,20170110111,11,1
2017-01-10 12:00:00,1,82,20170110121,12,1
2017-01-10 13:00:00,1,73,20170110131,13,1
2017-01-10 14:00:00,1,85,20170110141,14,1
2017-01-10 15:00:00,1,84,20170110151,15,1
2017-01-10 16:00:00,1,77,20170110161,16,1
2017-01-10 17:00:00,1,74,20170110171,17,1
2017-01-10 18:00:00,1,81,20170110181,18,1
2017-01-10 19:00:00,1,81,20170110191,19,1
2017-01-10 20:00:00,1,85,20170110201,20,1
2017-01-10 21:00:00,1,85,20170110211,21,1
2017-01-10 22:00:00,1,85,20170110221,22,1
2017-01-10 23:00:00,1,73,20170110231,23,1
2017-01-11 00:00:00,1,67,20170111001,0,2
2017-01-11 01:00:00,1,54,20170111011,1,2
2017-01-11 02:00:00,1,49,20170111021,2,2
2017-01-11 03:00:00,1,44,20170111031,3,2
2017-01-11 04:00:00,1,37,20170111041,4,2
2017-01-11 05:00:00,1,35,20170111051,5,2
2017-01-11 06:00:00,1,38,20170111061,6,2
2017-01-11 07:00:00,1,43,20170111071,7,2
2017-01-11 08:00:00,1,49,20170111081,8,2
2017-01-11 09:00:00,1,56,20170111091,9,2
2017-01-11 10:00:00,1,65,20170111101,10,2
2017-01-11 11:00:00,1,76,20170111111,11,2
2017-01-11 12:00:00,1,77,20170111121,12,2
2017-01-11 13:00:00,1,72,20170111131,13,2
2017-01-11 14:00:00,1,78,20170111141,14,2
2017-01-11 15:00:00,1,81,20170111151,15,2
2017-01-11 16:00:00,1,72,20170111161,16,2
2017-01-11 17:00:00,1,74,20170111171,17,2
2017-01-11 18:00:00,1,72,20170111181,18,2
2017-01-11 19:00:00,1,81,20170111191,19,2
2017-01-11 20:00:00,1,85,20170111201,20,2
2017-01-11 21:00:00,1,80,20170111211,21,2
2017-01-11 22:00:00,1,76,20170111221,22,2
2017-01-11 23:00:00,1,68,20170111231,23,2
2017-01-12 00:00:00,1,65,20170112001,0,3
2017-01-12 01:00:00,1,54,20170112011,1,3
2017-01-12 02:00:00,1,49,20170112021,2,3
2017-01-12 03:00:00,1,46,20170112031,3,3
2017-01-12 04:00:00,1,39,20170112041,4,3
2017-01-12 05:00:00,1,32,20170112051,5,3
2017-01-12 06:00:00,1,36,20170112061,6,3
2017-01-12 07:00:00,1,42,20170112071,7,3
2017-01-12 08:00:00,1,46,20170112081,8,3
2017-01-12 09:00:00,1,51,20170112091,9,3
2017-01-12 10:00:00,1,58,20170112101,10,3
2017-01-12 11:00:00,1,66,20170112111,11,3
2017-01-12 12:00:00,1,74,20170112121,12,3
2017-01-12 13:00:00,1,75,20170112131,13,3
2017-01-12 14:00:00,1,95,20170112141,14,3
2017-01-12 15:00:00,1,83,20170112151,15,3
2017-01-12 16:00:00,1,75,20170112161,16,3
2017-01-12 17:00:00,1,76,20170112171,17,3
2017-01-12 18:00:00,1,75,20170112181,18,3
2017-01-12 19:00:00,1,83,20170112191,19,3
2017-01-12 20:00:00,1,83,20170112201,20,3
2017-01-12 21:00:00,1,82,20170112211,21,3
2017-01-12 22:00:00,1,79,20170112221,22,3
2017-01-12 23:00:00,1,67,20170112231,23,3
2017-01-13 00:00:00,1,65,20170113001,0,4
2017-01-13 01:00:00,1,57,20170113011,1,4
2017-01-13 02:00:00,1,47,20170113021,2,4
2017-01-13 03:00:00,1,46,20170113031,3,4
2017-01-13 04:00:00,1,40,20170113041,4,4
2017-01-13 05:00:00,1,35,20170113051,5,4
2017-01-13 06:00:00,1,38,20170113061,6,4
2017-01-13 07:00:00,1,41,20170113071,7,4
2017-01-13 08:00:00,1,45,20170113081,8,4
2017-01-13 09:00:00,1,49,20170113091,9,4
2017-01-13 10:00:00,1,69,20170113101,10,4
2017-01-13 11:00:00,1,73,20170113111,11,4
2017-01-13 12:00:00,1,70,20170113121,12,4
2017-01-13 13:00:00,1,66,20170113131,13,4
2017-01-13 14:00:00,1,70,20170113141,14,4
2017-01-13 15:00:00,1,71,20170113151,15,4
2017-01-13 16:00:00,1,64,20170113161,16,4
2017-01-13 17:00:00,1,72,20170113171,17,4
2017-01-13 18:00:00,1,65,20170113181,18,4
2017-01-13 19:00:00,1,73,20170113191,19,4
2017-01-13 20:00:00,1,68,20170113201,20,4
2017-01-13 21:00:00,1,65,20170113211,21,4
2017-01-13 22:00:00,1,61,20170113221,22,4
2017-01-13 23:00:00,1,54,20170113231,23,4
2017-01-14 00:00:00,1,53,20170114001,0,5
2017-01-14 01:00:00,1,45,20170114011,1,5
2017-01-14 02:00:00,1,44,20170114021,2,5
2017-01-14 03:00:00,1,39,20170114031,3,5
2017-01-14 04:00:00,1,30,20170114041,4,5
2017-01-14 05:00:00,1,29,20170114051,5,5
2017-01-14 06:00:00,1,25,20170114061,6,5
2017-01-14 07:00:00,1,31,20170114071,7,5
2017-01-14 08:00:00,1,27,20170114081,8,5
2017-01-14 09:00:00,1,31,20170114091,9,5
2017-01-14 10:00:00,1,35,20170114101,10,5
2017-01-14 11:00:00,1,58,20170114111,11,5
2017-01-14 12:00:00,1,50,20170114121,12,5
2017-01-14 13:00:00,1,43,20170114131,13,5
2017-01-14 14:00:00,1,42,20170114141,14,5
2017-01-14 15:00:00,1,41,20170114151,15,5
2017-01-14 16:00:00,1,43,20170114161,16,5
2017-01-14 17:00:00,1,45,20170114171,17,5
2017-01-14 18:00:00,1,51,20170114181,18,5
2017-01-14 19:00:00,1,53,20170114191,19,5
2017-01-14 20:00:00,1,54,20170114201,20,5
2017-01-14 21:00:00,1,52,20170114211,21,5
2017-01-14 22:00:00,1,54,20170114221,22,5
2017-01-14 23:00:00,1,54,20170114231,23,5
2017-01-15 00:00:00,1,50,20170115001,0,6
2017-01-15 01:00:00,1,37,20170115011,1,6
2017-01-15 02:00:00,1,31,20170115021,2,6
2017-01-15 03:00:00,1,30,20170115031,3,6
2017-01-15 04:00:00,1,29,20170115041,4,6
2017-01-15 05:00:00,1,24,20170115051,5,6
2017-01-15 06:00:00,1,24,20170115061,6,6
2017-01-15 07:00:00,1,29,20170115071,7,6
2017-01-15 08:00:00,1,30,20170115081,8,6
2017-01-15 09:00:00,1,36,20170115091,9,6
2017-01-15 10:00:00,1,41,20170115101,10,6
2017-01-15 11:00:00,1,45,20170115111,11,6
2017-01-15 12:00:00,1,42,20170115121,12,6
2017-01-15 13:00:00,1,41,20170115131,13,6
2017-01-15 14:00:00,1,37,20170115141,14,6
2017-01-15 15:00:00,1,43,20170115151,15,6
2017-01-15 16:00:00,1,41,20170115161,16,6
2017-01-15 17:00:00,1,39,20170115171,17,6
2017-01-15 18:00:00,1,55,20170115181,18,6
2017-01-15 19:00:00,1,65,20170115191,19,6
2017-01-15 20:00:00,1,76,20170115201,20,6
2017-01-15 21:00:00,1,63,20170115211,21,6
2017-01-15 22:00:00,1,61,20170115221,22,6
2017-01-15 23:00:00,1,58,20170115231,23,6
2017-01-16 00:00:00,1,48,20170116001,0,0
2017-01-16 01:00:00,1,39,20170116011,1,0
2017-01-16 02:00:00,1,37,20170116021,2,0
2017-01-16 03:00:00,1,36,20170116031,3,0
2017-01-16 04:00:00,1,33,20170116041,4,0
2017-01-16 05:00:00,1,32,20170116051,5,0
2017-01-16 06:00:00,1,31,20170116061,6,0
2017-01-16 07:00:00,1,41,20170116071,7,0
2017-01-16 08:00:00,1,42,20170116081,8,0
2017-01-16 09:00:00,1,53,20170116091,9,0
2017-01-16 10:00:00,1,72,20170116101,10,0
2017-01-16 11:00:00,1,91,20170116111,11,0
2017-01-16 12:00:00,1,120,20170116121,12,0
2017-01-16 13:00:00,1,84,20170116131,13,0
2017-01-16 14:00:00,1,97,20170116141,14,0
2017-01-16 15:00:00,1,96,20170116151,15,0
2017-01-16 16:00:00,1,85,20170116161,16,0
2017-01-16 17:00:00,1,88,20170116171,17,0
2017-01-16 18:00:00,1,90,20170116181,18,0
2017-01-16 19:00:00,1,96,20170116191,19,0
2017-01-16 20:00:00,1,89,20170116201,20,0
2017-01-16 21:00:00,1,88,20170116211,21,0
2017-01-16 22:00:00,1,87,20170116221,22,0
2017-01-16 23:00:00,1,74,20170116231,23,0
2017-01-17 00:00:00,1,68,20170117001,0,1
2017-01-17 01:00:00,1,58,20170117011,1,1
2017-01-17 02:00:00,1,53,20170117021,2,1
2017-01-17 03:00:00,1,45,20170117031,3,1
2017-01-17 04:00:00,1,42,20170117041,4,1
2017-01-17 05:00:00,1,36,20170117051,5,1
2017-01-17 06:00:00,1,43,20170117061,6,1
2017-01-17 07:00:00,1,50,20170117071,7,1
2017-01-17 08:00:00,1,55,20170117081,8,1
2017-01-17 09:00:00,1,63,20170117091,9,1
2017-01-17 10:00:00,1,84,20170117101,10,1
2017-01-17 11:00:00,1,85,20170117111,11,1
2017-01-17 12:00:00,1,89,20170117121,12,1
2017-01-17 13:00:00,1,75,20170117131,13,1
2017-01-17 14:00:00,1,89,20170117141,14,1
2017-01-17 15:00:00,1,86,20170117151,15,1
2017-01-17 16:00:00,1,82,20170117161,16,1
2017-01-17 17:00:00,1,79,20170117171,17,1
2017-01-17 18:00:00,1,77,20170117181,18,1
2017-01-17 19:00:00,1,84,20170117191,19,1
2017-01-17 20:00:00,1,86,20170117201,20,1
2017-01-17 21:00:00,1,87,20170117211,21,1
2017-01-17 22:00:00,1,82,20170117221,22,1
2017-01-17 23:00:00,1,79,20170117231,23,1
2017-01-18 00:00:00,1,76,20170118001,0,2
2017-01-18 01:00:00,1,58,20170118011,1,2
2017-01-18 02:00:00,1,57,20170118021,2,2
2017-01-18 03:00:00,1,53,20170118031,3,2
2017-01-18 04:00:00,1,47,20170118041,4,2
2017-01-18 05:00:00,1,43,20170118051,5,2
2017-01-18 06:00:00,1,44,20170118061,6,2
2017-01-18 07:00:00,1,48,20170118071,7,2
2017-01-18 08:00:00,1,57,20170118081,8,2
2017-01-18 09:00:00,1,62,20170118091,9,2
2017-01-18 10:00:00,1,72,20170118101,10,2
2017-01-18 11:00:00,1,87,20170118111,11,2
2017-01-18 12:00:00,1,83,20170118121,12,2
2017-01-18 13:00:00,1,74,20170118131,13,2
2017-01-18 14:00:00,1,89,20170118141,14,2
2017-01-18 15:00:00,1,83,20170118151,15,2
2017-01-18 16:00:00,1,81,20170118161,16,2
2017-01-18 17:00:00,1,75,20170118171,17,2
2017-01-18 18:00:00,1,78,20170118181,18,2
2017-01-18 19:00:00,1,83,20170118191,19,2
2017-01-18 20:00:00,1,82,20170118201,20,2
2017-01-18 21:00:00,1,82,20170118211,21,2
2017-01-18 22:00:00,1,77,20170118221,22,2
2017-01-18 23:00:00,1,75,20170118231,23,2
2017-01-19 00:00:00,1,69,20170119001,0,3
2017-01-19 01:00:00,1,57,20170119011,1,3
2017-01-19 02:00:00,1,51,20170119021,2,3
2017-01-19 03:00:00,1,49,20170119031,3,3
2017-01-19 04:00:00,1,41,20170119041,4,3
2017-01-19 05:00:00,1,41,20170119051,5,3
2017-01-19 06:00:00,1,40,20170119061,6,3
2017-01-19 07:00:00,1,42,20170119071,7,3
2017-01-19 08:00:00,1,51,20170119081,8,3
2017-01-19 09:00:00,1,58,20170119091,9,3
2017-01-19 10:00:00,1,71,20170119101,10,3
2017-01-19 11:00:00,1,89,20170119111,11,3
2017-01-19 12:00:00,1,91,20170119121,12,3
2017-01-19 13:00:00,1,79,20170119131,13,3
2017-01-19 14:00:00,1,88,20170119141,14,3
2017-01-19 15:00:00,1,88,20170119151,15,3
2017-01-19 16:00:00,1,75,20170119161,16,3
2017-01-19 17:00:00,1,72,20170119171,17,3
2017-01-19 18:00:00,1,84,20170119181,18,3
2017-01-19 19:00:00,1,87,20170119191,19,3
2017-01-19 20:00:00,1,82,20170119201,20,3
2017-01-19 21:00:00,1,79,20170119211,21,3
2017-01-19 22:00:00,1,82,20170119221,22,3
2017-01-19 23:00:00,1,78,20170119231,23,3
2017-01-20 00:00:00,1,70,20170120001,0,4
2017-01-20 01:00:00,1,62,20170120011,1,4
2017-01-20 02:00:00,1,54,20170120021,2,4
2017-01-20 03:00:00,1,49,20170120031,3,4
2017-01-20 04:00:00,1,45,20170120041,4,4
2017-01-20 05:00:00,1,42,20170120051,5,4
2017-01-20 06:00:00,1,39,20170120061,6,4
2017-01-20 07:00:00,1,45,20170120071,7,4
2017-01-20 08:00:00,1,50,20170120081,8,4
2017-01-20 09:00:00,1,54,20170120091,9,4
2017-01-20 10:00:00,1,65,20170120101,10,4
2017-01-20 11:00:00,1,70,20170120111,11,4
2017-01-20 12:00:00,1,80,20170120121,12,4
2017-01-20 13:00:00,1,71,20170120131,13,4
2017-01-20 14:00:00,1,75,20170120141,14,4
2017-01-20 15:00:00,1,78,20170120151,15,4
2017-01-20 16:00:00,1,71,20170120161,16,4
2017-01-20 17:00:00,1,66,20170120171,17,4
2017-01-20 18:00:00,1,72,20170120181,18,4
2017-01-20 19:00:00,1,75,20170120191,19,4
2017-01-20 20:00:00,1,72,20170120201,20,4
2017-01-20 21:00:00,1,75,20170120211,21,4
2017-01-20 22:00:00,1,70,20170120221,22,4
2017-01-20 23:00:00,1,65,20170120231,23,4
2017-01-21 00:00:00,1,60,20170121001,0,5
2017-01-21 01:00:00,1,48,20170121011,1,5
2017-01-21 02:00:00,1,41,20170121021,2,5
2017-01-21 03:00:00,1,38,20170121031,3,5
2017-01-21 04:00:00,1,36,20170121041,4,5
2017-01-21 05:00:00,1,31,20170121051,5,5
2017-01-21 06:00:00,1,31,20170121061,6,5
2017-01-21 07:00:00,1,32,20170121071,7,5
2017-01-21 08:00:00,1,47,20170121081,8,5
2017-01-21 09:00:00,1,56,20170121091,9,5
2017-01-21 10:00:00,1,58,20170121101,10,5
2017-01-21 11:00:00,1,64,20170121111,11,5
2017-01-21 12:00:00,1,60,20170121121,12,5
2017-01-21 13:00:00,1,51,20170121131,13,5
2017-01-21 14:00:00,1,51,20170121141,14,5
2017-01-21 15:00:00,1,49,20170121151,15,5
2017-01-21 16:00:00,1,50,20170121161,16,5
2017-01-21 17:00:00,1,53,20170121171,17,5
2017-01-21 18:00:00,1,54,20170121181,18,5
2017-01-21 19:00:00,1,62,20170121191,19,5
2017-01-21 20:00:00,1,58,20170121201,20,5
2017-01-21 21:00:00,1,54,20170121211,21,5
2017-01-21 22:00:00,1,58,20170121221,22,5
2017-01-21 23:00:00,1,59,20170121231,23,5
2017-01-22 00:00:00,1,50,20170122001,0,6
2017-01-22 01:00:00,1,44,20170122011,1,6
2017-01-22 02:00:00,1,40,20170122021,2,6
2017-01-22 03:00:00,1,36,20170122031,3,6
2017-01-22 04:00:00,1,30,20170122041,4,6
2017-01-22 05:00:00,1,27,20170122051,5,6
2017-01-22 06:00:00,1,28,20170122061,6,6
2017-01-22 07:00:00,1,30,20170122071,7,6
2017-01-22 08:00:00,1,34,20170122081,8,6
2017-01-22 09:00:00,1,45,20170122091,9,6
2017-01-22 10:00:00,1,45,20170122101,10,6
2017-01-22 11:00:00,1,55,20170122111,11,6
2017-01-22 12:00:00,1,51,20170122121,12,6
2017-01-22 13:00:00,1,47,20170122131,13,6
2017-01-22 14:00:00,1,48,20170122141,14,6
2017-01-22 15:00:00,1,49,20170122151,15,6
2017-01-22 16:00:00,1,48,20170122161,16,6
2017-01-22 17:00:00,1,47,20170122171,17,6
2017-01-22 18:00:00,1,51,20170122181,18,6
2017-01-22 19:00:00,1,57,20170122191,19,6
2017-01-22 20:00:00,1,60,20170122201,20,6
2017-01-22 21:00:00,1,55,20170122211,21,6
2017-01-22 22:00:00,1,64,20170122221,22,6
2017-01-22 23:00:00,1,64,20170122231,23,6
2017-01-23 00:00:00,1,57,20170123001,0,0
2017-01-23 01:00:00,1,50,20170123011,1,0
2017-01-23 02:00:00,1,41,20170123021,2,0
2017-01-23 03:00:00,1,41,20170123031,3,0
2017-01-23 04:00:00,1,36,20170123041,4,0
2017-01-23 05:00:00,1,36,20170123051,5,0
2017-01-23 06:00:00,1,42,20170123061,6,0
2017-01-23 07:00:00,1,41,20170123071,7,0
2017-01-23 08:00:00,1,50,20170123081,8,0
2017-01-23 09:00:00,1,59,20170123091,9,0
2017-01-23 10:00:00,1,83,20170123101,10,0
2017-01-23 11:00:00,1,93,20170123111,11,0
2017-01-23 12:00:00,1,84,20170123121,12,0
2017-01-23 13:00:00,1,83,20170123131,13,0
2017-01-23 14:00:00,1,93,20170123141,14,0
2017-01-23 15:00:00,1,92,20170123151,15,0
2017-01-23 16:00:00,1,85,20170123161,16,0
2017-01-23 17:00:00,1,78,20170123171,17,0
2017-01-23 18:00:00,1,85,20170123181,18,0
2017-01-23 19:00:00,1,93,20170123191,19,0
2017-01-23 20:00:00,1,94,20170123201,20,0
2017-01-23 21:00:00,1,92,20170123211,21,0
2017-01-23 22:00:00,1,88,20170123221,22,0
2017-01-23 23:00:00,1,79,20170123231,23,0
2017-01-24 00:00:00,1,69,20170124001,0,1
2017-01-24 01:00:00,1,60,20170124011,1,1
2017-01-24 02:00:00,1,56,20170124021,2,1
2017-01-24 03:00:00,1,49,20170124031,3,1
2017-01-24 04:00:00,1,45,20170124041,4,1
2017-01-24 05:00:00,1,37,20170124051,5,1
2017-01-24 06:00:00,1,39,20170124061,6,1
2017-01-24 07:00:00,1,48,20170124071,7,1
2017-01-24 08:00:00,1,52,20170124081,8,1
2017-01-24 09:00:00,1,64,20170124091,9,1
2017-01-24 10:00:00,1,75,20170124101,10,1
2017-01-24 11:00:00,1,77,20170124111,11,1
2017-01-24 12:00:00,1,86,20170124121,12,1
2017-01-24 13:00:00,1,77,20170124131,13,1
2017-01-24 14:00:00,1,83,20170124141,14,1
2017-01-24 15:00:00,1,84,20170124151,15,1
2017-01-24 16:00:00,1,80,20170124161,16,1
2017-01-24 17:00:00,1,78,20170124171,17,1
2017-01-24 18:00:00,1,81,20170124181,18,1
2017-01-24 19:00:00,1,84,20170124191,19,1
2017-01-24 20:00:00,1,82,20170124201,20,1
2017-01-24 21:00:00,1,84,20170124211,21,1
2017-01-24 22:00:00,1,79,20170124221,22,1
2017-01-24 23:00:00,1,76,20170124231,23,1
2017-01-25 00:00:00,1,67,20170125001,0,2
2017-01-25 01:00:00,1,56,20170125011,1,2
2017-01-25 02:00:00,1,52,20170125021,2,2
2017-01-25 03:00:00,1,52,20170125031,3,2
2017-01-25 04:00:00,1,40,20170125041,4,2
2017-01-25 05:00:00,1,35,20170125051,5,2
2017-01-25 06:00:00,1,39,20170125061,6,2
2017-01-25 07:00:00,1,40,20170125071,7,2
2017-01-25 08:00:00,1,48,20170125081,8,2
2017-01-25 09:00:00,1,56,20170125091,9,2
2017-01-25 10:00:00,1,67,20170125101,10,2
2017-01-25 11:00:00,1,75,20170125111,11,2
2017-01-25 12:00:00,1,76,20170125121,12,2
2017-01-25 13:00:00,1,67,20170125131,13,2
2017-01-25 14:00:00,1,79,20170125141,14,2
2017-01-25 15:00:00,1,76,20170125151,15,2
2017-01-25 16:00:00,1,75,20170125161,16,2
2017-01-25 17:00:00,1,65,20170125171,17,2
2017-01-25 18:00:00,1,85,20170125181,18,2
2017-01-25 19:00:00,1,82,20170125191,19,2
2017-01-25 20:00:00,1,82,20170125201,20,2
2017-01-25 21:00:00,1,82,20170125211,21,2
2017-01-25 22:00:00,1,75,20170125221,22,2
2017-01-25 23:00:00,1,67,20170125231,23,2
2017-01-26 00:00:00,1,66,20170126001,0,3
2017-01-26 01:00:00,1,61,20170126011,1,3
2017-01-26 02:00:00,1,53,20170126021,2,3
2017-01-26 03:00:00,1,52,20170126031,3,3
2017-01-26 04:00:00,1,42,20170126041,4,3
2017-01-26 05:00:00,1,37,20170126051,5,3
2017-01-26 06:00:00,1,37,20170126061,6,3
2017-01-26 07:00:00,1,36,20170126071,7,3
2017-01-26 08:00:00,1,37,20170126081,8,3
2017-01-26 09:00:00,1,45,20170126091,9,3
2017-01-26 10:00:00,1,48,20170126101,10,3
2017-01-26 11:00:00,1,48,20170126111,11,3
2017-01-26 12:00:00,1,57,20170126121,12,3
2017-01-26 13:00:00,1,53,20170126131,13,3
2017-01-26 14:00:00,1,61,20170126141,14,3
2017-01-26 15:00:00,1,56,20170126151,15,3
2017-01-26 16:00:00,1,55,20170126161,16,3
2017-01-26 17:00:00,1,62,20170126171,17,3
2017-01-26 18:00:00,1,70,20170126181,18,3
2017-01-26 19:00:00,1,83,20170126191,19,3
2017-01-26 20:00:00,1,77,20170126201,20,3
2017-01-26 21:00:00,1,88,20170126211,21,3
2017-01-26 22:00:00,1,80,20170126221,22,3
2017-01-26 23:00:00,1,70,20170126231,23,3
2017-01-27 00:00:00,1,66,20170127001,0,4
2017-01-27 01:00:00,1,57,20170127011,1,4
2017-01-27 02:00:00,1,52,20170127021,2,4
2017-01-27 03:00:00,1,49,20170127031,3,4
2017-01-27 04:00:00,1,45,20170127041,4,4
2017-01-27 05:00:00,1,38,20170127051,5,4
2017-01-27 06:00:00,1,39,20170127061,6,4
2017-01-27 07:00:00,1,37,20170127071,7,4
2017-01-27 08:00:00,1,41,20170127081,8,4
2017-01-27 09:00:00,1,54,20170127091,9,4
2017-01-27 10:00:00,1,65,20170127101,10,4
2017-01-27 11:00:00,1,64,20170127111,11,4
2017-01-27 12:00:00,1,66,20170127121,12,4
2017-01-27 13:00:00,1,62,20170127131,13,4
2017-01-27 14:00:00,1,70,20170127141,14,4
2017-01-27 15:00:00,1,77,20170127151,15,4
2017-01-27 16:00:00,1,67,20170127161,16,4
2017-01-27 17:00:00,1,66,20170127171,17,4
2017-01-27 18:00:00,1,76,20170127181,18,4
2017-01-27 19:00:00,1,77,20170127191,19,4
2017-01-27 20:00:00,1,76,20170127201,20,4
2017-01-27 21:00:00,1,72,20170127211,21,4
2017-01-27 22:00:00,1,63,20170127221,22,4
2017-01-27 23:00:00,1,66,20170127231,23,4
2017-01-28 00:00:00,1,57,20170128001,0,5
2017-01-28 01:00:00,1,57,20170128011,1,5
2017-01-28 02:00:00,1,46,20170128021,2,5
2017-01-28 03:00:00,1,38,20170128031,3,5
2017-01-28 04:00:00,1,31,20170128041,4,5
2017-01-28 05:00:00,1,29,20170128051,5,5
2017-01-28 06:00:00,1,27,20170128061,6,5
2017-01-28 07:00:00,1,30,20170128071,7,5
2017-01-28 08:00:00,1,31,20170128081,8,5
2017-01-28 09:00:00,1,35,20170128091,9,5
2017-01-28 10:00:00,1,42,20170128101,10,5
2017-01-28 11:00:00,1,43,20170128111,11,5
2017-01-28 12:00:00,1,45,20170128121,12,5
2017-01-28 13:00:00,1,41,20170128131,13,5
2017-01-28 14:00:00,1,44,20170128141,14,5
2017-01-28 15:00:00,1,38,20170128151,15,5
2017-01-28 16:00:00,1,44,20170128161,16,5
2017-01-28 17:00:00,1,49,20170128171,17,5
2017-01-28 18:00:00,1,55,20170128181,18,5
2017-01-28 19:00:00,1,64,20170128191,19,5
2017-01-28 20:00:00,1,82,20170128201,20,5
2017-01-28 21:00:00,1,70,20170128211,21,5
2017-01-28 22:00:00,1,68,20170128221,22,5
2017-01-28 23:00:00,1,61,20170128231,23,5
2017-01-29 00:00:00,1,57,20170129001,0,6
2017-01-29 01:00:00,1,45,20170129011,1,6
2017-01-29 02:00:00,1,38,20170129021,2,6
2017-01-29 03:00:00,1,34,20170129031,3,6
2017-01-29 04:00:00,1,29,20170129041,4,6
2017-01-29 05:00:00,1,29,20170129051,5,6
2017-01-29 06:00:00,1,29,20170129061,6,6
2017-01-29 07:00:00,1,28,20170129071,7,6
2017-01-29 08:00:00,1,36,20170129081,8,6
2017-01-29 09:00:00,1,43,20170129091,9,6
2017-01-29 10:00:00,1,44,20170129101,10,6
2017-01-29 11:00:00,1,44,20170129111,11,6
2017-01-29 12:00:00,1,50,20170129121,12,6
2017-01-29 13:00:00,1,39,20170129131,13,6
2017-01-29 14:00:00,1,42,20170129141,14,6
2017-01-29 15:00:00,1,44,20170129151,15,6
2017-01-29 16:00:00,1,41,20170129161,16,6
2017-01-29 17:00:00,1,43,20170129171,17,6
2017-01-29 18:00:00,1,56,20170129181,18,6
2017-01-29 19:00:00,1,58,20170129191,19,6
2017-01-29 20:00:00,1,61,20170129201,20,6
2017-01-29 21:00:00,1,63,20170129211,21,6
2017-01-29 22:00:00,1,54,20170129221,22,6
2017-01-29 23:00:00,1,57,20170129231,23,6
2017-01-30 00:00:00,1,53,20170130001,0,0
2017-01-30 01:00:00,1,49,20170130011,1,0
2017-01-30 02:00:00,1,45,20170130021,2,0
2017-01-30 03:00:00,1,50,20170130031,3,0
2017-01-30 04:00:00,1,48,20170130041,4,0
2017-01-30 05:00:00,1,47,20170130051,5,0
2017-01-30 06:00:00,1,49,20170130061,6,0
2017-01-30 07:00:00,1,51,20170130071,7,0
2017-01-30 08:00:00,1,59,20170130081,8,0
2017-01-30 09:00:00,1,72,20170130091,9,0
2017-01-30 10:00:00,1,83,20170130101,10,0
2017-01-30 11:00:00,1,88,20170130111,11,0
2017-01-30 12:00:00,1,90,20170130121,12,0
2017-01-30 13:00:00,1,79,20170130131,13,0
2017-01-30 14:00:00,1,87,20170130141,14,0
2017-01-30 15:00:00,1,95,20170130151,15,0
2017-01-30 16:00:00,1,88,20170130161,16,0
2017-01-30 17:00:00,1,85,20170130171,17,0
2017-01-30 18:00:00,1,91,20170130181,18,0
2017-01-30 19:00:00,1,97,20170130191,19,0
2017-01-30 20:00:00,1,112,20170130201,20,0
2017-01-30 21:00:00,1,93,20170130211,21,0
2017-01-30 22:00:00,1,93,20170130221,22,0
2017-01-30 23:00:00,1,81,20170130231,23,0
2017-01-31 00:00:00,1,71,20170131001,0,1
2017-01-31 01:00:00,1,67,20170131011,1,1
2017-01-31 02:00:00,1,59,20170131021,2,1
2017-01-31 03:00:00,1,56,20170131031,3,1
2017-01-31 04:00:00,1,48,20170131041,4,1
2017-01-31 05:00:00,1,41,20170131051,5,1
2017-01-31 06:00:00,1,47,20170131061,6,1
2017-01-31 07:00:00,1,48,20170131071,7,1
2017-01-31 08:00:00,1,53,20170131081,8,1
2017-01-31 09:00:00,1,62,20170131091,9,1
2017-01-31 10:00:00,1,90,20170131101,10,1
2017-01-31 11:00:00,1,98,20170131111,11,1
2017-01-31 12:00:00,1,93,20170131121,12,1
2017-01-31 13:00:00,1,83,20170131131,13,1
2017-01-31 14:00:00,1,94,20170131141,14,1
2017-01-31 15:00:00,1,87,20170131151,15,1
2017-01-31 16:00:00,1,84,20170131161,16,1
2017-01-31 17:00:00,1,79,20170131171,17,1
2017-01-31 18:00:00,1,85,20170131181,18,1
2017-01-31 19:00:00,1,89,20170131191,19,1
2017-01-31 20:00:00,1,92,20170131201,20,1
2017-01-31 21:00:00,1,89,20170131211,21,1
2017-01-31 22:00:00,1,84,20170131221,22,1
2017-01-31 23:00:00,1,75,20170131231,23,1
2017-02-01 00:00:00,1,69,20170201001,0,2
2017-02-01 01:00:00,1,60,20170201011,1,2
2017-02-01 02:00:00,1,57,20170201021,2,2
2017-02-01 03:00:00,1,48,20170201031,3,2
2017-02-01 04:00:00,1,45,20170201041,4,2
2017-02-01 05:00:00,1,36,20170201051,5,2
2017-02-01 06:00:00,1,39,20170201061,6,2
2017-02-01 07:00:00,1,40,20170201071,7,2
2017-02-01 08:00:00,1,48,20170201081,8,2
2017-02-01 09:00:00,1,61,20170201091,9,2
2017-02-01 10:00:00,1,71,20170201101,10,2
2017-02-01 11:00:00,1,72,20170201111,11,2
2017-02-01 12:00:00,1,76,20170201121,12,2
2017-02-01 13:00:00,1,69,20170201131,13,2
2017-02-01 14:00:00,1,77,20170201141,14,2
2017-02-01 15:00:00,1,76,20170201151,15,2
2017-02-01 16:00:00,1,76,20170201161,16,2
2017-02-01 17:00:00,1,76,20170201171,17,2
2017-02-01 18:00:00,1,78,20170201181,18,2
2017-02-01 19:00:00,1,83,20170201191,19,2
2017-02-01 20:00:00,1,85,20170201201,20,2
2017-02-01 21:00:00,1,100,20170201211,21,2
2017-02-01 22:00:00,1,91,20170201221,22,2
2017-02-01 23:00:00,1,82,20170201231,23,2
2017-02-02 00:00:00,1,74,20170202001,0,3
2017-02-02 01:00:00,1,64,20170202011,1,3
2017-02-02 02:00:00,1,59,20170202021,2,3
2017-02-02 03:00:00,1,48,20170202031,3,3
2017-02-02 04:00:00,1,44,20170202041,4,3
2017-02-02 05:00:00,1,43,20170202051,5,3
2017-02-02 06:00:00,1,43,20170202061,6,3
2017-02-02 07:00:00,1,51,20170202071,7,3
2017-02-02 08:00:00,1,53,20170202081,8,3
2017-02-02 09:00:00,1,59,20170202091,9,3
2017-02-02 10:00:00,1,74,20170202101,10,3
2017-02-02 11:00:00,1,100,20170202111,11,3
2017-02-02 12:00:00,1,103,20170202121,12,3
2017-02-02 13:00:00,1,88,20170202131,13,3
2017-02-02 14:00:00,1,89,20170202141,14,3
2017-02-02 15:00:00,1,90,20170202151,15,3
2017-02-02 16:00:00,1,84,20170202161,16,3
2017-02-02 17:00:00,1,85,20170202171,17,3
2017-02-02 18:00:00,1,94,20170202181,18,3
2017-02-02 19:00:00,1,93,20170202191,19,3
2017-02-02 20:00:00,1,91,20170202201,20,3
2017-02-02 21:00:00,1,88,20170202211,21,3
2017-02-02 22:00:00,1,90,20170202221,22,3
2017-02-02 23:00:00,1,83,20170202231,23,3
2017-02-03 00:00:00,1,73,20170203001,0,4
2017-02-03 01:00:00,1,61,20170203011,1,4
2017-02-03 02:00:00,1,56,20170203021,2,4
2017-02-03 03:00:00,1,50,20170203031,3,4
2017-02-03 04:00:00,1,45,20170203041,4,4
2017-02-03 05:00:00,1,38,20170203051,5,4
2017-02-03 06:00:00,1,39,20170203061,6,4
2017-02-03 07:00:00,1,43,20170203071,7,4
2017-02-03 08:00:00,1,55,20170203081,8,4
2017-02-03 09:00:00,1,64,20170203091,9,4
2017-02-03 10:00:00,1,74,20170203101,10,4
2017-02-03 11:00:00,1,77,20170203111,11,4
2017-02-03 12:00:00,1,79,20170203121,12,4
2017-02-03 13:00:00,1,70,20170203131,13,4
2017-02-03 14:00:00,1,75,20170203141,14,4
2017-02-03 15:00:00,1,77,20170203151,15,4
2017-02-03 16:00:00,1,73,20170203161,16,4
2017-02-03 17:00:00,1,71,20170203171,17,4
2017-02-03 18:00:00,1,72,20170203181,18,4
2017-02-03 19:00:00,1,79,20170203191,19,4
2017-02-03 20:00:00,1,77,20170203201,20,4
2017-02-03 21:00:00,1,77,20170203211,21,4
2017-02-03 22:00:00,1,74,20170203221,22,4
2017-02-03 23:00:00,1,73,20170203231,23,4
2017-02-04 00:00:00,1,64,20170204001,0,5
2017-02-04 01:00:00,1,55,20170204011,1,5
2017-02-04 02:00:00,1,51,20170204021,2,5
2017-02-04 03:00:00,1,41,20170204031,3,5
2017-02-04 04:00:00,1,35,20170204041,4,5
2017-02-04 05:00:00,1,32,20170204051,5,5
2017-02-04 06:00:00,1,33,20170204061,6,5
2017-02-04 07:00:00,1,35,20170204071,7,5
2017-02-04 08:00:00,1,39,20170204081,8,5
2017-02-04 09:00:00,1,43,20170204091,9,5
2017-02-04 10:00:00,1,47,20170204101,10,5
2017-02-04 11:00:00,1,51,20170204111,11,5
2017-02-04 12:00:00,1,52,20170204121,12,5
2017-02-04 13:00:00,1,48,20170204131,13,5
2017-02-04 14:00:00,1,44,20170204141,14,5
2017-02-04 15:00:00,1,44,20170204151,15,5
2017-02-04 16:00:00,1,51,20170204161,16,5
2017-02-04 17:00:00,1,47,20170204171,17,5
2017-02-04 18:00:00,1,50,20170204181,18,5
2017-02-04 19:00:00,1,59,20170204191,19,5
2017-02-04 20:00:00,1,62,20170204201,20,5
2017-02-04 21:00:00,1,64,20170204211,21,5
2017-02-04 22:00:00,1,62,20170204221,22,5
2017-02-04 23:00:00,1,59,20170204231,23,5
2017-02-05 00:00:00,1,50,20170205001,0,6
2017-02-05 01:00:00,1,41,20170205011,1,6
2017-02-05 02:00:00,1,35,20170205021,2,6
2017-02-05 03:00:00,1,33,20170205031,3,6
2017-02-05 04:00:00,1,33,20170205041,4,6
2017-02-05 05:00:00,1,31,20170205051,5,6
2017-02-05 06:00:00,1,29,20170205061,6,6
2017-02-05 07:00:00,1,33,20170205071,7,6
2017-02-05 08:00:00,1,34,20170205081,8,6
2017-02-05 09:00:00,1,44,20170205091,9,6
2017-02-05 10:00:00,1,45,20170205101,10,6
2017-02-05 11:00:00,1,43,20170205111,11,6
2017-02-05 12:00:00,1,44,20170205121,12,6
2017-02-05 13:00:00,1,46,20170205131,13,6
2017-02-05 14:00:00,1,43,20170205141,14,6
2017-02-05 15:00:00,1,46,20170205151,15,6
2017-02-05 16:00:00,1,44,20170205161,16,6
2017-02-05 17:00:00,1,44,20170205171,17,6
2017-02-05 18:00:00,1,53,20170205181,18,6
2017-02-05 19:00:00,1,58,20170205191,19,6
2017-02-05 20:00:00,1,56,20170205201,20,6
2017-02-05 21:00:00,1,63,20170205211,21,6
2017-02-05 22:00:00,1,59,20170205221,22,6
2017-02-05 23:00:00,1,61,20170205231,23,6
2017-02-06 00:00:00,1,52,20170206001,0,0
2017-02-06 01:00:00,1,43,20170206011,1,0
2017-02-06 02:00:00,1,41,20170206021,2,0
2017-02-06 03:00:00,1,41,20170206031,3,0
2017-02-06 04:00:00,1,33,20170206041,4,0
2017-02-06 05:00:00,1,33,20170206051,5,0
2017-02-06 06:00:00,1,33,20170206061,6,0
2017-02-06 07:00:00,1,44,20170206071,7,0
2017-02-06 08:00:00,1,45,20170206081,8,0
2017-02-06 09:00:00,1,56,20170206091,9,0
2017-02-06 10:00:00,1,89,20170206101,10,0
2017-02-06 11:00:00,1,93,20170206111,11,0
2017-02-06 12:00:00,1,95,20170206121,12,0
2017-02-06 13:00:00,1,82,20170206131,13,0
2017-02-06 14:00:00,1,95,20170206141,14,0
2017-02-06 15:00:00,1,93,20170206151,15,0
2017-02-06 16:00:00,1,89,20170206161,16,0
2017-02-06 17:00:00,1,82,20170206171,17,0
2017-02-06 18:00:00,1,89,20170206181,18,0
2017-02-06 19:00:00,1,93,20170206191,19,0
2017-02-06 20:00:00,1,97,20170206201,20,0
2017-02-06 21:00:00,1,91,20170206211,21,0
2017-02-06 22:00:00,1,89,20170206221,22,0
2017-02-06 23:00:00,1,81,20170206231,23,0
2017-02-07 00:00:00,1,72,20170207001,0,1
2017-02-07 01:00:00,1,64,20170207011,1,1
2017-02-07 02:00:00,1,56,20170207021,2,1
2017-02-07 03:00:00,1,52,20170207031,3,1
2017-02-07 04:00:00,1,45,20170207041,4,1
2017-02-07 05:00:00,1,39,20170207051,5,1
2017-02-07 06:00:00,1,44,20170207061,6,1
2017-02-07 07:00:00,1,48,20170207071,7,1
2017-02-07 08:00:00,1,55,20170207081,8,1
2017-02-07 09:00:00,1,60,20170207091,9,1
2017-02-07 10:00:00,1,73,20170207101,10,1
2017-02-07 11:00:00,1,84,20170207111,11,1
2017-02-07 12:00:00,1,79,20170207121,12,1
2017-02-07 13:00:00,1,72,20170207131,13,1
2017-02-07 14:00:00,1,88,20170207141,14,1
2017-02-07 15:00:00,1,89,20170207151,15,1
2017-02-07 16:00:00,1,79,20170207161,16,1
2017-02-07 17:00:00,1,77,20170207171,17,1
2017-02-07 18:00:00,1,83,20170207181,18,1
2017-02-07 19:00:00,1,90,20170207191,19,1
2017-02-07 20:00:00,1,84,20170207201,20,1
2017-02-07 21:00:00,1,79,20170207211,21,1
2017-02-07 22:00:00,1,78,20170207221,22,1
2017-02-07 23:00:00,1,71,20170207231,23,1
2017-02-08 00:00:00,1,70,20170208001,0,2
2017-02-08 01:00:00,1,58,20170208011,1,2
2017-02-08 02:00:00,1,50,20170208021,2,2
2017-02-08 03:00:00,1,49,20170208031,3,2
2017-02-08 04:00:00,1,44,20170208041,4,2
2017-02-08 05:00:00,1,34,20170208051,5,2
2017-02-08 06:00:00,1,39,20170208061,6,2
2017-02-08 07:00:00,1,47,20170208071,7,2
2017-02-08 08:00:00,1,51,20170208081,8,2
2017-02-08 09:00:00,1,59,20170208091,9,2
2017-02-08 10:00:00,1,77,20170208101,10,2
2017-02-08 11:00:00,1,81,20170208111,11,2
2017-02-08 12:00:00,1,78,20170208121,12,2
2017-02-08 13:00:00,1,77,20170208131,13,2
2017-02-08 14:00:00,1,84,20170208141,14,2
2017-02-08 15:00:00,1,80,20170208151,15,2
2017-02-08 16:00:00,1,78,20170208161,16,2
2017-02-08 17:00:00,1,72,20170208171,17,2
2017-02-08 18:00:00,1,77,20170208181,18,2
2017-02-08 19:00:00,1,80,20170208191,19,2
2017-02-08 20:00:00,1,83,20170208201,20,2
2017-02-08 21:00:00,1,82,20170208211,21,2
2017-02-08 22:00:00,1,81,20170208221,22,2
2017-02-08 23:00:00,1,74,20170208231,23,2
2017-02-09 00:00:00,1,63,20170209001,0,3
2017-02-09 01:00:00,1,57,20170209011,1,3
2017-02-09 02:00:00,1,53,20170209021,2,3
2017-02-09 03:00:00,1,49,20170209031,3,3
2017-02-09 04:00:00,1,40,20170209041,4,3
2017-02-09 05:00:00,1,35,20170209051,5,3
2017-02-09 06:00:00,1,40,20170209061,6,3
2017-02-09 07:00:00,1,45,20170209071,7,3
2017-02-09 08:00:00,1,50,20170209081,8,3
2017-02-09 09:00:00,1,57,20170209091,9,3
2017-02-09 10:00:00,1,76,20170209101,10,3
2017-02-09 11:00:00,1,105,20170209111,11,3
2017-02-09 12:00:00,1,93,20170209121,12,3
2017-02-09 13:00:00,1,81,20170209131,13,3
2017-02-09 14:00:00,1,90,20170209141,14,3
2017-02-09 15:00:00,1,86,20170209151,15,3
2017-02-09 16:00:00,1,81,20170209161,16,3
2017-02-09 17:00:00,1,77,20170209171,17,3
2017-02-09 18:00:00,1,87,20170209181,18,3
2017-02-09 19:00:00,1,95,20170209191,19,3
2017-02-09 20:00:00,1,94,20170209201,20,3
2017-02-09 21:00:00,1,92,20170209211,21,3
2017-02-09 22:00:00,1,88,20170209221,22,3
2017-02-09 23:00:00,1,74,20170209231,23,3
2017-02-10 00:00:00,1,74,20170210001,0,4
2017-02-10 01:00:00,1,63,20170210011,1,4
2017-02-10 02:00:00,1,53,20170210021,2,4
2017-02-10 03:00:00,1,50,20170210031,3,4
2017-02-10 04:00:00,1,44,20170210041,4,4
2017-02-10 05:00:00,1,40,20170210051,5,4
2017-02-10 06:00:00,1,44,20170210061,6,4
2017-02-10 07:00:00,1,46,20170210071,7,4
2017-02-10 08:00:00,1,51,20170210081,8,4
2017-02-10 09:00:00,1,64,20170210091,9,4
2017-02-10 10:00:00,1,76,20170210101,10,4
2017-02-10 11:00:00,1,85,20170210111,11,4
2017-02-10 12:00:00,1,80,20170210121,12,4
2017-02-10 13:00:00,1,71,20170210131,13,4
2017-02-10 14:00:00,1,79,20170210141,14,4
2017-02-10 15:00:00,1,79,20170210151,15,4
2017-02-10 16:00:00,1,73,20170210161,16,4
2017-02-10 17:00:00,1,68,20170210171,17,4
2017-02-10 18:00:00,1,68,20170210181,18,4
2017-02-10 19:00:00,1,77,20170210191,19,4
2017-02-10 20:00:00,1,78,20170210201,20,4
2017-02-10 21:00:00,1,81,20170210211,21,4
2017-02-10 22:00:00,1,80,20170210221,22,4
2017-02-10 23:00:00,1,70,20170210231,23,4
2017-02-11 00:00:00,1,64,20170211001,0,5
2017-02-11 01:00:00,1,56,20170211011,1,5
2017-02-11 02:00:00,1,47,20170211021,2,5
2017-02-11 03:00:00,1,42,20170211031,3,5
2017-02-11 04:00:00,1,35,20170211041,4,5
2017-02-11 05:00:00,1,31,20170211051,5,5
2017-02-11 06:00:00,1,29,20170211061,6,5
2017-02-11 07:00:00,1,32,20170211071,7,5
2017-02-11 08:00:00,1,30,20170211081,8,5
2017-02-11 09:00:00,1,41,20170211091,9,5
2017-02-11 10:00:00,1,44,20170211101,10,5
2017-02-11 11:00:00,1,46,20170211111,11,5
2017-02-11 12:00:00,1,44,20170211121,12,5
2017-02-11 13:00:00,1,41,20170211131,13,5
2017-02-11 14:00:00,1,40,20170211141,14,5
2017-02-11 15:00:00,1,45,20170211151,15,5
2017-02-11 16:00:00,1,41,20170211161,16,5
2017-02-11 17:00:00,1,43,20170211171,17,5
2017-02-11 18:00:00,1,45,20170211181,18,5
2017-02-11 19:00:00,1,54,20170211191,19,5
2017-02-11 20:00:00,1,56,20170211201,20,5
2017-02-11 21:00:00,1,57,20170211211,21,5
2017-02-11 22:00:00,1,56,20170211221,22,5
2017-02-11 23:00:00,1,52,20170211231,23,5
2017-02-12 00:00:00,1,43,20170212001,0,6
2017-02-12 01:00:00,1,37,20170212011,1,6
2017-02-12 02:00:00,1,37,20170212021,2,6
2017-02-12 03:00:00,1,32,20170212031,3,6
2017-02-12 04:00:00,1,31,20170212041,4,6
2017-02-12 05:00:00,1,26,20170212051,5,6
2017-02-12 06:00:00,1,26,20170212061,6,6
2017-02-12 07:00:00,1,27,20170212071,7,6
2017-02-12 08:00:00,1,31,20170212081,8,6
2017-02-12 09:00:00,1,40,20170212091,9,6
2017-02-12 10:00:00,1,41,20170212101,10,6
2017-02-12 11:00:00,1,48,20170212111,11,6
2017-02-12 12:00:00,1,44,20170212121,12,6
2017-02-12 13:00:00,1,41,20170212131,13,6
2017-02-12 14:00:00,1,42,20170212141,14,6
2017-02-12 15:00:00,1,44,20170212151,15,6
2017-02-12 16:00:00,1,44,20170212161,16,6
2017-02-12 17:00:00,1,47,20170212171,17,6
2017-02-12 18:00:00,1,50,20170212181,18,6
2017-02-12 19:00:00,1,57,20170212191,19,6
2017-02-12 20:00:00,1,55,20170212201,20,6
2017-02-12 21:00:00,1,59,20170212211,21,6
2017-02-12 22:00:00,1,62,20170212221,22,6
2017-02-12 23:00:00,1,58,20170212231,23,6
2017-02-13 00:00:00,1,51,20170213001,0,0
2017-02-13 01:00:00,1,47,20170213011,1,0
2017-02-13 02:00:00,1,41,20170213021,2,0
2017-02-13 03:00:00,1,40,20170213031,3,0
2017-02-13 04:00:00,1,37,20170213041,4,0
2017-02-13 05:00:00,1,37,20170213051,5,0
2017-02-13 06:00:00,1,40,20170213061,6,0
2017-02-13 07:00:00,1,47,20170213071,7,0
2017-02-13 08:00:00,1,46,20170213081,8,0
2017-02-13 09:00:00,1,57,20170213091,9,0
2017-02-13 10:00:00,1,85,20170213101,10,0
2017-02-13 11:00:00,1,96,20170213111,11,0
2017-02-13 12:00:00,1,88,20170213121,12,0
2017-02-13 13:00:00,1,80,20170213131,13,0
2017-02-13 14:00:00,1,143,20170213141,14,0
2017-02-13 15:00:00,1,134,20170213151,15,0
2017-02-13 16:00:00,1,134,20170213161,16,0
2017-02-13 17:00:00,1,135,20170213171,17,0
2017-02-13 18:00:00,1,141,20170213181,18,0
2017-02-13 19:00:00,1,156,20170213191,19,0
2017-02-13 20:00:00,1,110,20170213201,20,0
2017-02-13 21:00:00,1,96,20170213211,21,0
2017-02-13 22:00:00,1,85,20170213221,22,0
2017-02-13 23:00:00,1,76,20170213231,23,0
2017-02-14 00:00:00,1,67,20170214001,0,1
2017-02-14 01:00:00,1,59,20170214011,1,1
2017-02-14 02:00:00,1,53,20170214021,2,1
2017-02-14 03:00:00,1,48,20170214031,3,1
2017-02-14 04:00:00,1,41,20170214041,4,1
2017-02-14 05:00:00,1,39,20170214051,5,1
2017-02-14 06:00:00,1,35,20170214061,6,1
2017-02-14 07:00:00,1,44,20170214071,7,1
2017-02-14 08:00:00,1,46,20170214081,8,1
2017-02-14 09:00:00,1,55,20170214091,9,1
2017-02-14 10:00:00,1,71,20170214101,10,1
2017-02-14 11:00:00,1,76,20170214111,11,1
2017-02-14 12:00:00,1,76,20170214121,12,1
2017-02-14 13:00:00,1,67,20170214131,13,1
2017-02-14 14:00:00,1,80,20170214141,14,1
2017-02-14 15:00:00,1,79,20170214151,15,1
2017-02-14 16:00:00,1,75,20170214161,16,1
2017-02-14 17:00:00,1,77,20170214171,17,1
2017-02-14 18:00:00,1,73,20170214181,18,1
2017-02-14 19:00:00,1,80,20170214191,19,1
2017-02-14 20:00:00,1,79,20170214201,20,1
2017-02-14 21:00:00,1,73,20170214211,21,1
2017-02-14 22:00:00,1,76,20170214221,22,1
2017-02-14 23:00:00,1,65,20170214231,23,1
2017-02-15 00:00:00,1,68,20170215001,0,2
2017-02-15 01:00:00,1,56,20170215011,1,2
2017-02-15 02:00:00,1,50,20170215021,2,2
2017-02-15 03:00:00,1,47,20170215031,3,2
2017-02-15 04:00:00,1,37,20170215041,4,2
2017-02-15 05:00:00,1,35,20170215051,5,2
2017-02-15 06:00:00,1,34,20170215061,6,2
2017-02-15 07:00:00,1,42,20170215071,7,2
2017-02-15 08:00:00,1,45,20170215081,8,2
2017-02-15 09:00:00,1,54,20170215091,9,2
2017-02-15 10:00:00,1,82,20170215101,10,2
2017-02-15 11:00:00,1,85,20170215111,11,2
2017-02-15 12:00:00,1,86,20170215121,12,2
2017-02-15 13:00:00,1,75,20170215131,13,2
2017-02-15 14:00:00,1,82,20170215141,14,2
2017-02-15 15:00:00,1,85,20170215151,15,2
2017-02-15 16:00:00,1,77,20170215161,16,2
2017-02-15 17:00:00,1,73,20170215171,17,2
2017-02-15 18:00:00,1,79,20170215181,18,2
2017-02-15 19:00:00,1,82,20170215191,19,2
2017-02-15 20:00:00,1,83,20170215201,20,2
2017-02-15 21:00:00,1,83,20170215211,21,2
2017-02-15 22:00:00,1,82,20170215221,22,2
2017-02-15 23:00:00,1,73,20170215231,23,2
2017-02-16 00:00:00,1,69,20170216001,0,3
2017-02-16 01:00:00,1,55,20170216011,1,3
2017-02-16 02:00:00,1,53,20170216021,2,3
2017-02-16 03:00:00,1,47,20170216031,3,3
2017-02-16 04:00:00,1,38,20170216041,4,3
2017-02-16 05:00:00,1,39,20170216051,5,3
2017-02-16 06:00:00,1,42,20170216061,6,3
2017-02-16 07:00:00,1,46,20170216071,7,3
2017-02-16 08:00:00,1,48,20170216081,8,3
2017-02-16 09:00:00,1,57,20170216091,9,3
2017-02-16 10:00:00,1,67,20170216101,10,3
2017-02-16 11:00:00,1,81,20170216111,11,3
2017-02-16 12:00:00,1,76,20170216121,12,3
2017-02-16 13:00:00,1,70,20170216131,13,3
2017-02-16 14:00:00,1,79,20170216141,14,3
2017-02-16 15:00:00,1,80,20170216151,15,3
2017-02-16 16:00:00,1,74,20170216161,16,3
2017-02-16 17:00:00,1,69,20170216171,17,3
2017-02-16 18:00:00,1,68,20170216181,18,3
2017-02-16 19:00:00,1,81,20170216191,19,3
2017-02-16 20:00:00,1,84,20170216201,20,3
2017-02-16 21:00:00,1,86,20170216211,21,3
2017-02-16 22:00:00,1,79,20170216221,22,3
2017-02-16 23:00:00,1,73,20170216231,23,3
2017-02-17 00:00:00,1,67,20170217001,0,4
2017-02-17 01:00:00,1,56,20170217011,1,4
2017-02-17 02:00:00,1,51,20170217021,2,4
2017-02-17 03:00:00,1,47,20170217031,3,4
2017-02-17 04:00:00,1,41,20170217041,4,4
2017-02-17 05:00:00,1,32,20170217051,5,4
2017-02-17 06:00:00,1,37,20170217061,6,4
2017-02-17 07:00:00,1,46,20170217071,7,4
2017-02-17 08:00:00,1,42,20170217081,8,4
2017-02-17 09:00:00,1,50,20170217091,9,4
2017-02-17 10:00:00,1,62,20170217101,10,4
2017-02-17 11:00:00,1,72,20170217111,11,4
2017-02-17 12:00:00,1,80,20170217121,12,4
2017-02-17 13:00:00,1,71,20170217131,13,4
2017-02-17 14:00:00,1,72,20170217141,14,4
2017-02-17 15:00:00,1,71,20170217151,15,4
2017-02-17 16:00:00,1,67,20170217161,16,4
2017-02-17 17:00:00,1,67,20170217171,17,4
2017-02-17 18:00:00,1,76,20170217181,18,4
2017-02-17 19:00:00,1,79,20170217191,19,4
2017-02-17 20:00:00,1,82,20170217201,20,4
2017-02-17 21:00:00,1,79,20170217211,21,4
2017-02-17 22:00:00,1,67,20170217221,22,4
2017-02-17 23:00:00,1,67,20170217231,23,4
2017-02-18 00:00:00,1,60,20170218001,0,5
2017-02-18 01:00:00,1,54,20170218011,1,5
2017-02-18 02:00:00,1,47,20170218021,2,5
2017-02-18 03:00:00,1,42,20170218031,3,5
2017-02-18 04:00:00,1,35,20170218041,4,5
2017-02-18 05:00:00,1,33,20170218051,5,5
2017-02-18 06:00:00,1,33,20170218061,6,5
2017-02-18 07:00:00,1,33,20170218071,7,5
2017-02-18 08:00:00,1,42,20170218081,8,5
2017-02-18 09:00:00,1,41,20170218091,9,5
2017-02-18 10:00:00,1,69,20170218101,10,5
2017-02-18 11:00:00,1,64,20170218111,11,5
2017-02-18 12:00:00,1,57,20170218121,12,5
2017-02-18 13:00:00,1,55,20170218131,13,5
2017-02-18 14:00:00,1,53,20170218141,14,5
2017-02-18 15:00:00,1,53,20170218151,15,5
2017-02-18 16:00:00,1,49,20170218161,16,5
2017-02-18 17:00:00,1,54,20170218171,17,5
2017-02-18 18:00:00,1,55,20170218181,18,5
2017-02-18 19:00:00,1,59,20170218191,19,5
2017-02-18 20:00:00,1,63,20170218201,20,5
2017-02-18 21:00:00,1,59,20170218211,21,5
2017-02-18 22:00:00,1,57,20170218221,22,5
2017-02-18 23:00:00,1,59,20170218231,23,5
2017-02-19 00:00:00,1,55,20170219001,0,6
2017-02-19 01:00:00,1,44,20170219011,1,6
2017-02-19 02:00:00,1,36,20170219021,2,6
2017-02-19 03:00:00,1,37,20170219031,3,6
2017-02-19 04:00:00,1,31,20170219041,4,6
2017-02-19 05:00:00,1,29,20170219051,5,6
2017-02-19 06:00:00,1,31,20170219061,6,6
2017-02-19 07:00:00,1,31,20170219071,7,6
2017-02-19 08:00:00,1,35,20170219081,8,6
2017-02-19 09:00:00,1,45,20170219091,9,6
2017-02-19 10:00:00,1,52,20170219101,10,6
2017-02-19 11:00:00,1,46,20170219111,11,6
2017-02-19 12:00:00,1,49,20170219121,12,6
2017-02-19 13:00:00,1,49,20170219131,13,6
2017-02-19 14:00:00,1,44,20170219141,14,6
2017-02-19 15:00:00,1,45,20170219151,15,6
2017-02-19 16:00:00,1,46,20170219161,16,6
2017-02-19 17:00:00,1,50,20170219171,17,6
2017-02-19 18:00:00,1,52,20170219181,18,6
2017-02-19 19:00:00,1,61,20170219191,19,6
2017-02-19 20:00:00,1,57,20170219201,20,6
2017-02-19 21:00:00,1,61,20170219211,21,6
2017-02-19 22:00:00,1,62,20170219221,22,6
2017-02-19 23:00:00,1,59,20170219231,23,6
2017-02-20 00:00:00,1,50,20170220001,0,0
2017-02-20 01:00:00,1,42,20170220011,1,0
2017-02-20 02:00:00,1,46,20170220021,2,0
2017-02-20 03:00:00,1,39,20170220031,3,0
2017-02-20 04:00:00,1,35,20170220041,4,0
2017-02-20 05:00:00,1,36,20170220051,5,0
2017-02-20 06:00:00,1,41,20170220061,6,0
2017-02-20 07:00:00,1,47,20170220071,7,0
2017-02-20 08:00:00,1,46,20170220081,8,0
2017-02-20 09:00:00,1,61,20170220091,9,0
2017-02-20 10:00:00,1,72,20170220101,10,0
2017-02-20 11:00:00,1,84,20170220111,11,0
2017-02-20 12:00:00,1,102,20170220121,12,0
2017-02-20 13:00:00,1,88,20170220131,13,0
2017-02-20 14:00:00,1,99,20170220141,14,0
2017-02-20 15:00:00,1,103,20170220151,15,0
2017-02-20 16:00:00,1,89,20170220161,16,0
2017-02-20 17:00:00,1,86,20170220171,17,0
2017-02-20 18:00:00,1,90,20170220181,18,0
2017-02-20 19:00:00,1,98,20170220191,19,0
2017-02-20 20:00:00,1,95,20170220201,20,0
2017-02-20 21:00:00,1,94,20170220211,21,0
2017-02-20 22:00:00,1,90,20170220221,22,0
2017-02-20 23:00:00,1,81,20170220231,23,0
2017-02-21 00:00:00,1,67,20170221001,0,1
2017-02-21 01:00:00,1,60,20170221011,1,1
2017-02-21 02:00:00,1,52,20170221021,2,1
2017-02-21 03:00:00,1,52,20170221031,3,1
2017-02-21 04:00:00,1,45,20170221041,4,1
2017-02-21 05:00:00,1,42,20170221051,5,1
2017-02-21 06:00:00,1,43,20170221061,6,1
2017-02-21 07:00:00,1,48,20170221071,7,1
2017-02-21 08:00:00,1,54,20170221081,8,1
2017-02-21 09:00:00,1,64,20170221091,9,1
2017-02-21 10:00:00,1,78,20170221101,10,1
2017-02-21 11:00:00,1,93,20170221111,11,1
2017-02-21 12:00:00,1,92,20170221121,12,1
2017-02-21 13:00:00,1,76,20170221131,13,1
2017-02-21 14:00:00,1,91,20170221141,14,1
2017-02-21 15:00:00,1,90,20170221151,15,1
2017-02-21 16:00:00,1,87,20170221161,16,1
2017-02-21 17:00:00,1,83,20170221171,17,1
2017-02-21 18:00:00,1,81,20170221181,18,1
2017-02-21 19:00:00,1,89,20170221191,19,1
2017-02-21 20:00:00,1,90,20170221201,20,1
2017-02-21 21:00:00,1,90,20170221211,21,1
2017-02-21 22:00:00,1,85,20170221221,22,1
2017-02-21 23:00:00,1,81,20170221231,23,1
2017-02-22 00:00:00,1,75,20170222001,0,2
2017-02-22 01:00:00,1,62,20170222011,1,2
2017-02-22 02:00:00,1,56,20170222021,2,2
2017-02-22 03:00:00,1,55,20170222031,3,2
2017-02-22 04:00:00,1,42,20170222041,4,2
2017-02-22 05:00:00,1,38,20170222051,5,2
2017-02-22 06:00:00,1,43,20170222061,6,2
2017-02-22 07:00:00,1,47,20170222071,7,2
2017-02-22 08:00:00,1,50,20170222081,8,2
2017-02-22 09:00:00,1,61,20170222091,9,2
2017-02-22 10:00:00,1,71,20170222101,10,2
2017-02-22 11:00:00,1,80,20170222111,11,2
2017-02-22 12:00:00,1,85,20170222121,12,2
2017-02-22 13:00:00,1,72,20170222131,13,2
2017-02-22 14:00:00,1,86,20170222141,14,2
2017-02-22 15:00:00,1,85,20170222151,15,2
2017-02-22 16:00:00,1,77,20170222161,16,2
2017-02-22 17:00:00,1,72,20170222171,17,2
2017-02-22 18:00:00,1,78,20170222181,18,2
2017-02-22 19:00:00,1,91,20170222191,19,2
2017-02-22 20:00:00,1,88,20170222201,20,2
2017-02-22 21:00:00,1,87,20170222211,21,2
2017-02-22 22:00:00,1,84,20170222221,22,2
2017-02-22 23:00:00,1,77,20170222231,23,2
2017-02-23 00:00:00,1,72,20170223001,0,3
2017-02-23 01:00:00,1,57,20170223011,1,3
2017-02-23 02:00:00,1,51,20170223021,2,3
2017-02-23 03:00:00,1,55,20170223031,3,3
2017-02-23 04:00:00,1,47,20170223041,4,3
2017-02-23 05:00:00,1,41,20170223051,5,3
2017-02-23 06:00:00,1,46,20170223061,6,3
2017-02-23 07:00:00,1,47,20170223071,7,3
2017-02-23 08:00:00,1,52,20170223081,8,3
2017-02-23 09:00:00,1,63,20170223091,9,3
2017-02-23 10:00:00,1,84,20170223101,10,3
2017-02-23 11:00:00,1,84,20170223111,11,3
2017-02-23 12:00:00,1,91,20170223121,12,3
2017-02-23 13:00:00,1,78,20170223131,13,3
2017-02-23 14:00:00,1,132,20170223141,14,3
2017-02-23 15:00:00,1,124,20170223151,15,3
2017-02-23 16:00:00,1,113,20170223161,16,3
2017-02-23 17:00:00,1,109,20170223171,17,3
2017-02-23 18:00:00,1,115,20170223181,18,3
2017-02-23 19:00:00,1,124,20170223191,19,3
2017-02-23 20:00:00,1,94,20170223201,20,3
2017-02-23 21:00:00,1,84,20170223211,21,3
2017-02-23 22:00:00,1,85,20170223221,22,3
2017-02-23 23:00:00,1,73,20170223231,23,3
2017-02-24 00:00:00,1,65,20170224001,0,4
2017-02-24 01:00:00,1,64,20170224011,1,4
2017-02-24 02:00:00,1,60,20170224021,2,4
2017-02-24 03:00:00,1,51,20170224031,3,4
2017-02-24 04:00:00,1,45,20170224041,4,4
2017-02-24 05:00:00,1,43,20170224051,5,4
2017-02-24 06:00:00,1,43,20170224061,6,4
2017-02-24 07:00:00,1,45,20170224071,7,4
2017-02-24 08:00:00,1,46,20170224081,8,4
2017-02-24 09:00:00,1,60,20170224091,9,4
2017-02-24 10:00:00,1,67,20170224101,10,4
2017-02-24 11:00:00,1,75,20170224111,11,4
2017-02-24 12:00:00,1,73,20170224121,12,4
2017-02-24 13:00:00,1,73,20170224131,13,4
2017-02-24 14:00:00,1,74,20170224141,14,4
2017-02-24 15:00:00,1,77,20170224151,15,4
2017-02-24 16:00:00,1,70,20170224161,16,4
2017-02-24 17:00:00,1,70,20170224171,17,4
2017-02-24 18:00:00,1,66,20170224181,18,4
2017-02-24 19:00:00,1,74,20170224191,19,4
2017-02-24 20:00:00,1,78,20170224201,20,4
2017-02-24 21:00:00,1,76,20170224211,21,4
2017-02-24 22:00:00,1,71,20170224221,22,4
2017-02-24 23:00:00,1,68,20170224231,23,4
2017-02-25 00:00:00,1,60,20170225001,0,5
2017-02-25 01:00:00,1,54,20170225011,1,5
2017-02-25 02:00:00,1,46,20170225021,2,5
2017-02-25 03:00:00,1,44,20170225031,3,5
2017-02-25 04:00:00,1,35,20170225041,4,5
2017-02-25 05:00:00,1,30,20170225051,5,5
2017-02-25 06:00:00,1,31,20170225061,6,5
2017-02-25 07:00:00,1,30,20170225071,7,5
2017-02-25 08:00:00,1,36,20170225081,8,5
2017-02-25 09:00:00,1,40,20170225091,9,5
2017-02-25 10:00:00,1,47,20170225101,10,5
2017-02-25 11:00:00,1,51,20170225111,11,5
2017-02-25 12:00:00,1,50,20170225121,12,5
2017-02-25 13:00:00,1,45,20170225131,13,5
2017-02-25 14:00:00,1,46,20170225141,14,5
2017-02-25 15:00:00,1,52,20170225151,15,5
2017-02-25 16:00:00,1,49,20170225161,16,5
2017-02-25 17:00:00,1,48,20170225171,17,5
2017-02-25 18:00:00,1,55,20170225181,18,5
2017-02-25 19:00:00,1,57,20170225191,19,5
2017-02-25 20:00:00,1,60,20170225201,20,5
2017-02-25 21:00:00,1,60,20170225211,21,5
2017-02-25 22:00:00,1,60,20170225221,22,5
2017-02-25 23:00:00,1,56,20170225231,23,5
2017-02-26 00:00:00,1,52,20170226001,0,6
2017-02-26 01:00:00,1,42,20170226011,1,6
2017-02-26 02:00:00,1,36,20170226021,2,6
2017-02-26 03:00:00,1,37,20170226031,3,6
2017-02-26 04:00:00,1,33,20170226041,4,6
2017-02-26 05:00:00,1,31,20170226051,5,6
2017-02-26 06:00:00,1,27,20170226061,6,6
2017-02-26 07:00:00,1,33,20170226071,7,6
2017-02-26 08:00:00,1,36,20170226081,8,6
2017-02-26 09:00:00,1,39,20170226091,9,6
2017-02-26 10:00:00,1,49,20170226101,10,6
2017-02-26 11:00:00,1,49,20170226111,11,6
2017-02-26 12:00:00,1,50,20170226121,12,6
2017-02-26 13:00:00,1,50,20170226131,13,6
2017-02-26 14:00:00,1,48,20170226141,14,6
2017-02-26 15:00:00,1,50,20170226151,15,6
2017-02-26 16:00:00,1,51,20170226161,16,6
2017-02-26 17:00:00,1,44,20170226171,17,6
2017-02-26 18:00:00,1,51,20170226181,18,6
2017-02-26 19:00:00,1,57,20170226191,19,6
2017-02-26 20:00:00,1,60,20170226201,20,6
2017-02-26 21:00:00,1,63,20170226211,21,6
2017-02-26 22:00:00,1,58,20170226221,22,6
2017-02-26 23:00:00,1,56,20170226231,23,6
2017-02-27 00:00:00,1,56,20170227001,0,0
2017-02-27 01:00:00,1,45,20170227011,1,0
2017-02-27 02:00:00,1,38,20170227021,2,0
2017-02-27 03:00:00,1,36,20170227031,3,0
2017-02-27 04:00:00,1,38,20170227041,4,0
2017-02-27 05:00:00,1,35,20170227051,5,0
2017-02-27 06:00:00,1,40,20170227061,6,0
2017-02-27 07:00:00,1,44,20170227071,7,0
2017-02-27 08:00:00,1,49,20170227081,8,0
2017-02-27 09:00:00,1,59,20170227091,9,0
2017-02-27 10:00:00,1,72,20170227101,10,0
2017-02-27 11:00:00,1,75,20170227111,11,0
2017-02-27 12:00:00,1,81,20170227121,12,0
2017-02-27 13:00:00,1,77,20170227131,13,0
2017-02-27 14:00:00,1,81,20170227141,14,0
2017-02-27 15:00:00,1,80,20170227151,15,0
2017-02-27 16:00:00,1,78,20170227161,16,0
2017-02-27 17:00:00,1,74,20170227171,17,0
2017-02-27 18:00:00,1,76,20170227181,18,0
2017-02-27 19:00:00,1,80,20170227191,19,0
2017-02-27 20:00:00,1,85,20170227201,20,0
2017-02-27 21:00:00,1,85,20170227211,21,0
2017-02-27 22:00:00,1,82,20170227221,22,0
2017-02-27 23:00:00,1,75,20170227231,23,0
2017-02-28 00:00:00,1,69,20170228001,0,1
2017-02-28 01:00:00,1,60,20170228011,1,1
2017-02-28 02:00:00,1,54,20170228021,2,1
2017-02-28 03:00:00,1,50,20170228031,3,1
2017-02-28 04:00:00,1,41,20170228041,4,1
2017-02-28 05:00:00,1,39,20170228051,5,1
2017-02-28 06:00:00,1,41,20170228061,6,1
2017-02-28 07:00:00,1,48,20170228071,7,1
2017-02-28 08:00:00,1,49,20170228081,8,1
2017-02-28 09:00:00,1,57,20170228091,9,1
2017-02-28 10:00:00,1,101,20170228101,10,1
2017-02-28 11:00:00,1,94,20170228111,11,1
2017-02-28 12:00:00,1,87,20170228121,12,1
2017-02-28 13:00:00,1,81,20170228131,13,1
2017-02-28 14:00:00,1,84,20170228141,14,1
2017-02-28 15:00:00,1,86,20170228151,15,1
2017-02-28 16:00:00,1,84,20170228161,16,1
2017-02-28 17:00:00,1,79,20170228171,17,1
2017-02-28 18:00:00,1,82,20170228181,18,1
2017-02-28 19:00:00,1,88,20170228191,19,1
2017-02-28 20:00:00,1,84,20170228201,20,1
2017-02-28 21:00:00,1,87,20170228211,21,1
2017-02-28 22:00:00,1,82,20170228221,22,1
2017-02-28 23:00:00,1,81,20170228231,23,1
2017-03-01 00:00:00,1,75,20170301001,0,2
2017-03-01 01:00:00,1,57,20170301011,1,2
2017-03-01 02:00:00,1,58,20170301021,2,2
2017-03-01 03:00:00,1,50,20170301031,3,2
2017-03-01 04:00:00,1,42,20170301041,4,2
2017-03-01 05:00:00,1,39,20170301051,5,2
2017-03-01 06:00:00,1,43,20170301061,6,2
2017-03-01 07:00:00,1,43,20170301071,7,2
2017-03-01 08:00:00,1,50,20170301081,8,2
2017-03-01 09:00:00,1,60,20170301091,9,2
2017-03-01 10:00:00,1,74,20170301101,10,2
2017-03-01 11:00:00,1,84,20170301111,11,2
2017-03-01 12:00:00,1,87,20170301121,12,2
2017-03-01 13:00:00,1,78,20170301131,13,2
2017-03-01 14:00:00,1,82,20170301141,14,2
2017-03-01 15:00:00,1,85,20170301151,15,2
2017-03-01 16:00:00,1,81,20170301161,16,2
2017-03-01 17:00:00,1,73,20170301171,17,2
2017-03-01 18:00:00,1,78,20170301181,18,2
2017-03-01 19:00:00,1,87,20170301191,19,2
2017-03-01 20:00:00,1,98,20170301201,20,2
2017-03-01 21:00:00,1,88,20170301211,21,2
2017-03-01 22:00:00,1,80,20170301221,22,2
2017-03-01 23:00:00,1,78,20170301231,23,2
2017-03-02 00:00:00,1,70,20170302001,0,3
2017-03-02 01:00:00,1,54,20170302011,1,3
2017-03-02 02:00:00,1,50,20170302021,2,3
2017-03-02 03:00:00,1,47,20170302031,3,3
2017-03-02 04:00:00,1,43,20170302041,4,3
2017-03-02 05:00:00,1,39,20170302051,5,3
2017-03-02 06:00:00,1,45,20170302061,6,3
2017-03-02 07:00:00,1,51,20170302071,7,3
2017-03-02 08:00:00,1,53,20170302081,8,3
2017-03-02 09:00:00,1,59,20170302091,9,3
2017-03-02 10:00:00,1,69,20170302101,10,3
2017-03-02 11:00:00,1,82,20170302111,11,3
2017-03-02 12:00:00,1,82,20170302121,12,3
2017-03-02 13:00:00,1,72,20170302131,13,3
2017-03-02 14:00:00,1,75,20170302141,14,3
2017-03-02 15:00:00,1,78,20170302151,15,3
2017-03-02 16:00:00,1,75,20170302161,16,3
2017-03-02 17:00:00,1,73,20170302171,17,3
2017-03-02 18:00:00,1,75,20170302181,18,3
2017-03-02 19:00:00,1,89,20170302191,19,3
2017-03-02 20:00:00,1,86,20170302201,20,3
2017-03-02 21:00:00,1,80,20170302211,21,3
2017-03-02 22:00:00,1,79,20170302221,22,3
2017-03-02 23:00:00,1,74,20170302231,23,3
2017-03-03 00:00:00,1,67,20170303001,0,4
2017-03-03 01:00:00,1,56,20170303011,1,4
2017-03-03 02:00:00,1,52,20170303021,2,4
2017-03-03 03:00:00,1,49,20170303031,3,4
2017-03-03 04:00:00,1,42,20170303041,4,4
2017-03-03 05:00:00,1,34,20170303051,5,4
2017-03-03 06:00:00,1,40,20170303061,6,4
2017-03-03 07:00:00,1,48,20170303071,7,4
2017-03-03 08:00:00,1,48,20170303081,8,4
2017-03-03 09:00:00,1,54,20170303091,9,4
2017-03-03 10:00:00,1,82,20170303101,10,4
2017-03-03 11:00:00,1,86,20170303111,11,4
2017-03-03 12:00:00,1,85,20170303121,12,4
2017-03-03 13:00:00,1,73,20170303131,13,4
2017-03-03 14:00:00,1,80,20170303141,14,4
2017-03-03 15:00:00,1,80,20170303151,15,4
2017-03-03 16:00:00,1,78,20170303161,16,4
2017-03-03 17:00:00,1,70,20170303171,17,4
2017-03-03 18:00:00,1,74,20170303181,18,4
2017-03-03 19:00:00,1,81,20170303191,19,4
2017-03-03 20:00:00,1,81,20170303201,20,4
2017-03-03 21:00:00,1,82,20170303211,21,4
2017-03-03 22:00:00,1,72,20170303221,22,4
2017-03-03 23:00:00,1,66,20170303231,23,4
2017-03-04 00:00:00,1,63,20170304001,0,5
2017-03-04 01:00:00,1,54,20170304011,1,5
2017-03-04 02:00:00,1,48,20170304021,2,5
2017-03-04 03:00:00,1,40,20170304031,3,5
2017-03-04 04:00:00,1,36,20170304041,4,5
2017-03-04 05:00:00,1,33,20170304051,5,5
2017-03-04 06:00:00,1,31,20170304061,6,5
2017-03-04 07:00:00,1,30,20170304071,7,5
2017-03-04 08:00:00,1,38,20170304081,8,5
2017-03-04 09:00:00,1,42,20170304091,9,5
2017-03-04 10:00:00,1,46,20170304101,10,5
2017-03-04 11:00:00,1,49,20170304111,11,5
2017-03-04 12:00:00,1,48,20170304121,12,5
2017-03-04 13:00:00,1,45,20170304131,13,5
2017-03-04 14:00:00,1,46,20170304141,14,5
2017-03-04 15:00:00,1,46,20170304151,15,5
2017-03-04 16:00:00,1,43,20170304161,16,5
2017-03-04 17:00:00,1,42,20170304171,17,5
2017-03-04 18:00:00,1,50,20170304181,18,5
2017-03-04 19:00:00,1,54,20170304191,19,5
2017-03-04 20:00:00,1,57,20170304201,20,5
2017-03-04 21:00:00,1,62,20170304211,21,5
2017-03-04 22:00:00,1,56,20170304221,22,5
2017-03-04 23:00:00,1,49,20170304231,23,5
2017-03-05 00:00:00,1,49,20170305001,0,6
2017-03-05 01:00:00,1,44,20170305011,1,6
2017-03-05 02:00:00,1,36,20170305021,2,6
2017-03-05 03:00:00,1,34,20170305031,3,6
2017-03-05 04:00:00,1,28,20170305041,4,6
2017-03-05 05:00:00,1,29,20170305051,5,6
2017-03-05 06:00:00,1,29,20170305061,6,6
2017-03-05 07:00:00,1,31,20170305071,7,6
2017-03-05 08:00:00,1,35,20170305081,8,6
2017-03-05 09:00:00,1,39,20170305091,9,6
2017-03-05 10:00:00,1,41,20170305101,10,6
2017-03-05 11:00:00,1,50,20170305111,11,6
2017-03-05 12:00:00,1,49,20170305121,12,6
2017-03-05 13:00:00,1,45,20170305131,13,6
2017-03-05 14:00:00,1,48,20170305141,14,6
2017-03-05 15:00:00,1,42,20170305151,15,6
2017-03-05 16:00:00,1,46,20170305161,16,6
2017-03-05 17:00:00,1,48,20170305171,17,6
2017-03-05 18:00:00,1,51,20170305181,18,6
2017-03-05 19:00:00,1,62,20170305191,19,6
2017-03-05 20:00:00,1,60,20170305201,20,6
2017-03-05 21:00:00,1,66,20170305211,21,6
2017-03-05 22:00:00,1,66,20170305221,22,6
2017-03-05 23:00:00,1,62,20170305231,23,6
2017-03-06 00:00:00,1,54,20170306001,0,0
2017-03-06 01:00:00,1,45,20170306011,1,0
2017-03-06 02:00:00,1,43,20170306021,2,0
2017-03-06 03:00:00,1,41,20170306031,3,0
2017-03-06 04:00:00,1,35,20170306041,4,0
2017-03-06 05:00:00,1,32,20170306051,5,0
2017-03-06 06:00:00,1,38,20170306061,6,0
2017-03-06 07:00:00,1,45,20170306071,7,0
2017-03-06 08:00:00,1,52,20170306081,8,0
2017-03-06 09:00:00,1,59,20170306091,9,0
2017-03-06 10:00:00,1,68,20170306101,10,0
2017-03-06 11:00:00,1,78,20170306111,11,0
2017-03-06 12:00:00,1,80,20170306121,12,0
2017-03-06 13:00:00,1,76,20170306131,13,0
2017-03-06 14:00:00,1,84,20170306141,14,0
2017-03-06 15:00:00,1,83,20170306151,15,0
2017-03-06 16:00:00,1,75,20170306161,16,0
2017-03-06 17:00:00,1,78,20170306171,17,0
2017-03-06 18:00:00,1,82,20170306181,18,0
2017-03-06 19:00:00,1,90,20170306191,19,0
2017-03-06 20:00:00,1,87,20170306201,20,0
2017-03-06 21:00:00,1,79,20170306211,21,0
2017-03-06 22:00:00,1,81,20170306221,22,0
2017-03-06 23:00:00,1,72,20170306231,23,0
2017-03-07 00:00:00,1,69,20170307001,0,1
2017-03-07 01:00:00,1,55,20170307011,1,1
2017-03-07 02:00:00,1,53,20170307021,2,1
2017-03-07 03:00:00,1,49,20170307031,3,1
2017-03-07 04:00:00,1,43,20170307041,4,1
2017-03-07 05:00:00,1,36,20170307051,5,1
2017-03-07 06:00:00,1,44,20170307061,6,1
2017-03-07 07:00:00,1,44,20170307071,7,1
2017-03-07 08:00:00,1,48,20170307081,8,1
2017-03-07 09:00:00,1,60,20170307091,9,1
2017-03-07 10:00:00,1,72,20170307101,10,1
2017-03-07 11:00:00,1,79,20170307111,11,1
2017-03-07 12:00:00,1,81,20170307121,12,1
2017-03-07 13:00:00,1,78,20170307131,13,1
2017-03-07 14:00:00,1,83,20170307141,14,1
2017-03-07 15:00:00,1,78,20170307151,15,1
2017-03-07 16:00:00,1,80,20170307161,16,1
2017-03-07 17:00:00,1,79,20170307171,17,1
2017-03-07 18:00:00,1,84,20170307181,18,1
2017-03-07 19:00:00,1,80,20170307191,19,1
2017-03-07 20:00:00,1,84,20170307201,20,1
2017-03-07 21:00:00,1,80,20170307211,21,1
2017-03-07 22:00:00,1,80,20170307221,22,1
2017-03-07 23:00:00,1,70,20170307231,23,1
2017-03-08 00:00:00,1,68,20170308001,0,2
2017-03-08 01:00:00,1,61,20170308011,1,2
2017-03-08 02:00:00,1,55,20170308021,2,2
2017-03-08 03:00:00,1,50,20170308031,3,2
2017-03-08 04:00:00,1,41,20170308041,4,2
2017-03-08 05:00:00,1,38,20170308051,5,2
2017-03-08 06:00:00,1,38,20170308061,6,2
2017-03-08 07:00:00,1,44,20170308071,7,2
2017-03-08 08:00:00,1,48,20170308081,8,2
2017-03-08 09:00:00,1,59,20170308091,9,2
2017-03-08 10:00:00,1,51,20170308101,10,2
2017-03-08 11:00:00,1,65,20170308111,11,2
2017-03-08 12:00:00,1,82,20170308121,12,2
2017-03-08 13:00:00,1,70,20170308131,13,2
2017-03-08 14:00:00,1,77,20170308141,14,2
2017-03-08 15:00:00,1,82,20170308151,15,2
2017-03-08 16:00:00,1,75,20170308161,16,2
2017-03-08 17:00:00,1,74,20170308171,17,2
2017-03-08 18:00:00,1,72,20170308181,18,2
2017-03-08 19:00:00,1,75,20170308191,19,2
2017-03-08 20:00:00,1,98,20170308201,20,2
2017-03-08 21:00:00,1,92,20170308211,21,2
2017-03-08 22:00:00,1,87,20170308221,22,2
2017-03-08 23:00:00,1,75,20170308231,23,2
2017-03-09 00:00:00,1,69,20170309001,0,3
2017-03-09 01:00:00,1,59,20170309011,1,3
2017-03-09 02:00:00,1,52,20170309021,2,3
2017-03-09 03:00:00,1,50,20170309031,3,3
2017-03-09 04:00:00,1,40,20170309041,4,3
2017-03-09 05:00:00,1,41,20170309051,5,3
2017-03-09 06:00:00,1,41,20170309061,6,3
2017-03-09 07:00:00,1,46,20170309071,7,3
2017-03-09 08:00:00,1,53,20170309081,8,3
2017-03-09 09:00:00,1,68,20170309091,9,3
2017-03-09 10:00:00,1,80,20170309101,10,3
2017-03-09 11:00:00,1,84,20170309111,11,3
2017-03-09 12:00:00,1,86,20170309121,12,3
2017-03-09 13:00:00,1,73,20170309131,13,3
2017-03-09 14:00:00,1,82,20170309141,14,3
2017-03-09 15:00:00,1,85,20170309151,15,3
2017-03-09 16:00:00,1,83,20170309161,16,3
2017-03-09 17:00:00,1,76,20170309171,17,3
2017-03-09 18:00:00,1,85,20170309181,18,3
2017-03-09 19:00:00,1,93,20170309191,19,3
2017-03-09 20:00:00,1,91,20170309201,20,3
2017-03-09 21:00:00,1,87,20170309211,21,3
2017-03-09 22:00:00,1,89,20170309221,22,3
2017-03-09 23:00:00,1,82,20170309231,23,3
2017-03-10 00:00:00,1,72,20170310001,0,4
2017-03-10 01:00:00,1,60,20170310011,1,4
2017-03-10 02:00:00,1,53,20170310021,2,4
2017-03-10 03:00:00,1,48,20170310031,3,4
2017-03-10 04:00:00,1,41,20170310041,4,4
2017-03-10 05:00:00,1,39,20170310051,5,4
2017-03-10 06:00:00,1,43,20170310061,6,4
2017-03-10 07:00:00,1,46,20170310071,7,4
2017-03-10 08:00:00,1,51,20170310081,8,4
2017-03-10 09:00:00,1,58,20170310091,9,4
2017-03-10 10:00:00,1,70,20170310101,10,4
2017-03-10 11:00:00,1,80,20170310111,11,4
2017-03-10 12:00:00,1,82,20170310121,12,4
2017-03-10 13:00:00,1,68,20170310131,13,4
2017-03-10 14:00:00,1,76,20170310141,14,4
2017-03-10 15:00:00,1,75,20170310151,15,4
2017-03-10 16:00:00,1,72,20170310161,16,4
2017-03-10 17:00:00,1,71,20170310171,17,4
2017-03-10 18:00:00,1,68,20170310181,18,4
2017-03-10 19:00:00,1,75,20170310191,19,4
2017-03-10 20:00:00,1,78,20170310201,20,4
2017-03-10 21:00:00,1,72,20170310211,21,4
2017-03-10 22:00:00,1,73,20170310221,22,4
2017-03-10 23:00:00,1,63,20170310231,23,4
2017-03-11 00:00:00,1,58,20170311001,0,5
2017-03-11 01:00:00,1,52,20170311011,1,5
2017-03-11 02:00:00,1,48,20170311021,2,5
2017-03-11 03:00:00,1,44,20170311031,3,5
2017-03-11 04:00:00,1,37,20170311041,4,5
2017-03-11 05:00:00,1,32,20170311051,5,5
2017-03-11 06:00:00,1,31,20170311061,6,5
2017-03-11 07:00:00,1,34,20170311071,7,5
2017-03-11 08:00:00,1,37,20170311081,8,5
2017-03-11 09:00:00,1,43,20170311091,9,5
2017-03-11 10:00:00,1,44,20170311101,10,5
2017-03-11 11:00:00,1,46,20170311111,11,5
2017-03-11 12:00:00,1,51,20170311121,12,5
2017-03-11 13:00:00,1,43,20170311131,13,5
2017-03-11 14:00:00,1,41,20170311141,14,5
2017-03-11 15:00:00,1,42,20170311151,15,5
2017-03-11 16:00:00,1,40,20170311161,16,5
2017-03-11 17:00:00,1,40,20170311171,17,5
2017-03-11 18:00:00,1,49,20170311181,18,5
2017-03-11 19:00:00,1,56,20170311191,19,5
2017-03-11 20:00:00,1,54,20170311201,20,5
2017-03-11 21:00:00,1,54,20170311211,21,5
2017-03-11 22:00:00,1,53,20170311221,22,5
2017-03-11 23:00:00,1,55,20170311231,23,5
2017-03-12 00:00:00,1,43,20170312001,0,6
2017-03-12 01:00:00,1,40,20170312011,1,6
2017-03-12 02:00:00,1,33,20170312021,2,6
2017-03-12 03:00:00,1,34,20170312031,3,6
2017-03-12 04:00:00,1,32,20170312041,4,6
2017-03-12 05:00:00,1,25,20170312051,5,6
2017-03-12 06:00:00,1,28,20170312061,6,6
2017-03-12 07:00:00,1,28,20170312071,7,6
2017-03-12 08:00:00,1,34,20170312081,8,6
2017-03-12 09:00:00,1,45,20170312091,9,6
2017-03-12 10:00:00,1,53,20170312101,10,6
2017-03-12 11:00:00,1,51,20170312111,11,6
2017-03-12 12:00:00,1,51,20170312121,12,6
2017-03-12 13:00:00,1,50,20170312131,13,6
2017-03-12 14:00:00,1,45,20170312141,14,6
2017-03-12 15:00:00,1,43,20170312151,15,6
2017-03-12 16:00:00,1,43,20170312161,16,6
2017-03-12 17:00:00,1,45,20170312171,17,6
2017-03-12 18:00:00,1,53,20170312181,18,6
2017-03-12 19:00:00,1,55,20170312191,19,6
2017-03-12 20:00:00,1,55,20170312201,20,6
2017-03-12 21:00:00,1,55,20170312211,21,6
2017-03-12 22:00:00,1,55,20170312221,22,6
2017-03-12 23:00:00,1,53,20170312231,23,6
2017-03-13 00:00:00,1,50,20170313001,0,0
2017-03-13 01:00:00,1,44,20170313011,1,0
2017-03-13 02:00:00,1,38,20170313021,2,0
2017-03-13 03:00:00,1,37,20170313031,3,0
2017-03-13 04:00:00,1,35,20170313041,4,0
2017-03-13 05:00:00,1,34,20170313051,5,0
2017-03-13 06:00:00,1,41,20170313061,6,0
2017-03-13 07:00:00,1,44,20170313071,7,0
2017-03-13 08:00:00,1,49,20170313081,8,0
2017-03-13 09:00:00,1,51,20170313091,9,0
2017-03-13 10:00:00,1,57,20170313101,10,0
2017-03-13 11:00:00,1,62,20170313111,11,0
2017-03-13 12:00:00,1,63,20170313121,12,0
2017-03-13 13:00:00,1,67,20170313131,13,0
2017-03-13 14:00:00,1,67,20170313141,14,0
2017-03-13 15:00:00,1,73,20170313151,15,0
2017-03-13 16:00:00,1,65,20170313161,16,0
2017-03-13 17:00:00,1,66,20170313171,17,0
2017-03-13 18:00:00,1,77,20170313181,18,0
2017-03-13 19:00:00,1,89,20170313191,19,0
2017-03-13 20:00:00,1,88,20170313201,20,0
2017-03-13 21:00:00,1,83,20170313211,21,0
2017-03-13 22:00:00,1,79,20170313221,22,0
2017-03-13 23:00:00,1,73,20170313231,23,0
2017-03-14 00:00:00,1,71,20170314001,0,1
2017-03-14 01:00:00,1,56,20170314011,1,1
2017-03-14 02:00:00,1,54,20170314021,2,1
2017-03-14 03:00:00,1,44,20170314031,3,1
2017-03-14 04:00:00,1,40,20170314041,4,1
2017-03-14 05:00:00,1,39,20170314051,5,1
2017-03-14 06:00:00,1,40,20170314061,6,1
2017-03-14 07:00:00,1,40,20170314071,7,1
2017-03-14 08:00:00,1,49,20170314081,8,1
2017-03-14 09:00:00,1,60,20170314091,9,1
2017-03-14 10:00:00,1,86,20170314101,10,1
2017-03-14 11:00:00,1,91,20170314111,11,1
2017-03-14 12:00:00,1,86,20170314121,12,1
2017-03-14 13:00:00,1,86,20170314131,13,1
2017-03-14 14:00:00,1,92,20170314141,14,1
2017-03-14 15:00:00,1,92,20170314151,15,1
2017-03-14 16:00:00,1,86,20170314161,16,1
2017-03-14 17:00:00,1,85,20170314171,17,1
2017-03-14 18:00:00,1,93,20170314181,18,1
2017-03-14 19:00:00,1,98,20170314191,19,1
2017-03-14 20:00:00,1,94,20170314201,20,1
2017-03-14 21:00:00,1,87,20170314211,21,1
2017-03-14 22:00:00,1,91,20170314221,22,1
2017-03-14 23:00:00,1,75,20170314231,23,1
2017-03-15 00:00:00,1,70,20170315001,0,2
2017-03-15 01:00:00,1,59,20170315011,1,2
2017-03-15 02:00:00,1,54,20170315021,2,2
2017-03-15 03:00:00,1,48,20170315031,3,2
2017-03-15 04:00:00,1,45,20170315041,4,2
2017-03-15 05:00:00,1,44,20170315051,5,2
2017-03-15 06:00:00,1,43,20170315061,6,2
2017-03-15 07:00:00,1,50,20170315071,7,2
2017-03-15 08:00:00,1,51,20170315081,8,2
2017-03-15 09:00:00,1,61,20170315091,9,2
2017-03-15 10:00:00,1,72,20170315101,10,2
2017-03-15 11:00:00,1,81,20170315111,11,2
2017-03-15 12:00:00,1,83,20170315121,12,2
2017-03-15 13:00:00,1,76,20170315131,13,2
2017-03-15 14:00:00,1,81,20170315141,14,2
2017-03-15 15:00:00,1,82,20170315151,15,2
2017-03-15 16:00:00,1,85,20170315161,16,2
2017-03-15 17:00:00,1,82,20170315171,17,2
2017-03-15 18:00:00,1,85,20170315181,18,2
2017-03-15 19:00:00,1,92,20170315191,19,2
2017-03-15 20:00:00,1,86,20170315201,20,2
2017-03-15 21:00:00,1,86,20170315211,21,2
2017-03-15 22:00:00,1,83,20170315221,22,2
2017-03-15 23:00:00,1,78,20170315231,23,2
2017-03-16 00:00:00,1,73,20170316001,0,3
2017-03-16 01:00:00,1,61,20170316011,1,3
2017-03-16 02:00:00,1,49,20170316021,2,3
2017-03-16 03:00:00,1,46,20170316031,3,3
2017-03-16 04:00:00,1,45,20170316041,4,3
2017-03-16 05:00:00,1,41,20170316051,5,3
2017-03-16 06:00:00,1,45,20170316061,6,3
2017-03-16 07:00:00,1,51,20170316071,7,3
2017-03-16 08:00:00,1,57,20170316081,8,3
2017-03-16 09:00:00,1,59,20170316091,9,3
2017-03-16 10:00:00,1,72,20170316101,10,3
2017-03-16 11:00:00,1,80,20170316111,11,3
2017-03-16 12:00:00,1,81,20170316121,12,3
2017-03-16 13:00:00,1,73,20170316131,13,3
2017-03-16 14:00:00,1,87,20170316141,14,3
2017-03-16 15:00:00,1,84,20170316151,15,3
2017-03-16 16:00:00,1,73,20170316161,16,3
2017-03-16 17:00:00,1,79,20170316171,17,3
2017-03-16 18:00:00,1,79,20170316181,18,3
2017-03-16 19:00:00,1,89,20170316191,19,3
2017-03-16 20:00:00,1,84,20170316201,20,3
2017-03-16 21:00:00,1,90,20170316211,21,3
2017-03-16 22:00:00,1,83,20170316221,22,3
2017-03-16 23:00:00,1,77,20170316231,23,3
2017-03-17 00:00:00,1,68,20170317001,0,4
2017-03-17 01:00:00,1,56,20170317011,1,4
2017-03-17 02:00:00,1,49,20170317021,2,4
2017-03-17 03:00:00,1,47,20170317031,3,4
2017-03-17 04:00:00,1,42,20170317041,4,4
2017-03-17 05:00:00,1,39,20170317051,5,4
2017-03-17 06:00:00,1,40,20170317061,6,4
2017-03-17 07:00:00,1,42,20170317071,7,4
2017-03-17 08:00:00,1,46,20170317081,8,4
2017-03-17 09:00:00,1,55,20170317091,9,4
2017-03-17 10:00:00,1,79,20170317101,10,4
2017-03-17 11:00:00,1,96,20170317111,11,4
2017-03-17 12:00:00,1,85,20170317121,12,4
2017-03-17 13:00:00,1,77,20170317131,13,4
2017-03-17 14:00:00,1,88,20170317141,14,4
2017-03-17 15:00:00,1,83,20170317151,15,4
2017-03-17 16:00:00,1,79,20170317161,16,4
2017-03-17 17:00:00,1,75,20170317171,17,4
2017-03-17 18:00:00,1,82,20170317181,18,4
2017-03-17 19:00:00,1,84,20170317191,19,4
2017-03-17 20:00:00,1,86,20170317201,20,4
2017-03-17 21:00:00,1,77,20170317211,21,4
2017-03-17 22:00:00,1,79,20170317221,22,4
2017-03-17 23:00:00,1,69,20170317231,23,4
2017-03-18 00:00:00,1,65,20170318001,0,5
2017-03-18 01:00:00,1,51,20170318011,1,5
2017-03-18 02:00:00,1,43,20170318021,2,5
2017-03-18 03:00:00,1,36,20170318031,3,5
2017-03-18 04:00:00,1,35,20170318041,4,5
2017-03-18 05:00:00,1,30,20170318051,5,5
2017-03-18 06:00:00,1,29,20170318061,6,5
2017-03-18 07:00:00,1,36,20170318071,7,5
2017-03-18 08:00:00,1,34,20170318081,8,5
2017-03-18 09:00:00,1,42,20170318091,9,5
2017-03-18 10:00:00,1,47,20170318101,10,5
2017-03-18 11:00:00,1,60,20170318111,11,5
2017-03-18 12:00:00,1,67,20170318121,12,5
2017-03-18 13:00:00,1,55,20170318131,13,5
2017-03-18 14:00:00,1,52,20170318141,14,5
2017-03-18 15:00:00,1,54,20170318151,15,5
2017-03-18 16:00:00,1,57,20170318161,16,5
2017-03-18 17:00:00,1,59,20170318171,17,5
2017-03-18 18:00:00,1,57,20170318181,18,5
2017-03-18 19:00:00,1,59,20170318191,19,5
2017-03-18 20:00:00,1,68,20170318201,20,5
2017-03-18 21:00:00,1,59,20170318211,21,5
2017-03-18 22:00:00,1,63,20170318221,22,5
2017-03-18 23:00:00,1,59,20170318231,23,5
2017-03-19 00:00:00,1,57,20170319001,0,6
2017-03-19 01:00:00,1,41,20170319011,1,6
2017-03-19 02:00:00,1,36,20170319021,2,6
2017-03-19 03:00:00,1,32,20170319031,3,6
2017-03-19 04:00:00,1,32,20170319041,4,6
2017-03-19 05:00:00,1,31,20170319051,5,6
2017-03-19 06:00:00,1,34,20170319061,6,6
2017-03-19 07:00:00,1,37,20170319071,7,6
2017-03-19 08:00:00,1,42,20170319081,8,6
2017-03-19 09:00:00,1,48,20170319091,9,6
2017-03-19 10:00:00,1,48,20170319101,10,6
2017-03-19 11:00:00,1,53,20170319111,11,6
2017-03-19 12:00:00,1,55,20170319121,12,6
2017-03-19 13:00:00,1,46,20170319131,13,6
2017-03-19 14:00:00,1,49,20170319141,14,6
2017-03-19 15:00:00,1,48,20170319151,15,6
2017-03-19 16:00:00,1,47,20170319161,16,6
2017-03-19 17:00:00,1,48,20170319171,17,6
2017-03-19 18:00:00,1,58,20170319181,18,6
2017-03-19 19:00:00,1,66,20170319191,19,6
2017-03-19 20:00:00,1,68,20170319201,20,6
2017-03-19 21:00:00,1,63,20170319211,21,6
2017-03-19 22:00:00,1,64,20170319221,22,6
2017-03-19 23:00:00,1,62,20170319231,23,6
2017-03-20 00:00:00,1,56,20170320001,0,0
2017-03-20 01:00:00,1,49,20170320011,1,0
2017-03-20 02:00:00,1,40,20170320021,2,0
2017-03-20 03:00:00,1,36,20170320031,3,0
2017-03-20 04:00:00,1,35,20170320041,4,0
2017-03-20 05:00:00,1,38,20170320051,5,0
2017-03-20 06:00:00,1,41,20170320061,6,0
2017-03-20 07:00:00,1,48,20170320071,7,0
2017-03-20 08:00:00,1,55,20170320081,8,0
2017-03-20 09:00:00,1,60,20170320091,9,0
2017-03-20 10:00:00,1,72,20170320101,10,0
2017-03-20 11:00:00,1,89,20170320111,11,0
2017-03-20 12:00:00,1,110,20170320121,12,0
2017-03-20 13:00:00,1,95,20170320131,13,0
2017-03-20 14:00:00,1,103,20170320141,14,0
2017-03-20 15:00:00,1,100,20170320151,15,0
2017-03-20 16:00:00,1,98,20170320161,16,0
2017-03-20 17:00:00,1,97,20170320171,17,0
2017-03-20 18:00:00,1,101,20170320181,18,0
2017-03-20 19:00:00,1,106,20170320191,19,0
2017-03-20 20:00:00,1,102,20170320201,20,0
2017-03-20 21:00:00,1,92,20170320211,21,0
2017-03-20 22:00:00,1,89,20170320221,22,0
2017-03-20 23:00:00,1,81,20170320231,23,0
2017-03-21 00:00:00,1,72,20170321001,0,1
2017-03-21 01:00:00,1,64,20170321011,1,1
2017-03-21 02:00:00,1,55,20170321021,2,1
2017-03-21 03:00:00,1,51,20170321031,3,1
2017-03-21 04:00:00,1,45,20170321041,4,1
2017-03-21 05:00:00,1,41,20170321051,5,1
2017-03-21 06:00:00,1,45,20170321061,6,1
2017-03-21 07:00:00,1,55,20170321071,7,1
2017-03-21 08:00:00,1,58,20170321081,8,1
2017-03-21 09:00:00,1,65,20170321091,9,1
2017-03-21 10:00:00,1,80,20170321101,10,1
2017-03-21 11:00:00,1,88,20170321111,11,1
2017-03-21 12:00:00,1,89,20170321121,12,1
2017-03-21 13:00:00,1,75,20170321131,13,1
2017-03-21 14:00:00,1,88,20170321141,14,1
2017-03-21 15:00:00,1,91,20170321151,15,1
2017-03-21 16:00:00,1,85,20170321161,16,1
2017-03-21 17:00:00,1,90,20170321171,17,1
2017-03-21 18:00:00,1,93,20170321181,18,1
2017-03-21 19:00:00,1,96,20170321191,19,1
2017-03-21 20:00:00,1,102,20170321201,20,1
2017-03-21 21:00:00,1,97,20170321211,21,1
2017-03-21 22:00:00,1,94,20170321221,22,1
2017-03-21 23:00:00,1,88,20170321231,23,1
2017-03-22 00:00:00,1,77,20170322001,0,2
2017-03-22 01:00:00,1,64,20170322011,1,2
2017-03-22 02:00:00,1,58,20170322021,2,2
2017-03-22 03:00:00,1,50,20170322031,3,2
2017-03-22 04:00:00,1,42,20170322041,4,2
2017-03-22 05:00:00,1,41,20170322051,5,2
2017-03-22 06:00:00,1,45,20170322061,6,2
2017-03-22 07:00:00,1,52,20170322071,7,2
2017-03-22 08:00:00,1,55,20170322081,8,2
2017-03-22 09:00:00,1,63,20170322091,9,2
2017-03-22 10:00:00,1,72,20170322101,10,2
2017-03-22 11:00:00,1,86,20170322111,11,2
2017-03-22 12:00:00,1,99,20170322121,12,2
2017-03-22 13:00:00,1,85,20170322131,13,2
2017-03-22 14:00:00,1,95,20170322141,14,2
2017-03-22 15:00:00,1,94,20170322151,15,2
2017-03-22 16:00:00,1,87,20170322161,16,2
2017-03-22 17:00:00,1,84,20170322171,17,2
2017-03-22 18:00:00,1,91,20170322181,18,2
2017-03-22 19:00:00,1,101,20170322191,19,2
2017-03-22 20:00:00,1,98,20170322201,20,2
2017-03-22 21:00:00,1,96,20170322211,21,2
2017-03-22 22:00:00,1,91,20170322221,22,2
2017-03-22 23:00:00,1,87,20170322231,23,2
2017-03-23 00:00:00,1,75,20170323001,0,3
2017-03-23 01:00:00,1,68,20170323011,1,3
2017-03-23 02:00:00,1,52,20170323021,2,3
2017-03-23 03:00:00,1,45,20170323031,3,3
2017-03-23 04:00:00,1,42,20170323041,4,3
2017-03-23 05:00:00,1,39,20170323051,5,3
2017-03-23 06:00:00,1,46,20170323061,6,3
2017-03-23 07:00:00,1,49,20170323071,7,3
2017-03-23 08:00:00,1,53,20170323081,8,3
2017-03-23 09:00:00,1,63,20170323091,9,3
2017-03-23 10:00:00,1,79,20170323101,10,3
2017-03-23 11:00:00,1,82,20170323111,11,3
2017-03-23 12:00:00,1,83,20170323121,12,3
2017-03-23 13:00:00,1,71,20170323131,13,3
2017-03-23 14:00:00,1,87,20170323141,14,3
2017-03-23 15:00:00,1,86,20170323151,15,3
2017-03-23 16:00:00,1,85,20170323161,16,3
2017-03-23 17:00:00,1,78,20170323171,17,3
2017-03-23 18:00:00,1,88,20170323181,18,3
2017-03-23 19:00:00,1,98,20170323191,19,3
2017-03-23 20:00:00,1,96,20170323201,20,3
2017-03-23 21:00:00,1,88,20170323211,21,3
2017-03-23 22:00:00,1,89,20170323221,22,3
2017-03-23 23:00:00,1,79,20170323231,23,3
2017-03-24 00:00:00,1,73,20170324001,0,4
2017-03-24 01:00:00,1,62,20170324011,1,4
2017-03-24 02:00:00,1,52,20170324021,2,4
2017-03-24 03:00:00,1,46,20170324031,3,4
2017-03-24 04:00:00,1,41,20170324041,4,4
2017-03-24 05:00:00,1,39,20170324051,5,4
2017-03-24 06:00:00,1,40,20170324061,6,4
2017-03-24 07:00:00,1,46,20170324071,7,4
2017-03-24 08:00:00,1,52,20170324081,8,4
2017-03-24 09:00:00,1,58,20170324091,9,4
2017-03-24 10:00:00,1,68,20170324101,10,4
2017-03-24 11:00:00,1,80,20170324111,11,4
2017-03-24 12:00:00,1,99,20170324121,12,4
2017-03-24 13:00:00,1,83,20170324131,13,4
2017-03-24 14:00:00,1,87,20170324141,14,4
2017-03-24 15:00:00,1,88,20170324151,15,4
2017-03-24 16:00:00,1,84,20170324161,16,4
2017-03-24 17:00:00,1,76,20170324171,17,4
2017-03-24 18:00:00,1,89,20170324181,18,4
2017-03-24 19:00:00,1,87,20170324191,19,4
2017-03-24 20:00:00,1,87,20170324201,20,4
2017-03-24 21:00:00,1,80,20170324211,21,4
2017-03-24 22:00:00,1,74,20170324221,22,4
2017-03-24 23:00:00,1,71,20170324231,23,4
2017-03-25 00:00:00,1,61,20170325001,0,5
2017-03-25 01:00:00,1,56,20170325011,1,5
2017-03-25 02:00:00,1,50,20170325021,2,5
2017-03-25 03:00:00,1,44,20170325031,3,5
2017-03-25 04:00:00,1,41,20170325041,4,5
2017-03-25 05:00:00,1,37,20170325051,5,5
2017-03-25 06:00:00,1,36,20170325061,6,5
2017-03-25 07:00:00,1,44,20170325071,7,5
2017-03-25 08:00:00,1,45,20170325081,8,5
2017-03-25 09:00:00,1,54,20170325091,9,5
2017-03-25 10:00:00,1,64,20170325101,10,5
2017-03-25 11:00:00,1,64,20170325111,11,5
2017-03-25 12:00:00,1,60,20170325121,12,5
2017-03-25 13:00:00,1,51,20170325131,13,5
2017-03-25 14:00:00,1,50,20170325141,14,5
2017-03-25 15:00:00,1,48,20170325151,15,5
2017-03-25 16:00:00,1,51,20170325161,16,5
2017-03-25 17:00:00,1,54,20170325171,17,5
2017-03-25 18:00:00,1,63,20170325181,18,5
2017-03-25 19:00:00,1,60,20170325191,19,5
2017-03-25 20:00:00,1,61,20170325201,20,5
2017-03-25 21:00:00,1,64,20170325211,21,5
2017-03-25 22:00:00,1,56,20170325221,22,5
2017-03-25 23:00:00,1,56,20170325231,23,5
2017-03-26 00:00:00,1,51,20170326001,0,6
2017-03-26 01:00:00,1,45,20170326011,1,6
2017-03-26 02:00:00,1,37,20170326021,2,6
2017-03-26 03:00:00,1,35,20170326031,3,6
2017-03-26 04:00:00,1,30,20170326041,4,6
2017-03-26 05:00:00,1,29,20170326051,5,6
2017-03-26 06:00:00,1,28,20170326061,6,6
2017-03-26 07:00:00,1,32,20170326071,7,6
2017-03-26 08:00:00,1,38,20170326081,8,6
2017-03-26 09:00:00,1,43,20170326091,9,6
2017-03-26 10:00:00,1,51,20170326101,10,6
2017-03-26 11:00:00,1,49,20170326111,11,6
2017-03-26 12:00:00,1,48,20170326121,12,6
2017-03-26 13:00:00,1,45,20170326131,13,6
2017-03-26 14:00:00,1,47,20170326141,14,6
2017-03-26 15:00:00,1,47,20170326151,15,6
2017-03-26 16:00:00,1,48,20170326161,16,6
2017-03-26 17:00:00,1,48,20170326171,17,6
2017-03-26 18:00:00,1,57,20170326181,18,6
2017-03-26 19:00:00,1,64,20170326191,19,6
2017-03-26 20:00:00,1,63,20170326201,20,6
2017-03-26 21:00:00,1,62,20170326211,21,6
2017-03-26 22:00:00,1,64,20170326221,22,6
2017-03-26 23:00:00,1,61,20170326231,23,6
2017-03-27 00:00:00,1,51,20170327001,0,0
2017-03-27 01:00:00,1,44,20170327011,1,0
2017-03-27 02:00:00,1,40,20170327021,2,0
2017-03-27 03:00:00,1,36,20170327031,3,0
2017-03-27 04:00:00,1,36,20170327041,4,0
2017-03-27 05:00:00,1,33,20170327051,5,0
2017-03-27 06:00:00,1,39,20170327061,6,0
2017-03-27 07:00:00,1,43,20170327071,7,0
2017-03-27 08:00:00,1,49,20170327081,8,0
2017-03-27 09:00:00,1,62,20170327091,9,0
2017-03-27 10:00:00,1,79,20170327101,10,0
2017-03-27 11:00:00,1,105,20170327111,11,0
2017-03-27 12:00:00,1,99,20170327121,12,0
2017-03-27 13:00:00,1,88,20170327131,13,0
2017-03-27 14:00:00,1,94,20170327141,14,0
2017-03-27 15:00:00,1,89,20170327151,15,0
2017-03-27 16:00:00,1,82,20170327161,16,0
2017-03-27 17:00:00,1,86,20170327171,17,0
2017-03-27 18:00:00,1,89,20170327181,18,0
2017-03-27 19:00:00,1,108,20170327191,19,0
2017-03-27 20:00:00,1,95,20170327201,20,0
2017-03-27 21:00:00,1,86,20170327211,21,0
2017-03-27 22:00:00,1,83,20170327221,22,0
2017-03-27 23:00:00,1,84,20170327231,23,0
2017-03-28 00:00:00,1,74,20170328001,0,1
2017-03-28 01:00:00,1,66,20170328011,1,1
2017-03-28 02:00:00,1,57,20170328021,2,1
2017-03-28 03:00:00,1,46,20170328031,3,1
2017-03-28 04:00:00,1,37,20170328041,4,1
2017-03-28 05:00:00,1,39,20170328051,5,1
2017-03-28 06:00:00,1,51,20170328061,6,1
2017-03-28 07:00:00,1,53,20170328071,7,1
2017-03-28 08:00:00,1,58,20170328081,8,1
2017-03-28 09:00:00,1,66,20170328091,9,1
2017-03-28 10:00:00,1,71,20170328101,10,1
2017-03-28 11:00:00,1,84,20170328111,11,1
2017-03-28 12:00:00,1,93,20170328121,12,1
2017-03-28 13:00:00,1,82,20170328131,13,1
2017-03-28 14:00:00,1,85,20170328141,14,1
2017-03-28 15:00:00,1,86,20170328151,15,1
2017-03-28 16:00:00,1,86,20170328161,16,1
2017-03-28 17:00:00,1,84,20170328171,17,1
2017-03-28 18:00:00,1,82,20170328181,18,1
2017-03-28 19:00:00,1,92,20170328191,19,1
2017-03-28 20:00:00,1,88,20170328201,20,1
2017-03-28 21:00:00,1,78,20170328211,21,1
2017-03-28 22:00:00,1,79,20170328221,22,1
2017-03-28 23:00:00,1,79,20170328231,23,1
2017-03-29 00:00:00,1,74,20170329001,0,2
2017-03-29 01:00:00,1,61,20170329011,1,2
2017-03-29 02:00:00,1,53,20170329021,2,2
2017-03-29 03:00:00,1,44,20170329031,3,2
2017-03-29 04:00:00,1,36,20170329041,4,2
2017-03-29 05:00:00,1,39,20170329051,5,2
2017-03-29 06:00:00,1,40,20170329061,6,2
2017-03-29 07:00:00,1,43,20170329071,7,2
2017-03-29 08:00:00,1,53,20170329081,8,2
2017-03-29 09:00:00,1,55,20170329091,9,2
2017-03-29 10:00:00,1,66,20170329101,10,2
2017-03-29 11:00:00,1,78,20170329111,11,2
2017-03-29 12:00:00,1,79,20170329121,12,2
2017-03-29 13:00:00,1,72,20170329131,13,2
2017-03-29 14:00:00,1,77,20170329141,14,2
2017-03-29 15:00:00,1,74,20170329151,15,2
2017-03-29 16:00:00,1,74,20170329161,16,2
2017-03-29 17:00:00,1,76,20170329171,17,2
2017-03-29 18:00:00,1,81,20170329181,18,2
2017-03-29 19:00:00,1,83,20170329191,19,2
2017-03-29 20:00:00,1,86,20170329201,20,2
2017-03-29 21:00:00,1,92,20170329211,21,2
2017-03-29 22:00:00,1,84,20170329221,22,2
2017-03-29 23:00:00,1,85,20170329231,23,2
2017-03-30 00:00:00,1,73,20170330001,0,3
2017-03-30 01:00:00,1,68,20170330011,1,3
2017-03-30 02:00:00,1,54,20170330021,2,3
2017-03-30 03:00:00,1,48,20170330031,3,3
2017-03-30 04:00:00,1,41,20170330041,4,3
2017-03-30 05:00:00,1,40,20170330051,5,3
2017-03-30 06:00:00,1,41,20170330061,6,3
2017-03-30 07:00:00,1,48,20170330071,7,3
2017-03-30 08:00:00,1,57,20170330081,8,3
2017-03-30 09:00:00,1,61,20170330091,9,3
2017-03-30 10:00:00,1,78,20170330101,10,3
2017-03-30 11:00:00,1,87,20170330111,11,3
2017-03-30 12:00:00,1,90,20170330121,12,3
2017-03-30 13:00:00,1,80,20170330131,13,3
2017-03-30 14:00:00,1,91,20170330141,14,3
2017-03-30 15:00:00,1,90,20170330151,15,3
2017-03-30 16:00:00,1,82,20170330161,16,3
2017-03-30 17:00:00,1,88,20170330171,17,3
2017-03-30 18:00:00,1,93,20170330181,18,3
2017-03-30 19:00:00,1,90,20170330191,19,3
2017-03-30 20:00:00,1,82,20170330201,20,3
2017-03-30 21:00:00,1,79,20170330211,21,3
2017-03-30 22:00:00,1,81,20170330221,22,3
2017-03-30 23:00:00,1,81,20170330231,23,3
2017-03-31 00:00:00,1,70,20170331001,0,4
2017-03-31 01:00:00,1,58,20170331011,1,4
2017-03-31 02:00:00,1,52,20170331021,2,4
2017-03-31 03:00:00,1,44,20170331031,3,4
2017-03-31 04:00:00,1,38,20170331041,4,4
2017-03-31 05:00:00,1,34,20170331051,5,4
2017-03-31 06:00:00,1,38,20170331061,6,4
2017-03-31 07:00:00,1,44,20170331071,7,4
2017-03-31 08:00:00,1,48,20170331081,8,4
2017-03-31 09:00:00,1,57,20170331091,9,4
2017-03-31 10:00:00,1,75,20170331101,10,4
2017-03-31 11:00:00,1,76,20170331111,11,4
2017-03-31 12:00:00,1,81,20170331121,12,4
2017-03-31 13:00:00,1,70,20170331131,13,4
2017-03-31 14:00:00,1,79,20170331141,14,4
2017-03-31 15:00:00,1,77,20170331151,15,4
2017-03-31 16:00:00,1,71,20170331161,16,4
2017-03-31 17:00:00,1,69,20170331171,17,4
2017-03-31 18:00:00,1,77,20170331181,18,4
2017-03-31 19:00:00,1,80,20170331191,19,4
2017-03-31 20:00:00,1,78,20170331201,20,4
2017-03-31 21:00:00,1,66,20170331211,21,4
2017-03-31 22:00:00,1,69,20170331221,22,4
2017-03-31 23:00:00,1,68,20170331231,23,4
2017-04-01 00:00:00,1,63,20170401001,0,5
2017-04-01 01:00:00,1,53,20170401011,1,5
2017-04-01 02:00:00,1,41,20170401021,2,5
2017-04-01 03:00:00,1,39,20170401031,3,5
2017-04-01 04:00:00,1,31,20170401041,4,5
2017-04-01 05:00:00,1,28,20170401051,5,5
2017-04-01 06:00:00,1,34,20170401061,6,5
2017-04-01 07:00:00,1,32,20170401071,7,5
2017-04-01 08:00:00,1,36,20170401081,8,5
2017-04-01 09:00:00,1,44,20170401091,9,5
2017-04-01 10:00:00,1,54,20170401101,10,5
2017-04-01 11:00:00,1,53,20170401111,11,5
2017-04-01 12:00:00,1,53,20170401121,12,5
2017-04-01 13:00:00,1,49,20170401131,13,5
2017-04-01 14:00:00,1,49,20170401141,14,5
2017-04-01 15:00:00,1,49,20170401151,15,5
2017-04-01 16:00:00,1,50,20170401161,16,5
2017-04-01 17:00:00,1,45,20170401171,17,5
2017-04-01 18:00:00,1,46,20170401181,18,5
2017-04-01 19:00:00,1,68,20170401191,19,5
2017-04-01 20:00:00,1,74,20170401201,20,5
2017-04-01 21:00:00,1,68,20170401211,21,5
2017-04-01 22:00:00,1,63,20170401221,22,5
2017-04-01 23:00:00,1,64,20170401231,23,5
2017-04-02 00:00:00,1,54,20170402001,0,6
2017-04-02 01:00:00,1,48,20170402011,1,6
2017-04-02 02:00:00,1,37,20170402021,2,6
2017-04-02 03:00:00,1,34,20170402031,3,6
2017-04-02 04:00:00,1,31,20170402041,4,6
2017-04-02 05:00:00,1,27,20170402051,5,6
2017-04-02 06:00:00,1,29,20170402061,6,6
2017-04-02 07:00:00,1,33,20170402071,7,6
2017-04-02 08:00:00,1,34,20170402081,8,6
2017-04-02 09:00:00,1,45,20170402091,9,6
2017-04-02 10:00:00,1,52,20170402101,10,6
2017-04-02 11:00:00,1,54,20170402111,11,6
2017-04-02 12:00:00,1,56,20170402121,12,6
2017-04-02 13:00:00,1,50,20170402131,13,6
2017-04-02 14:00:00,1,51,20170402141,14,6
2017-04-02 15:00:00,1,50,20170402151,15,6
2017-04-02 16:00:00,1,51,20170402161,16,6
2017-04-02 17:00:00,1,57,20170402171,17,6
2017-04-02 18:00:00,1,71,20170402181,18,6
2017-04-02 19:00:00,1,70,20170402191,19,6
2017-04-02 20:00:00,1,68,20170402201,20,6
2017-04-02 21:00:00,1,67,20170402211,21,6
2017-04-02 22:00:00,1,72,20170402221,22,6
2017-04-02 23:00:00,1,69,20170402231,23,6
2017-04-03 00:00:00,1,62,20170403001,0,0
2017-04-03 01:00:00,1,53,20170403011,1,0
2017-04-03 02:00:00,1,39,20170403021,2,0
2017-04-03 03:00:00,1,33,20170403031,3,0
2017-04-03 04:00:00,1,33,20170403041,4,0
2017-04-03 05:00:00,1,34,20170403051,5,0
2017-04-03 06:00:00,1,39,20170403061,6,0
2017-04-03 07:00:00,1,49,20170403071,7,0
2017-04-03 08:00:00,1,50,20170403081,8,0
2017-04-03 09:00:00,1,62,20170403091,9,0
2017-04-03 10:00:00,1,77,20170403101,10,0
2017-04-03 11:00:00,1,85,20170403111,11,0
2017-04-03 12:00:00,1,93,20170403121,12,0
2017-04-03 13:00:00,1,79,20170403131,13,0
2017-04-03 14:00:00,1,90,20170403141,14,0
2017-04-03 15:00:00,1,90,20170403151,15,0
2017-04-03 16:00:00,1,88,20170403161,16,0
2017-04-03 17:00:00,1,85,20170403171,17,0
2017-04-03 18:00:00,1,88,20170403181,18,0
2017-04-03 19:00:00,1,105,20170403191,19,0
2017-04-03 20:00:00,1,95,20170403201,20,0
2017-04-03 21:00:00,1,90,20170403211,21,0
2017-04-03 22:00:00,1,87,20170403221,22,0
2017-04-03 23:00:00,1,83,20170403231,23,0
2017-04-04 00:00:00,1,73,20170404001,0,1
2017-04-04 01:00:00,1,62,20170404011,1,1
2017-04-04 02:00:00,1,53,20170404021,2,1
2017-04-04 03:00:00,1,41,20170404031,3,1
2017-04-04 04:00:00,1,40,20170404041,4,1
2017-04-04 05:00:00,1,40,20170404051,5,1
2017-04-04 06:00:00,1,44,20170404061,6,1
2017-04-04 07:00:00,1,48,20170404071,7,1
2017-04-04 08:00:00,1,55,20170404081,8,1
2017-04-04 09:00:00,1,59,20170404091,9,1
2017-04-04 10:00:00,1,72,20170404101,10,1
2017-04-04 11:00:00,1,83,20170404111,11,1
2017-04-04 12:00:00,1,95,20170404121,12,1
2017-04-04 13:00:00,1,95,20170404131,13,1
2017-04-04 14:00:00,1,98,20170404141,14,1
2017-04-04 15:00:00,1,95,20170404151,15,1
2017-04-04 16:00:00,1,89,20170404161,16,1
2017-04-04 17:00:00,1,90,20170404171,17,1
2017-04-04 18:00:00,1,93,20170404181,18,1
2017-04-04 19:00:00,1,100,20170404191,19,1
2017-04-04 20:00:00,1,97,20170404201,20,1
2017-04-04 21:00:00,1,87,20170404211,21,1
2017-04-04 22:00:00,1,87,20170404221,22,1
2017-04-04 23:00:00,1,85,20170404231,23,1
2017-04-05 00:00:00,1,81,20170405001,0,2
2017-04-05 01:00:00,1,66,20170405011,1,2
2017-04-05 02:00:00,1,57,20170405021,2,2
2017-04-05 03:00:00,1,47,20170405031,3,2
2017-04-05 04:00:00,1,41,20170405041,4,2
2017-04-05 05:00:00,1,45,20170405051,5,2
2017-04-05 06:00:00,1,48,20170405061,6,2
2017-04-05 07:00:00,1,53,20170405071,7,2
2017-04-05 08:00:00,1,66,20170405081,8,2
2017-04-05 09:00:00,1,74,20170405091,9,2
2017-04-05 10:00:00,1,81,20170405101,10,2
2017-04-05 11:00:00,1,93,20170405111,11,2
2017-04-05 12:00:00,1,92,20170405121,12,2
2017-04-05 13:00:00,1,85,20170405131,13,2
2017-04-05 14:00:00,1,91,20170405141,14,2
2017-04-05 15:00:00,1,91,20170405151,15,2
2017-04-05 16:00:00,1,81,20170405161,16,2
2017-04-05 17:00:00,1,84,20170405171,17,2
2017-04-05 18:00:00,1,90,20170405181,18,2
2017-04-05 19:00:00,1,95,20170405191,19,2
2017-04-05 20:00:00,1,93,20170405201,20,2
2017-04-05 21:00:00,1,87,20170405211,21,2
2017-04-05 22:00:00,1,87,20170405221,22,2
2017-04-05 23:00:00,1,80,20170405231,23,2
2017-04-06 00:00:00,1,74,20170406001,0,3
2017-04-06 01:00:00,1,62,20170406011,1,3
2017-04-06 02:00:00,1,52,20170406021,2,3
2017-04-06 03:00:00,1,45,20170406031,3,3
2017-04-06 04:00:00,1,41,20170406041,4,3
2017-04-06 05:00:00,1,40,20170406051,5,3
2017-04-06 06:00:00,1,48,20170406061,6,3
2017-04-06 07:00:00,1,53,20170406071,7,3
2017-04-06 08:00:00,1,56,20170406081,8,3
2017-04-06 09:00:00,1,61,20170406091,9,3
2017-04-06 10:00:00,1,76,20170406101,10,3
2017-04-06 11:00:00,1,94,20170406111,11,3
2017-04-06 12:00:00,1,92,20170406121,12,3
2017-04-06 13:00:00,1,95,20170406131,13,3
2017-04-06 14:00:00,1,93,20170406141,14,3
2017-04-06 15:00:00,1,98,20170406151,15,3
2017-04-06 16:00:00,1,88,20170406161,16,3
2017-04-06 17:00:00,1,86,20170406171,17,3
2017-04-06 18:00:00,1,100,20170406181,18,3
2017-04-06 19:00:00,1,98,20170406191,19,3
2017-04-06 20:00:00,1,98,20170406201,20,3
2017-04-06 21:00:00,1,85,20170406211,21,3
2017-04-06 22:00:00,1,87,20170406221,22,3
2017-04-06 23:00:00,1,83,20170406231,23,3
2017-04-07 00:00:00,1,77,20170407001,0,4
2017-04-07 01:00:00,1,63,20170407011,1,4
2017-04-07 02:00:00,1,50,20170407021,2,4
2017-04-07 03:00:00,1,45,20170407031,3,4
2017-04-07 04:00:00,1,36,20170407041,4,4
2017-04-07 05:00:00,1,35,20170407051,5,4
2017-04-07 06:00:00,1,41,20170407061,6,4
2017-04-07 07:00:00,1,48,20170407071,7,4
2017-04-07 08:00:00,1,53,20170407081,8,4
2017-04-07 09:00:00,1,61,20170407091,9,4
2017-04-07 10:00:00,1,71,20170407101,10,4
2017-04-07 11:00:00,1,86,20170407111,11,4
2017-04-07 12:00:00,1,84,20170407121,12,4
2017-04-07 13:00:00,1,75,20170407131,13,4
2017-04-07 14:00:00,1,82,20170407141,14,4
2017-04-07 15:00:00,1,78,20170407151,15,4
2017-04-07 16:00:00,1,73,20170407161,16,4
2017-04-07 17:00:00,1,73,20170407171,17,4
2017-04-07 18:00:00,1,79,20170407181,18,4
2017-04-07 19:00:00,1,79,20170407191,19,4
2017-04-07 20:00:00,1,79,20170407201,20,4
2017-04-07 21:00:00,1,70,20170407211,21,4
2017-04-07 22:00:00,1,66,20170407221,22,4
2017-04-07 23:00:00,1,65,20170407231,23,4
2017-04-08 00:00:00,1,63,20170408001,0,5
2017-04-08 01:00:00,1,51,20170408011,1,5
2017-04-08 02:00:00,1,47,20170408021,2,5
2017-04-08 03:00:00,1,37,20170408031,3,5
2017-04-08 04:00:00,1,38,20170408041,4,5
2017-04-08 05:00:00,1,26,20170408051,5,5
2017-04-08 06:00:00,1,32,20170408061,6,5
2017-04-08 07:00:00,1,33,20170408071,7,5
2017-04-08 08:00:00,1,35,20170408081,8,5
2017-04-08 09:00:00,1,43,20170408091,9,5
2017-04-08 10:00:00,1,56,20170408101,10,5
2017-04-08 11:00:00,1,63,20170408111,11,5
2017-04-08 12:00:00,1,59,20170408121,12,5
2017-04-08 13:00:00,1,54,20170408131,13,5
2017-04-08 14:00:00,1,52,20170408141,14,5
2017-04-08 15:00:00,1,52,20170408151,15,5
2017-04-08 16:00:00,1,52,20170408161,16,5
2017-04-08 17:00:00,1,50,20170408171,17,5
2017-04-08 18:00:00,1,59,20170408181,18,5
2017-04-08 19:00:00,1,72,20170408191,19,5
2017-04-08 20:00:00,1,73,20170408201,20,5
2017-04-08 21:00:00,1,68,20170408211,21,5
2017-04-08 22:00:00,1,70,20170408221,22,5
2017-04-08 23:00:00,1,68,20170408231,23,5
2017-04-09 00:00:00,1,61,20170409001,0,6
2017-04-09 01:00:00,1,47,20170409011,1,6
2017-04-09 02:00:00,1,41,20170409021,2,6
2017-04-09 03:00:00,1,40,20170409031,3,6
2017-04-09 04:00:00,1,37,20170409041,4,6
2017-04-09 05:00:00,1,30,20170409051,5,6
2017-04-09 06:00:00,1,35,20170409061,6,6
2017-04-09 07:00:00,1,42,20170409071,7,6
2017-04-09 08:00:00,1,43,20170409081,8,6
2017-04-09 09:00:00,1,50,20170409091,9,6
2017-04-09 10:00:00,1,53,20170409101,10,6
2017-04-09 11:00:00,1,52,20170409111,11,6
2017-04-09 12:00:00,1,56,20170409121,12,6
2017-04-09 13:00:00,1,54,20170409131,13,6
2017-04-09 14:00:00,1,56,20170409141,14,6
2017-04-09 15:00:00,1,53,20170409151,15,6
2017-04-09 16:00:00,1,52,20170409161,16,6
2017-04-09 17:00:00,1,59,20170409171,17,6
2017-04-09 18:00:00,1,62,20170409181,18,6
2017-04-09 19:00:00,1,69,20170409191,19,6
2017-04-09 20:00:00,1,77,20170409201,20,6
2017-04-09 21:00:00,1,71,20170409211,21,6
2017-04-09 22:00:00,1,68,20170409221,22,6
2017-04-09 23:00:00,1,63,20170409231,23,6
2017-04-10 00:00:00,1,62,20170410001,0,0
2017-04-10 01:00:00,1,54,20170410011,1,0
2017-04-10 02:00:00,1,43,20170410021,2,0
2017-04-10 03:00:00,1,35,20170410031,3,0
2017-04-10 04:00:00,1,32,20170410041,4,0
2017-04-10 05:00:00,1,33,20170410051,5,0
2017-04-10 06:00:00,1,42,20170410061,6,0
2017-04-10 07:00:00,1,48,20170410071,7,0
2017-04-10 08:00:00,1,51,20170410081,8,0
2017-04-10 09:00:00,1,63,20170410091,9,0
2017-04-10 10:00:00,1,78,20170410101,10,0
2017-04-10 11:00:00,1,114,20170410111,11,0
2017-04-10 12:00:00,1,109,20170410121,12,0
2017-04-10 13:00:00,1,95,20170410131,13,0
2017-04-10 14:00:00,1,99,20170410141,14,0
2017-04-10 15:00:00,1,97,20170410151,15,0
2017-04-10 16:00:00,1,96,20170410161,16,0
2017-04-10 17:00:00,1,96,20170410171,17,0
2017-04-10 18:00:00,1,98,20170410181,18,0
2017-04-10 19:00:00,1,107,20170410191,19,0
2017-04-10 20:00:00,1,100,20170410201,20,0
2017-04-10 21:00:00,1,89,20170410211,21,0
2017-04-10 22:00:00,1,86,20170410221,22,0
2017-04-10 23:00:00,1,83,20170410231,23,0
2017-04-11 00:00:00,1,77,20170411001,0,1
2017-04-11 01:00:00,1,61,20170411011,1,1
2017-04-11 02:00:00,1,58,20170411021,2,1
2017-04-11 03:00:00,1,44,20170411031,3,1
2017-04-11 04:00:00,1,38,20170411041,4,1
2017-04-11 05:00:00,1,37,20170411051,5,1
2017-04-11 06:00:00,1,43,20170411061,6,1
2017-04-11 07:00:00,1,49,20170411071,7,1
2017-04-11 08:00:00,1,54,20170411081,8,1
2017-04-11 09:00:00,1,59,20170411091,9,1
2017-04-11 10:00:00,1,82,20170411101,10,1
2017-04-11 11:00:00,1,94,20170411111,11,1
2017-04-11 12:00:00,1,90,20170411121,12,1
2017-04-11 13:00:00,1,99,20170411131,13,1
2017-04-11 14:00:00,1,101,20170411141,14,1
2017-04-11 15:00:00,1,93,20170411151,15,1
2017-04-11 16:00:00,1,91,20170411161,16,1
2017-04-11 17:00:00,1,90,20170411171,17,1
2017-04-11 18:00:00,1,99,20170411181,18,1
2017-04-11 19:00:00,1,100,20170411191,19,1
2017-04-11 20:00:00,1,93,20170411201,20,1
2017-04-11 21:00:00,1,88,20170411211,21,1
2017-04-11 22:00:00,1,90,20170411221,22,1
2017-04-11 23:00:00,1,82,20170411231,23,1
2017-04-12 00:00:00,1,66,20170412001,0,2
2017-04-12 01:00:00,1,66,20170412011,1,2
2017-04-12 02:00:00,1,50,20170412021,2,2
2017-04-12 03:00:00,1,42,20170412031,3,2
2017-04-12 04:00:00,1,42,20170412041,4,2
2017-04-12 05:00:00,1,40,20170412051,5,2
2017-04-12 06:00:00,1,40,20170412061,6,2
2017-04-12 07:00:00,1,49,20170412071,7,2
2017-04-12 08:00:00,1,53,20170412081,8,2
2017-04-12 09:00:00,1,62,20170412091,9,2
2017-04-12 10:00:00,1,76,20170412101,10,2
2017-04-12 11:00:00,1,89,20170412111,11,2
2017-04-12 12:00:00,1,92,20170412121,12,2
2017-04-12 13:00:00,1,82,20170412131,13,2
2017-04-12 14:00:00,1,91,20170412141,14,2
2017-04-12 15:00:00,1,92,20170412151,15,2
2017-04-12 16:00:00,1,83,20170412161,16,2
2017-04-12 17:00:00,1,84,20170412171,17,2
2017-04-12 18:00:00,1,92,20170412181,18,2
2017-04-12 19:00:00,1,86,20170412191,19,2
2017-04-12 20:00:00,1,87,20170412201,20,2
2017-04-12 21:00:00,1,83,20170412211,21,2
2017-04-12 22:00:00,1,83,20170412221,22,2
2017-04-12 23:00:00,1,75,20170412231,23,2
2017-04-13 00:00:00,1,73,20170413001,0,3
2017-04-13 01:00:00,1,63,20170413011,1,3
2017-04-13 02:00:00,1,53,20170413021,2,3
2017-04-13 03:00:00,1,42,20170413031,3,3
2017-04-13 04:00:00,1,35,20170413041,4,3
2017-04-13 05:00:00,1,36,20170413051,5,3
2017-04-13 06:00:00,1,40,20170413061,6,3
2017-04-13 07:00:00,1,46,20170413071,7,3
2017-04-13 08:00:00,1,50,20170413081,8,3
2017-04-13 09:00:00,1,58,20170413091,9,3
2017-04-13 10:00:00,1,80,20170413101,10,3
2017-04-13 11:00:00,1,89,20170413111,11,3
2017-04-13 12:00:00,1,92,20170413121,12,3
2017-04-13 13:00:00,1,76,20170413131,13,3
2017-04-13 14:00:00,1,84,20170413141,14,3
2017-04-13 15:00:00,1,78,20170413151,15,3
2017-04-13 16:00:00,1,77,20170413161,16,3
2017-04-13 17:00:00,1,73,20170413171,17,3
2017-04-13 18:00:00,1,79,20170413181,18,3
2017-04-13 19:00:00,1,84,20170413191,19,3
2017-04-13 20:00:00,1,80,20170413201,20,3
2017-04-13 21:00:00,1,75,20170413211,21,3
2017-04-13 22:00:00,1,76,20170413221,22,3
2017-04-13 23:00:00,1,72,20170413231,23,3
2017-04-14 00:00:00,1,67,20170414001,0,4
2017-04-14 01:00:00,1,56,20170414011,1,4
2017-04-14 02:00:00,1,49,20170414021,2,4
2017-04-14 03:00:00,1,40,20170414031,3,4
2017-04-14 04:00:00,1,33,20170414041,4,4
2017-04-14 05:00:00,1,34,20170414051,5,4
2017-04-14 06:00:00,1,35,20170414061,6,4
2017-04-14 07:00:00,1,42,20170414071,7,4
2017-04-14 08:00:00,1,43,20170414081,8,4
2017-04-14 09:00:00,1,50,20170414091,9,4
2017-04-14 10:00:00,1,60,20170414101,10,4
2017-04-14 11:00:00,1,68,20170414111,11,4
2017-04-14 12:00:00,1,69,20170414121,12,4
2017-04-14 13:00:00,1,58,20170414131,13,4
2017-04-14 14:00:00,1,60,20170414141,14,4
2017-04-14 15:00:00,1,59,20170414151,15,4
2017-04-14 16:00:00,1,58,20170414161,16,4
2017-04-14 17:00:00,1,60,20170414171,17,4
2017-04-14 18:00:00,1,65,20170414181,18,4
2017-04-14 19:00:00,1,68,20170414191,19,4
2017-04-14 20:00:00,1,70,20170414201,20,4
2017-04-14 21:00:00,1,69,20170414211,21,4
2017-04-14 22:00:00,1,66,20170414221,22,4
2017-04-14 23:00:00,1,67,20170414231,23,4
2017-04-15 00:00:00,1,57,20170415001,0,5
2017-04-15 01:00:00,1,48,20170415011,1,5
2017-04-15 02:00:00,1,40,20170415021,2,5
2017-04-15 03:00:00,1,33,20170415031,3,5
2017-04-15 04:00:00,1,28,20170415041,4,5
2017-04-15 05:00:00,1,26,20170415051,5,5
2017-04-15 06:00:00,1,27,20170415061,6,5
2017-04-15 07:00:00,1,29,20170415071,7,5
2017-04-15 08:00:00,1,36,20170415081,8,5
2017-04-15 09:00:00,1,41,20170415091,9,5
2017-04-15 10:00:00,1,50,20170415101,10,5
2017-04-15 11:00:00,1,52,20170415111,11,5
2017-04-15 12:00:00,1,49,20170415121,12,5
2017-04-15 13:00:00,1,48,20170415131,13,5
2017-04-15 14:00:00,1,46,20170415141,14,5
2017-04-15 15:00:00,1,45,20170415151,15,5
2017-04-15 16:00:00,1,44,20170415161,16,5
2017-04-15 17:00:00,1,47,20170415171,17,5
2017-04-15 18:00:00,1,53,20170415181,18,5
2017-04-15 19:00:00,1,59,20170415191,19,5
2017-04-15 20:00:00,1,57,20170415201,20,5
2017-04-15 21:00:00,1,56,20170415211,21,5
2017-04-15 22:00:00,1,54,20170415221,22,5
2017-04-15 23:00:00,1,51,20170415231,23,5
2017-04-16 00:00:00,1,51,20170416001,0,6
2017-04-16 01:00:00,1,43,20170416011,1,6
2017-04-16 02:00:00,1,34,20170416021,2,6
2017-04-16 03:00:00,1,28,20170416031,3,6
2017-04-16 04:00:00,1,25,20170416041,4,6
2017-04-16 05:00:00,1,26,20170416051,5,6
2017-04-16 06:00:00,1,31,20170416061,6,6
2017-04-16 07:00:00,1,30,20170416071,7,6
2017-04-16 08:00:00,1,36,20170416081,8,6
2017-04-16 09:00:00,1,37,20170416091,9,6
2017-04-16 10:00:00,1,42,20170416101,10,6
2017-04-16 11:00:00,1,47,20170416111,11,6
2017-04-16 12:00:00,1,50,20170416121,12,6
2017-04-16 13:00:00,1,42,20170416131,13,6
2017-04-16 14:00:00,1,43,20170416141,14,6
2017-04-16 15:00:00,1,47,20170416151,15,6
2017-04-16 16:00:00,1,42,20170416161,16,6
2017-04-16 17:00:00,1,49,20170416171,17,6
2017-04-16 18:00:00,1,52,20170416181,18,6
2017-04-16 19:00:00,1,58,20170416191,19,6
2017-04-16 20:00:00,1,62,20170416201,20,6
2017-04-16 21:00:00,1,59,20170416211,21,6
2017-04-16 22:00:00,1,61,20170416221,22,6
2017-04-16 23:00:00,1,58,20170416231,23,6
2017-04-17 00:00:00,1,51,20170417001,0,0
2017-04-17 01:00:00,1,43,20170417011,1,0
2017-04-17 02:00:00,1,35,20170417021,2,0
2017-04-17 03:00:00,1,34,20170417031,3,0
2017-04-17 04:00:00,1,30,20170417041,4,0
2017-04-17 05:00:00,1,32,20170417051,5,0
2017-04-17 06:00:00,1,39,20170417061,6,0
2017-04-17 07:00:00,1,45,20170417071,7,0
2017-04-17 08:00:00,1,49,20170417081,8,0
2017-04-17 09:00:00,1,58,20170417091,9,0
2017-04-17 10:00:00,1,87,20170417101,10,0
2017-04-17 11:00:00,1,87,20170417111,11,0
2017-04-17 12:00:00,1,89,20170417121,12,0
2017-04-17 13:00:00,1,76,20170417131,13,0
2017-04-17 14:00:00,1,84,20170417141,14,0
2017-04-17 15:00:00,1,84,20170417151,15,0
2017-04-17 16:00:00,1,80,20170417161,16,0
2017-04-17 17:00:00,1,82,20170417171,17,0
2017-04-17 18:00:00,1,82,20170417181,18,0
2017-04-17 19:00:00,1,82,20170417191,19,0
2017-04-17 20:00:00,1,87,20170417201,20,0
2017-04-17 21:00:00,1,83,20170417211,21,0
2017-04-17 22:00:00,1,82,20170417221,22,0
2017-04-17 23:00:00,1,77,20170417231,23,0
2017-04-18 00:00:00,1,70,20170418001,0,1
2017-04-18 01:00:00,1,61,20170418011,1,1
2017-04-18 02:00:00,1,51,20170418021,2,1
2017-04-18 03:00:00,1,42,20170418031,3,1
2017-04-18 04:00:00,1,35,20170418041,4,1
2017-04-18 05:00:00,1,38,20170418051,5,1
2017-04-18 06:00:00,1,45,20170418061,6,1
2017-04-18 07:00:00,1,49,20170418071,7,1
2017-04-18 08:00:00,1,54,20170418081,8,1
2017-04-18 09:00:00,1,59,20170418091,9,1
2017-04-18 10:00:00,1,74,20170418101,10,1
2017-04-18 11:00:00,1,84,20170418111,11,1
2017-04-18 12:00:00,1,94,20170418121,12,1
2017-04-18 13:00:00,1,80,20170418131,13,1
2017-04-18 14:00:00,1,86,20170418141,14,1
2017-04-18 15:00:00,1,85,20170418151,15,1
2017-04-18 16:00:00,1,84,20170418161,16,1
2017-04-18 17:00:00,1,87,20170418171,17,1
2017-04-18 18:00:00,1,88,20170418181,18,1
2017-04-18 19:00:00,1,95,20170418191,19,1
2017-04-18 20:00:00,1,92,20170418201,20,1
2017-04-18 21:00:00,1,89,20170418211,21,1
2017-04-18 22:00:00,1,80,20170418221,22,1
2017-04-18 23:00:00,1,78,20170418231,23,1
2017-04-19 00:00:00,1,68,20170419001,0,2
2017-04-19 01:00:00,1,59,20170419011,1,2
2017-04-19 02:00:00,1,51,20170419021,2,2
2017-04-19 03:00:00,1,41,20170419031,3,2
2017-04-19 04:00:00,1,35,20170419041,4,2
2017-04-19 05:00:00,1,34,20170419051,5,2
2017-04-19 06:00:00,1,43,20170419061,6,2
2017-04-19 07:00:00,1,49,20170419071,7,2
2017-04-19 08:00:00,1,55,20170419081,8,2
2017-04-19 09:00:00,1,61,20170419091,9,2
2017-04-19 10:00:00,1,88,20170419101,10,2
2017-04-19 11:00:00,1,102,20170419111,11,2
2017-04-19 12:00:00,1,96,20170419121,12,2
2017-04-19 13:00:00,1,86,20170419131,13,2
2017-04-19 14:00:00,1,93,20170419141,14,2
2017-04-19 15:00:00,1,92,20170419151,15,2
2017-04-19 16:00:00,1,85,20170419161,16,2
2017-04-19 17:00:00,1,90,20170419171,17,2
2017-04-19 18:00:00,1,97,20170419181,18,2
2017-04-19 19:00:00,1,96,20170419191,19,2
2017-04-19 20:00:00,1,97,20170419201,20,2
2017-04-19 21:00:00,1,91,20170419211,21,2
2017-04-19 22:00:00,1,81,20170419221,22,2
2017-04-19 23:00:00,1,81,20170419231,23,2
2017-04-20 00:00:00,1,79,20170420001,0,3
2017-04-20 01:00:00,1,63,20170420011,1,3
2017-04-20 02:00:00,1,54,20170420021,2,3
2017-04-20 03:00:00,1,44,20170420031,3,3
2017-04-20 04:00:00,1,38,20170420041,4,3
2017-04-20 05:00:00,1,41,20170420051,5,3
2017-04-20 06:00:00,1,46,20170420061,6,3
2017-04-20 07:00:00,1,49,20170420071,7,3
2017-04-20 08:00:00,1,54,20170420081,8,3
2017-04-20 09:00:00,1,63,20170420091,9,3
2017-04-20 10:00:00,1,79,20170420101,10,3
2017-04-20 11:00:00,1,86,20170420111,11,3
2017-04-20 12:00:00,1,93,20170420121,12,3
2017-04-20 13:00:00,1,78,20170420131,13,3
2017-04-20 14:00:00,1,85,20170420141,14,3
2017-04-20 15:00:00,1,90,20170420151,15,3
2017-04-20 16:00:00,1,83,20170420161,16,3
2017-04-20 17:00:00,1,81,20170420171,17,3
2017-04-20 18:00:00,1,86,20170420181,18,3
2017-04-20 19:00:00,1,87,20170420191,19,3
2017-04-20 20:00:00,1,87,20170420201,20,3
2017-04-20 21:00:00,1,83,20170420211,21,3
2017-04-20 22:00:00,1,78,20170420221,22,3
2017-04-20 23:00:00,1,74,20170420231,23,3
2017-04-21 00:00:00,1,70,20170421001,0,4
2017-04-21 01:00:00,1,59,20170421011,1,4
2017-04-21 02:00:00,1,51,20170421021,2,4
2017-04-21 03:00:00,1,43,20170421031,3,4
2017-04-21 04:00:00,1,34,20170421041,4,4
2017-04-21 05:00:00,1,34,20170421051,5,4
2017-04-21 06:00:00,1,38,20170421061,6,4
2017-04-21 07:00:00,1,48,20170421071,7,4
2017-04-21 08:00:00,1,50,20170421081,8,4
2017-04-21 09:00:00,1,56,20170421091,9,4
2017-04-21 10:00:00,1,72,20170421101,10,4
2017-04-21 11:00:00,1,80,20170421111,11,4
2017-04-21 12:00:00,1,98,20170421121,12,4
2017-04-21 13:00:00,1,81,20170421131,13,4
2017-04-21 14:00:00,1,87,20170421141,14,4
2017-04-21 15:00:00,1,86,20170421151,15,4
2017-04-21 16:00:00,1,78,20170421161,16,4
2017-04-21 17:00:00,1,80,20170421171,17,4
2017-04-21 18:00:00,1,85,20170421181,18,4
2017-04-21 19:00:00,1,84,20170421191,19,4
2017-04-21 20:00:00,1,82,20170421201,20,4
2017-04-21 21:00:00,1,76,20170421211,21,4
2017-04-21 22:00:00,1,70,20170421221,22,4
2017-04-21 23:00:00,1,65,20170421231,23,4
2017-04-22 00:00:00,1,61,20170422001,0,5
2017-04-22 01:00:00,1,55,20170422011,1,5
2017-04-22 02:00:00,1,46,20170422021,2,5
2017-04-22 03:00:00,1,40,20170422031,3,5
2017-04-22 04:00:00,1,36,20170422041,4,5
2017-04-22 05:00:00,1,26,20170422051,5,5
2017-04-22 06:00:00,1,30,20170422061,6,5
2017-04-22 07:00:00,1,32,20170422071,7,5
2017-04-22 08:00:00,1,38,20170422081,8,5
2017-04-22 09:00:00,1,41,20170422091,9,5
2017-04-22 10:00:00,1,46,20170422101,10,5
2017-04-22 11:00:00,1,54,20170422111,11,5
2017-04-22 12:00:00,1,58,20170422121,12,5
2017-04-22 13:00:00,1,48,20170422131,13,5
2017-04-22 14:00:00,1,47,20170422141,14,5
2017-04-22 15:00:00,1,48,20170422151,15,5
2017-04-22 16:00:00,1,47,20170422161,16,5
2017-04-22 17:00:00,1,52,20170422171,17,5
2017-04-22 18:00:00,1,56,20170422181,18,5
2017-04-22 19:00:00,1,57,20170422191,19,5
2017-04-22 20:00:00,1,65,20170422201,20,5
2017-04-22 21:00:00,1,61,20170422211,21,5
2017-04-22 22:00:00,1,63,20170422221,22,5
2017-04-22 23:00:00,1,56,20170422231,23,5
2017-04-23 00:00:00,1,54,20170423001,0,6
2017-04-23 01:00:00,1,46,20170423011,1,6
2017-04-23 02:00:00,1,36,20170423021,2,6
2017-04-23 03:00:00,1,38,20170423031,3,6
2017-04-23 04:00:00,1,35,20170423041,4,6
2017-04-23 05:00:00,1,33,20170423051,5,6
2017-04-23 06:00:00,1,33,20170423061,6,6
2017-04-23 07:00:00,1,34,20170423071,7,6
2017-04-23 08:00:00,1,39,20170423081,8,6
2017-04-23 09:00:00,1,45,20170423091,9,6
2017-04-23 10:00:00,1,53,20170423101,10,6
2017-04-23 11:00:00,1,52,20170423111,11,6
2017-04-23 12:00:00,1,62,20170423121,12,6
2017-04-23 13:00:00,1,57,20170423131,13,6
2017-04-23 14:00:00,1,53,20170423141,14,6
2017-04-23 15:00:00,1,53,20170423151,15,6
2017-04-23 16:00:00,1,49,20170423161,16,6
2017-04-23 17:00:00,1,54,20170423171,17,6
2017-04-23 18:00:00,1,63,20170423181,18,6
2017-04-23 19:00:00,1,68,20170423191,19,6
2017-04-23 20:00:00,1,64,20170423201,20,6
2017-04-23 21:00:00,1,65,20170423211,21,6
2017-04-23 22:00:00,1,65,20170423221,22,6
2017-04-23 23:00:00,1,59,20170423231,23,6
2017-04-24 00:00:00,1,59,20170424001,0,0
2017-04-24 01:00:00,1,50,20170424011,1,0
2017-04-24 02:00:00,1,42,20170424021,2,0
2017-04-24 03:00:00,1,38,20170424031,3,0
2017-04-24 04:00:00,1,35,20170424041,4,0
2017-04-24 05:00:00,1,35,20170424051,5,0
2017-04-24 06:00:00,1,48,20170424061,6,0
2017-04-24 07:00:00,1,55,20170424071,7,0
2017-04-24 08:00:00,1,57,20170424081,8,0
2017-04-24 09:00:00,1,61,20170424091,9,0
2017-04-24 10:00:00,1,77,20170424101,10,0
2017-04-24 11:00:00,1,97,20170424111,11,0
2017-04-24 12:00:00,1,97,20170424121,12,0
2017-04-24 13:00:00,1,89,20170424131,13,0
2017-04-24 14:00:00,1,93,20170424141,14,0
2017-04-24 15:00:00,1,87,20170424151,15,0
2017-04-24 16:00:00,1,87,20170424161,16,0
2017-04-24 17:00:00,1,86,20170424171,17,0
2017-04-24 18:00:00,1,92,20170424181,18,0
2017-04-24 19:00:00,1,98,20170424191,19,0
2017-04-24 20:00:00,1,96,20170424201,20,0
2017-04-24 21:00:00,1,92,20170424211,21,0
2017-04-24 22:00:00,1,88,20170424221,22,0
2017-04-24 23:00:00,1,81,20170424231,23,0
2017-04-25 00:00:00,1,77,20170425001,0,1
2017-04-25 01:00:00,1,63,20170425011,1,1
2017-04-25 02:00:00,1,52,20170425021,2,1
2017-04-25 03:00:00,1,48,20170425031,3,1
2017-04-25 04:00:00,1,40,20170425041,4,1
2017-04-25 05:00:00,1,40,20170425051,5,1
2017-04-25 06:00:00,1,47,20170425061,6,1
2017-04-25 07:00:00,1,55,20170425071,7,1
2017-04-25 08:00:00,1,57,20170425081,8,1
2017-04-25 09:00:00,1,69,20170425091,9,1
2017-04-25 10:00:00,1,78,20170425101,10,1
2017-04-25 11:00:00,1,87,20170425111,11,1
2017-04-25 12:00:00,1,92,20170425121,12,1
2017-04-25 13:00:00,1,85,20170425131,13,1
2017-04-25 14:00:00,1,93,20170425141,14,1
2017-04-25 15:00:00,1,87,20170425151,15,1
2017-04-25 16:00:00,1,88,20170425161,16,1
2017-04-25 17:00:00,1,82,20170425171,17,1
2017-04-25 18:00:00,1,89,20170425181,18,1
2017-04-25 19:00:00,1,94,20170425191,19,1
2017-04-25 20:00:00,1,93,20170425201,20,1
2017-04-25 21:00:00,1,89,20170425211,21,1
2017-04-25 22:00:00,1,83,20170425221,22,1
2017-04-25 23:00:00,1,79,20170425231,23,1
2017-04-26 00:00:00,1,71,20170426001,0,2
2017-04-26 01:00:00,1,61,20170426011,1,2
2017-04-26 02:00:00,1,55,20170426021,2,2
2017-04-26 03:00:00,1,46,20170426031,3,2
2017-04-26 04:00:00,1,41,20170426041,4,2
2017-04-26 05:00:00,1,38,20170426051,5,2
2017-04-26 06:00:00,1,43,20170426061,6,2
2017-04-26 07:00:00,1,49,20170426071,7,2
2017-04-26 08:00:00,1,54,20170426081,8,2
2017-04-26 09:00:00,1,63,20170426091,9,2
2017-04-26 10:00:00,1,78,20170426101,10,2
2017-04-26 11:00:00,1,89,20170426111,11,2
2017-04-26 12:00:00,1,94,20170426121,12,2
2017-04-26 13:00:00,1,78,20170426131,13,2
2017-04-26 14:00:00,1,88,20170426141,14,2
2017-04-26 15:00:00,1,89,20170426151,15,2
2017-04-26 16:00:00,1,86,20170426161,16,2
2017-04-26 17:00:00,1,89,20170426171,17,2
2017-04-26 18:00:00,1,96,20170426181,18,2
2017-04-26 19:00:00,1,95,20170426191,19,2
2017-04-26 20:00:00,1,88,20170426201,20,2
2017-04-26 21:00:00,1,78,20170426211,21,2
2017-04-26 22:00:00,1,84,20170426221,22,2
2017-04-26 23:00:00,1,78,20170426231,23,2
2017-04-27 00:00:00,1,76,20170427001,0,3
2017-04-27 01:00:00,1,65,20170427011,1,3
2017-04-27 02:00:00,1,54,20170427021,2,3
2017-04-27 03:00:00,1,45,20170427031,3,3
2017-04-27 04:00:00,1,39,20170427041,4,3
2017-04-27 05:00:00,1,38,20170427051,5,3
2017-04-27 06:00:00,1,43,20170427061,6,3
2017-04-27 07:00:00,1,53,20170427071,7,3
2017-04-27 08:00:00,1,53,20170427081,8,3
2017-04-27 09:00:00,1,61,20170427091,9,3
2017-04-27 10:00:00,1,83,20170427101,10,3
2017-04-27 11:00:00,1,91,20170427111,11,3
2017-04-27 12:00:00,1,89,20170427121,12,3
2017-04-27 13:00:00,1,85,20170427131,13,3
2017-04-27 14:00:00,1,84,20170427141,14,3
2017-04-27 15:00:00,1,85,20170427151,15,3
2017-04-27 16:00:00,1,79,20170427161,16,3
2017-04-27 17:00:00,1,81,20170427171,17,3
2017-04-27 18:00:00,1,85,20170427181,18,3
2017-04-27 19:00:00,1,83,20170427191,19,3
2017-04-27 20:00:00,1,87,20170427201,20,3
2017-04-27 21:00:00,1,79,20170427211,21,3
2017-04-27 22:00:00,1,79,20170427221,22,3
2017-04-27 23:00:00,1,76,20170427231,23,3
2017-04-28 00:00:00,1,65,20170428001,0,4
2017-04-28 01:00:00,1,60,20170428011,1,4
2017-04-28 02:00:00,1,53,20170428021,2,4
2017-04-28 03:00:00,1,41,20170428031,3,4
2017-04-28 04:00:00,1,37,20170428041,4,4
2017-04-28 05:00:00,1,35,20170428051,5,4
2017-04-28 06:00:00,1,39,20170428061,6,4
2017-04-28 07:00:00,1,50,20170428071,7,4
2017-04-28 08:00:00,1,47,20170428081,8,4
2017-04-28 09:00:00,1,53,20170428091,9,4
2017-04-28 10:00:00,1,64,20170428101,10,4
2017-04-28 11:00:00,1,81,20170428111,11,4
2017-04-28 12:00:00,1,78,20170428121,12,4
2017-04-28 13:00:00,1,73,20170428131,13,4
2017-04-28 14:00:00,1,74,20170428141,14,4
2017-04-28 15:00:00,1,73,20170428151,15,4
2017-04-28 16:00:00,1,70,20170428161,16,4
2017-04-28 17:00:00,1,68,20170428171,17,4
2017-04-28 18:00:00,1,68,20170428181,18,4
2017-04-28 19:00:00,1,69,20170428191,19,4
2017-04-28 20:00:00,1,73,20170428201,20,4
2017-04-28 21:00:00,1,66,20170428211,21,4
2017-04-28 22:00:00,1,62,20170428221,22,4
2017-04-28 23:00:00,1,64,20170428231,23,4
2017-04-29 00:00:00,1,60,20170429001,0,5
2017-04-29 01:00:00,1,52,20170429011,1,5
2017-04-29 02:00:00,1,42,20170429021,2,5
2017-04-29 03:00:00,1,40,20170429031,3,5
2017-04-29 04:00:00,1,30,20170429041,4,5
2017-04-29 05:00:00,1,27,20170429051,5,5
2017-04-29 06:00:00,1,33,20170429061,6,5
2017-04-29 07:00:00,1,29,20170429071,7,5
2017-04-29 08:00:00,1,35,20170429081,8,5
2017-04-29 09:00:00,1,39,20170429091,9,5
2017-04-29 10:00:00,1,54,20170429101,10,5
2017-04-29 11:00:00,1,55,20170429111,11,5
2017-04-29 12:00:00,1,52,20170429121,12,5
2017-04-29 13:00:00,1,47,20170429131,13,5
2017-04-29 14:00:00,1,47,20170429141,14,5
2017-04-29 15:00:00,1,43,20170429151,15,5
2017-04-29 16:00:00,1,46,20170429161,16,5
2017-04-29 17:00:00,1,46,20170429171,17,5
2017-04-29 18:00:00,1,47,20170429181,18,5
2017-04-29 19:00:00,1,53,20170429191,19,5
2017-04-29 20:00:00,1,59,20170429201,20,5
2017-04-29 21:00:00,1,53,20170429211,21,5
2017-04-29 22:00:00,1,55,20170429221,22,5
2017-04-29 23:00:00,1,51,20170429231,23,5
2017-04-30 00:00:00,1,47,20170430001,0,6
2017-04-30 01:00:00,1,42,20170430011,1,6
2017-04-30 02:00:00,1,35,20170430021,2,6
2017-04-30 03:00:00,1,36,20170430031,3,6
2017-04-30 04:00:00,1,25,20170430041,4,6
2017-04-30 05:00:00,1,26,20170430051,5,6
2017-04-30 06:00:00,1,29,20170430061,6,6
2017-04-30 07:00:00,1,30,20170430071,7,6
2017-04-30 08:00:00,1,37,20170430081,8,6
2017-04-30 09:00:00,1,39,20170430091,9,6
2017-04-30 10:00:00,1,43,20170430101,10,6
2017-04-30 11:00:00,1,47,20170430111,11,6
2017-04-30 12:00:00,1,46,20170430121,12,6
2017-04-30 13:00:00,1,47,20170430131,13,6
2017-04-30 14:00:00,1,42,20170430141,14,6
2017-04-30 15:00:00,1,45,20170430151,15,6
2017-04-30 16:00:00,1,43,20170430161,16,6
2017-04-30 17:00:00,1,45,20170430171,17,6
2017-04-30 18:00:00,1,53,20170430181,18,6
2017-04-30 19:00:00,1,58,20170430191,19,6
2017-04-30 20:00:00,1,54,20170430201,20,6
2017-04-30 21:00:00,1,56,20170430211,21,6
2017-04-30 22:00:00,1,58,20170430221,22,6
2017-04-30 23:00:00,1,58,20170430231,23,6
2017-05-01 00:00:00,1,51,20170501001,0,0
2017-05-01 01:00:00,1,49,20170501011,1,0
2017-05-01 02:00:00,1,39,20170501021,2,0
2017-05-01 03:00:00,1,35,20170501031,3,0
2017-05-01 04:00:00,1,37,20170501041,4,0
2017-05-01 05:00:00,1,33,20170501051,5,0
2017-05-01 06:00:00,1,34,20170501061,6,0
2017-05-01 07:00:00,1,42,20170501071,7,0
2017-05-01 08:00:00,1,45,20170501081,8,0
2017-05-01 09:00:00,1,48,20170501091,9,0
2017-05-01 10:00:00,1,60,20170501101,10,0
2017-05-01 11:00:00,1,70,20170501111,11,0
2017-05-01 12:00:00,1,65,20170501121,12,0
2017-05-01 13:00:00,1,40,20170501131,13,0
2017-05-01 14:00:00,1,65,20170501141,14,0
2017-05-01 15:00:00,1,61,20170501151,15,0
2017-05-01 16:00:00,1,35,20170501161,16,0
2017-05-01 17:00:00,1,70,20170501171,17,0
2017-05-01 18:00:00,1,74,20170501181,18,0
2017-05-01 19:00:00,1,83,20170501191,19,0
2017-05-01 20:00:00,1,84,20170501201,20,0
2017-05-01 21:00:00,1,78,20170501211,21,0
2017-05-01 22:00:00,1,76,20170501221,22,0
2017-05-01 23:00:00,1,73,20170501231,23,0
2017-05-02 00:00:00,1,72,20170502001,0,1
2017-05-02 01:00:00,1,59,20170502011,1,1
2017-05-02 02:00:00,1,51,20170502021,2,1
2017-05-02 03:00:00,1,45,20170502031,3,1
2017-05-02 04:00:00,1,36,20170502041,4,1
2017-05-02 05:00:00,1,37,20170502051,5,1
2017-05-02 06:00:00,1,46,20170502061,6,1
2017-05-02 07:00:00,1,48,20170502071,7,1
2017-05-02 08:00:00,1,53,20170502081,8,1
2017-05-02 09:00:00,1,60,20170502091,9,1
2017-05-02 10:00:00,1,81,20170502101,10,1
2017-05-02 11:00:00,1,87,20170502111,11,1
2017-05-02 12:00:00,1,91,20170502121,12,1
2017-05-02 13:00:00,1,92,20170502131,13,1
2017-05-02 14:00:00,1,94,20170502141,14,1
2017-05-02 15:00:00,1,98,20170502151,15,1
2017-05-02 16:00:00,1,84,20170502161,16,1
2017-05-02 17:00:00,1,89,20170502171,17,1
2017-05-02 18:00:00,1,90,20170502181,18,1
2017-05-02 19:00:00,1,102,20170502191,19,1
2017-05-02 20:00:00,1,95,20170502201,20,1
2017-05-02 21:00:00,1,88,20170502211,21,1
2017-05-02 22:00:00,1,86,20170502221,22,1
2017-05-02 23:00:00,1,80,20170502231,23,1
2017-05-03 00:00:00,1,73,20170503001,0,2
2017-05-03 01:00:00,1,68,20170503011,1,2
2017-05-03 02:00:00,1,52,20170503021,2,2
2017-05-03 03:00:00,1,44,20170503031,3,2
2017-05-03 04:00:00,1,38,20170503041,4,2
2017-05-03 05:00:00,1,40,20170503051,5,2
2017-05-03 06:00:00,1,47,20170503061,6,2
2017-05-03 07:00:00,1,51,20170503071,7,2
2017-05-03 08:00:00,1,55,20170503081,8,2
2017-05-03 09:00:00,1,65,20170503091,9,2
2017-05-03 10:00:00,1,79,20170503101,10,2
2017-05-03 11:00:00,1,87,20170503111,11,2
2017-05-03 12:00:00,1,95,20170503121,12,2
2017-05-03 13:00:00,1,82,20170503131,13,2
2017-05-03 14:00:00,1,93,20170503141,14,2
2017-05-03 15:00:00,1,91,20170503151,15,2
2017-05-03 16:00:00,1,84,20170503161,16,2
2017-05-03 17:00:00,1,86,20170503171,17,2
2017-05-03 18:00:00,1,88,20170503181,18,2
2017-05-03 19:00:00,1,92,20170503191,19,2
2017-05-03 20:00:00,1,91,20170503201,20,2
2017-05-03 21:00:00,1,86,20170503211,21,2
2017-05-03 22:00:00,1,86,20170503221,22,2
2017-05-03 23:00:00,1,74,20170503231,23,2
2017-05-04 00:00:00,1,70,20170504001,0,3
2017-05-04 01:00:00,1,62,20170504011,1,3
2017-05-04 02:00:00,1,54,20170504021,2,3
2017-05-04 03:00:00,1,46,20170504031,3,3
2017-05-04 04:00:00,1,37,20170504041,4,3
2017-05-04 05:00:00,1,32,20170504051,5,3
2017-05-04 06:00:00,1,42,20170504061,6,3
2017-05-04 07:00:00,1,46,20170504071,7,3
2017-05-04 08:00:00,1,49,20170504081,8,3
2017-05-04 09:00:00,1,58,20170504091,9,3
2017-05-04 10:00:00,1,93,20170504101,10,3
2017-05-04 11:00:00,1,103,20170504111,11,3
2017-05-04 12:00:00,1,101,20170504121,12,3
2017-05-04 13:00:00,1,85,20170504131,13,3
2017-05-04 14:00:00,1,98,20170504141,14,3
2017-05-04 15:00:00,1,95,20170504151,15,3
2017-05-04 16:00:00,1,94,20170504161,16,3
2017-05-04 17:00:00,1,89,20170504171,17,3
2017-05-04 18:00:00,1,91,20170504181,18,3
2017-05-04 19:00:00,1,92,20170504191,19,3
2017-05-04 20:00:00,1,88,20170504201,20,3
2017-05-04 21:00:00,1,82,20170504211,21,3
2017-05-04 22:00:00,1,80,20170504221,22,3
2017-05-04 23:00:00,1,80,20170504231,23,3
2017-05-05 00:00:00,1,74,20170505001,0,4
2017-05-05 01:00:00,1,61,20170505011,1,4
2017-05-05 02:00:00,1,54,20170505021,2,4
2017-05-05 03:00:00,1,43,20170505031,3,4
2017-05-05 04:00:00,1,37,20170505041,4,4
2017-05-05 05:00:00,1,34,20170505051,5,4
2017-05-05 06:00:00,1,45,20170505061,6,4
2017-05-05 07:00:00,1,52,20170505071,7,4
2017-05-05 08:00:00,1,54,20170505081,8,4
2017-05-05 09:00:00,1,62,20170505091,9,4
2017-05-05 10:00:00,1,74,20170505101,10,4
2017-05-05 11:00:00,1,87,20170505111,11,4
2017-05-05 12:00:00,1,89,20170505121,12,4
2017-05-05 13:00:00,1,83,20170505131,13,4
2017-05-05 14:00:00,1,90,20170505141,14,4
2017-05-05 15:00:00,1,81,20170505151,15,4
2017-05-05 16:00:00,1,80,20170505161,16,4
2017-05-05 17:00:00,1,81,20170505171,17,4
2017-05-05 18:00:00,1,84,20170505181,18,4
2017-05-05 19:00:00,1,81,20170505191,19,4
2017-05-05 20:00:00,1,76,20170505201,20,4
2017-05-05 21:00:00,1,74,20170505211,21,4
2017-05-05 22:00:00,1,71,20170505221,22,4
2017-05-05 23:00:00,1,70,20170505231,23,4
2017-05-06 00:00:00,1,64,20170506001,0,5
2017-05-06 01:00:00,1,53,20170506011,1,5
2017-05-06 02:00:00,1,42,20170506021,2,5
2017-05-06 03:00:00,1,36,20170506031,3,5
2017-05-06 04:00:00,1,29,20170506041,4,5
2017-05-06 05:00:00,1,27,20170506051,5,5
2017-05-06 06:00:00,1,28,20170506061,6,5
2017-05-06 07:00:00,1,32,20170506071,7,5
2017-05-06 08:00:00,1,35,20170506081,8,5
2017-05-06 09:00:00,1,46,20170506091,9,5
2017-05-06 10:00:00,1,46,20170506101,10,5
2017-05-06 11:00:00,1,52,20170506111,11,5
2017-05-06 12:00:00,1,54,20170506121,12,5
2017-05-06 13:00:00,1,48,20170506131,13,5
2017-05-06 14:00:00,1,48,20170506141,14,5
2017-05-06 15:00:00,1,44,20170506151,15,5
2017-05-06 16:00:00,1,49,20170506161,16,5
2017-05-06 17:00:00,1,47,20170506171,17,5
2017-05-06 18:00:00,1,51,20170506181,18,5
2017-05-06 19:00:00,1,51,20170506191,19,5
2017-05-06 20:00:00,1,57,20170506201,20,5
2017-05-06 21:00:00,1,53,20170506211,21,5
2017-05-06 22:00:00,1,54,20170506221,22,5
2017-05-06 23:00:00,1,52,20170506231,23,5
2017-05-07 00:00:00,1,47,20170507001,0,6
2017-05-07 01:00:00,1,43,20170507011,1,6
2017-05-07 02:00:00,1,36,20170507021,2,6
2017-05-07 03:00:00,1,30,20170507031,3,6
2017-05-07 04:00:00,1,27,20170507041,4,6
2017-05-07 05:00:00,1,25,20170507051,5,6
2017-05-07 06:00:00,1,27,20170507061,6,6
2017-05-07 07:00:00,1,29,20170507071,7,6
2017-05-07 08:00:00,1,33,20170507081,8,6
2017-05-07 09:00:00,1,41,20170507091,9,6
2017-05-07 10:00:00,1,44,20170507101,10,6
2017-05-07 11:00:00,1,45,20170507111,11,6
2017-05-07 12:00:00,1,46,20170507121,12,6
2017-05-07 13:00:00,1,45,20170507131,13,6
2017-05-07 14:00:00,1,47,20170507141,14,6
2017-05-07 15:00:00,1,49,20170507151,15,6
2017-05-07 16:00:00,1,49,20170507161,16,6
2017-05-07 17:00:00,1,48,20170507171,17,6
2017-05-07 18:00:00,1,58,20170507181,18,6
2017-05-07 19:00:00,1,62,20170507191,19,6
2017-05-07 20:00:00,1,62,20170507201,20,6
2017-05-07 21:00:00,1,59,20170507211,21,6
2017-05-07 22:00:00,1,55,20170507221,22,6
2017-05-07 23:00:00,1,59,20170507231,23,6
2017-05-08 00:00:00,1,52,20170508001,0,0
2017-05-08 01:00:00,1,43,20170508011,1,0
2017-05-08 02:00:00,1,36,20170508021,2,0
2017-05-08 03:00:00,1,32,20170508031,3,0
2017-05-08 04:00:00,1,35,20170508041,4,0
2017-05-08 05:00:00,1,34,20170508051,5,0
2017-05-08 06:00:00,1,41,20170508061,6,0
2017-05-08 07:00:00,1,48,20170508071,7,0
2017-05-08 08:00:00,1,53,20170508081,8,0
2017-05-08 09:00:00,1,61,20170508091,9,0
2017-05-08 10:00:00,1,72,20170508101,10,0
2017-05-08 11:00:00,1,91,20170508111,11,0
2017-05-08 12:00:00,1,93,20170508121,12,0
2017-05-08 13:00:00,1,81,20170508131,13,0
2017-05-08 14:00:00,1,87,20170508141,14,0
2017-05-08 15:00:00,1,87,20170508151,15,0
2017-05-08 16:00:00,1,84,20170508161,16,0
2017-05-08 17:00:00,1,84,20170508171,17,0
2017-05-08 18:00:00,1,89,20170508181,18,0
2017-05-08 19:00:00,1,90,20170508191,19,0
2017-05-08 20:00:00,1,87,20170508201,20,0
2017-05-08 21:00:00,1,86,20170508211,21,0
2017-05-08 22:00:00,1,82,20170508221,22,0
2017-05-08 23:00:00,1,75,20170508231,23,0
2017-05-09 00:00:00,1,64,20170509001,0,1
2017-05-09 01:00:00,1,64,20170509011,1,1
2017-05-09 02:00:00,1,54,20170509021,2,1
2017-05-09 03:00:00,1,41,20170509031,3,1
2017-05-09 04:00:00,1,37,20170509041,4,1
2017-05-09 05:00:00,1,32,20170509051,5,1
2017-05-09 06:00:00,1,46,20170509061,6,1
2017-05-09 07:00:00,1,53,20170509071,7,1
2017-05-09 08:00:00,1,53,20170509081,8,1
2017-05-09 09:00:00,1,58,20170509091,9,1
2017-05-09 10:00:00,1,105,20170509101,10,1
2017-05-09 11:00:00,1,98,20170509111,11,1
2017-05-09 12:00:00,1,103,20170509121,12,1
2017-05-09 13:00:00,1,92,20170509131,13,1
2017-05-09 14:00:00,1,96,20170509141,14,1
2017-05-09 15:00:00,1,95,20170509151,15,1
2017-05-09 16:00:00,1,93,20170509161,16,1
2017-05-09 17:00:00,1,95,20170509171,17,1
2017-05-09 18:00:00,1,96,20170509181,18,1
2017-05-09 19:00:00,1,96,20170509191,19,1
2017-05-09 20:00:00,1,92,20170509201,20,1
2017-05-09 21:00:00,1,84,20170509211,21,1
2017-05-09 22:00:00,1,86,20170509221,22,1
2017-05-09 23:00:00,1,76,20170509231,23,1
2017-05-10 00:00:00,1,72,20170510001,0,2
2017-05-10 01:00:00,1,64,20170510011,1,2
2017-05-10 02:00:00,1,52,20170510021,2,2
2017-05-10 03:00:00,1,45,20170510031,3,2
2017-05-10 04:00:00,1,43,20170510041,4,2
2017-05-10 05:00:00,1,38,20170510051,5,2
2017-05-10 06:00:00,1,45,20170510061,6,2
2017-05-10 07:00:00,1,50,20170510071,7,2
2017-05-10 08:00:00,1,56,20170510081,8,2
2017-05-10 09:00:00,1,64,20170510091,9,2
2017-05-10 10:00:00,1,81,20170510101,10,2
2017-05-10 11:00:00,1,96,20170510111,11,2
2017-05-10 12:00:00,1,98,20170510121,12,2
2017-05-10 13:00:00,1,88,20170510131,13,2
2017-05-10 14:00:00,1,94,20170510141,14,2
2017-05-10 15:00:00,1,100,20170510151,15,2
2017-05-10 16:00:00,1,90,20170510161,16,2
2017-05-10 17:00:00,1,93,20170510171,17,2
2017-05-10 18:00:00,1,97,20170510181,18,2
2017-05-10 19:00:00,1,94,20170510191,19,2
2017-05-10 20:00:00,1,94,20170510201,20,2
2017-05-10 21:00:00,1,83,20170510211,21,2
2017-05-10 22:00:00,1,82,20170510221,22,2
2017-05-10 23:00:00,1,77,20170510231,23,2
2017-05-11 00:00:00,1,68,20170511001,0,3
2017-05-11 01:00:00,1,65,20170511011,1,3
2017-05-11 02:00:00,1,53,20170511021,2,3
2017-05-11 03:00:00,1,41,20170511031,3,3
2017-05-11 04:00:00,1,33,20170511041,4,3
2017-05-11 05:00:00,1,38,20170511051,5,3
2017-05-11 06:00:00,1,40,20170511061,6,3
2017-05-11 07:00:00,1,52,20170511071,7,3
2017-05-11 08:00:00,1,52,20170511081,8,3
2017-05-11 09:00:00,1,57,20170511091,9,3
2017-05-11 10:00:00,1,77,20170511101,10,3
2017-05-11 11:00:00,1,104,20170511111,11,3
2017-05-11 12:00:00,1,107,20170511121,12,3
2017-05-11 13:00:00,1,96,20170511131,13,3
2017-05-11 14:00:00,1,100,20170511141,14,3
2017-05-11 15:00:00,1,94,20170511151,15,3
2017-05-11 16:00:00,1,93,20170511161,16,3
2017-05-11 17:00:00,1,95,20170511171,17,3
2017-05-11 18:00:00,1,111,20170511181,18,3
2017-05-11 19:00:00,1,112,20170511191,19,3
2017-05-11 20:00:00,1,107,20170511201,20,3
2017-05-11 21:00:00,1,103,20170511211,21,3
2017-05-11 22:00:00,1,97,20170511221,22,3
2017-05-11 23:00:00,1,92,20170511231,23,3
2017-05-12 00:00:00,1,87,20170512001,0,4
2017-05-12 01:00:00,1,76,20170512011,1,4
2017-05-12 02:00:00,1,65,20170512021,2,4
2017-05-12 03:00:00,1,51,20170512031,3,4
2017-05-12 04:00:00,1,48,20170512041,4,4
2017-05-12 05:00:00,1,43,20170512051,5,4
2017-05-12 06:00:00,1,48,20170512061,6,4
2017-05-12 07:00:00,1,55,20170512071,7,4
2017-05-12 08:00:00,1,60,20170512081,8,4
2017-05-12 09:00:00,1,74,20170512091,9,4
2017-05-12 10:00:00,1,78,20170512101,10,4
2017-05-12 11:00:00,1,93,20170512111,11,4
2017-05-12 12:00:00,1,99,20170512121,12,4
2017-05-12 13:00:00,1,85,20170512131,13,4
2017-05-12 14:00:00,1,89,20170512141,14,4
2017-05-12 15:00:00,1,92,20170512151,15,4
2017-05-12 16:00:00,1,86,20170512161,16,4
2017-05-12 17:00:00,1,83,20170512171,17,4
2017-05-12 18:00:00,1,94,20170512181,18,4
2017-05-12 19:00:00,1,100,20170512191,19,4
2017-05-12 20:00:00,1,94,20170512201,20,4
2017-05-12 21:00:00,1,79,20170512211,21,4
2017-05-12 22:00:00,1,78,20170512221,22,4
2017-05-12 23:00:00,1,76,20170512231,23,4
2017-05-13 00:00:00,1,67,20170513001,0,5
2017-05-13 01:00:00,1,59,20170513011,1,5
2017-05-13 02:00:00,1,44,20170513021,2,5
2017-05-13 03:00:00,1,43,20170513031,3,5
2017-05-13 04:00:00,1,34,20170513041,4,5
2017-05-13 05:00:00,1,31,20170513051,5,5
2017-05-13 06:00:00,1,34,20170513061,6,5
2017-05-13 07:00:00,1,33,20170513071,7,5
2017-05-13 08:00:00,1,38,20170513081,8,5
2017-05-13 09:00:00,1,45,20170513091,9,5
2017-05-13 10:00:00,1,50,20170513101,10,5
2017-05-13 11:00:00,1,52,20170513111,11,5
2017-05-13 12:00:00,1,54,20170513121,12,5
2017-05-13 13:00:00,1,52,20170513131,13,5
2017-05-13 14:00:00,1,51,20170513141,14,5
2017-05-13 15:00:00,1,54,20170513151,15,5
2017-05-13 16:00:00,1,51,20170513161,16,5
2017-05-13 17:00:00,1,52,20170513171,17,5
2017-05-13 18:00:00,1,54,20170513181,18,5
2017-05-13 19:00:00,1,60,20170513191,19,5
2017-05-13 20:00:00,1,64,20170513201,20,5
2017-05-13 21:00:00,1,60,20170513211,21,5
2017-05-13 22:00:00,1,57,20170513221,22,5
2017-05-13 23:00:00,1,58,20170513231,23,5
2017-05-14 00:00:00,1,49,20170514001,0,6
2017-05-14 01:00:00,1,42,20170514011,1,6
2017-05-14 02:00:00,1,35,20170514021,2,6
2017-05-14 03:00:00,1,36,20170514031,3,6
2017-05-14 04:00:00,1,27,20170514041,4,6
2017-05-14 05:00:00,1,23,20170514051,5,6
2017-05-14 06:00:00,1,29,20170514061,6,6
2017-05-14 07:00:00,1,33,20170514071,7,6
2017-05-14 08:00:00,1,36,20170514081,8,6
2017-05-14 09:00:00,1,43,20170514091,9,6
2017-05-14 10:00:00,1,51,20170514101,10,6
2017-05-14 11:00:00,1,53,20170514111,11,6
2017-05-14 12:00:00,1,52,20170514121,12,6
2017-05-14 13:00:00,1,51,20170514131,13,6
2017-05-14 14:00:00,1,50,20170514141,14,6
2017-05-14 15:00:00,1,46,20170514151,15,6
2017-05-14 16:00:00,1,51,20170514161,16,6
2017-05-14 17:00:00,1,53,20170514171,17,6
2017-05-14 18:00:00,1,62,20170514181,18,6
2017-05-14 19:00:00,1,67,20170514191,19,6
2017-05-14 20:00:00,1,63,20170514201,20,6
2017-05-14 21:00:00,1,60,20170514211,21,6
2017-05-14 22:00:00,1,62,20170514221,22,6
2017-05-14 23:00:00,1,59,20170514231,23,6
2017-05-15 00:00:00,1,52,20170515001,0,0
2017-05-15 01:00:00,1,44,20170515011,1,0
2017-05-15 02:00:00,1,40,20170515021,2,0
2017-05-15 03:00:00,1,33,20170515031,3,0
2017-05-15 04:00:00,1,32,20170515041,4,0
2017-05-15 05:00:00,1,33,20170515051,5,0
2017-05-15 06:00:00,1,43,20170515061,6,0
2017-05-15 07:00:00,1,48,20170515071,7,0
2017-05-15 08:00:00,1,52,20170515081,8,0
2017-05-15 09:00:00,1,64,20170515091,9,0
2017-05-15 10:00:00,1,81,20170515101,10,0
2017-05-15 11:00:00,1,113,20170515111,11,0
2017-05-15 12:00:00,1,112,20170515121,12,0
2017-05-15 13:00:00,1,95,20170515131,13,0
2017-05-15 14:00:00,1,102,20170515141,14,0
2017-05-15 15:00:00,1,102,20170515151,15,0
2017-05-15 16:00:00,1,100,20170515161,16,0
2017-05-15 17:00:00,1,100,20170515171,17,0
2017-05-15 18:00:00,1,105,20170515181,18,0
2017-05-15 19:00:00,1,112,20170515191,19,0
2017-05-15 20:00:00,1,99,20170515201,20,0
2017-05-15 21:00:00,1,97,20170515211,21,0
2017-05-15 22:00:00,1,86,20170515221,22,0
2017-05-15 23:00:00,1,82,20170515231,23,0
2017-05-16 00:00:00,1,74,20170516001,0,1
2017-05-16 01:00:00,1,64,20170516011,1,1
2017-05-16 02:00:00,1,55,20170516021,2,1
2017-05-16 03:00:00,1,45,20170516031,3,1
2017-05-16 04:00:00,1,35,20170516041,4,1
2017-05-16 05:00:00,1,37,20170516051,5,1
2017-05-16 06:00:00,1,42,20170516061,6,1
2017-05-16 07:00:00,1,48,20170516071,7,1
2017-05-16 08:00:00,1,54,20170516081,8,1
2017-05-16 09:00:00,1,64,20170516091,9,1
2017-05-16 10:00:00,1,86,20170516101,10,1
2017-05-16 11:00:00,1,95,20170516111,11,1
2017-05-16 12:00:00,1,99,20170516121,12,1
2017-05-16 13:00:00,1,96,20170516131,13,1
2017-05-16 14:00:00,1,98,20170516141,14,1
2017-05-16 15:00:00,1,100,20170516151,15,1
2017-05-16 16:00:00,1,91,20170516161,16,1
2017-05-16 17:00:00,1,95,20170516171,17,1
2017-05-16 18:00:00,1,94,20170516181,18,1
2017-05-16 19:00:00,1,92,20170516191,19,1
2017-05-16 20:00:00,1,93,20170516201,20,1
2017-05-16 21:00:00,1,88,20170516211,21,1
2017-05-16 22:00:00,1,81,20170516221,22,1
2017-05-16 23:00:00,1,83,20170516231,23,1
2017-05-17 00:00:00,1,73,20170517001,0,2
2017-05-17 01:00:00,1,60,20170517011,1,2
2017-05-17 02:00:00,1,52,20170517021,2,2
2017-05-17 03:00:00,1,41,20170517031,3,2
2017-05-17 04:00:00,1,36,20170517041,4,2
2017-05-17 05:00:00,1,37,20170517051,5,2
2017-05-17 06:00:00,1,45,20170517061,6,2
2017-05-17 07:00:00,1,52,20170517071,7,2
2017-05-17 08:00:00,1,55,20170517081,8,2
2017-05-17 09:00:00,1,67,20170517091,9,2
2017-05-17 10:00:00,1,76,20170517101,10,2
2017-05-17 11:00:00,1,95,20170517111,11,2
2017-05-17 12:00:00,1,98,20170517121,12,2
2017-05-17 13:00:00,1,90,20170517131,13,2
2017-05-17 14:00:00,1,93,20170517141,14,2
2017-05-17 15:00:00,1,94,20170517151,15,2
2017-05-17 16:00:00,1,94,20170517161,16,2
2017-05-17 17:00:00,1,89,20170517171,17,2
2017-05-17 18:00:00,1,100,20170517181,18,2
2017-05-17 19:00:00,1,104,20170517191,19,2
2017-05-17 20:00:00,1,95,20170517201,20,2
2017-05-17 21:00:00,1,86,20170517211,21,2
2017-05-17 22:00:00,1,86,20170517221,22,2
2017-05-17 23:00:00,1,78,20170517231,23,2
2017-05-18 00:00:00,1,73,20170518001,0,3
2017-05-18 01:00:00,1,61,20170518011,1,3
2017-05-18 02:00:00,1,54,20170518021,2,3
2017-05-18 03:00:00,1,43,20170518031,3,3
2017-05-18 04:00:00,1,33,20170518041,4,3
2017-05-18 05:00:00,1,38,20170518051,5,3
2017-05-18 06:00:00,1,44,20170518061,6,3
2017-05-18 07:00:00,1,50,20170518071,7,3
2017-05-18 08:00:00,1,53,20170518081,8,3
2017-05-18 09:00:00,1,65,20170518091,9,3
2017-05-18 10:00:00,1,83,20170518101,10,3
2017-05-18 11:00:00,1,111,20170518111,11,3
2017-05-18 12:00:00,1,110,20170518121,12,3
2017-05-18 13:00:00,1,98,20170518131,13,3
2017-05-18 14:00:00,1,105,20170518141,14,3
2017-05-18 15:00:00,1,103,20170518151,15,3
2017-05-18 16:00:00,1,102,20170518161,16,3
2017-05-18 17:00:00,1,95,20170518171,17,3
2017-05-18 18:00:00,1,109,20170518181,18,3
2017-05-18 19:00:00,1,105,20170518191,19,3
2017-05-18 20:00:00,1,101,20170518201,20,3
2017-05-18 21:00:00,1,95,20170518211,21,3
2017-05-18 22:00:00,1,82,20170518221,22,3
2017-05-18 23:00:00,1,87,20170518231,23,3
2017-05-19 00:00:00,1,70,20170519001,0,4
2017-05-19 01:00:00,1,66,20170519011,1,4
2017-05-19 02:00:00,1,54,20170519021,2,4
2017-05-19 03:00:00,1,42,20170519031,3,4
2017-05-19 04:00:00,1,37,20170519041,4,4
2017-05-19 05:00:00,1,37,20170519051,5,4
2017-05-19 06:00:00,1,40,20170519061,6,4
2017-05-19 07:00:00,1,48,20170519071,7,4
2017-05-19 08:00:00,1,59,20170519081,8,4
2017-05-19 09:00:00,1,67,20170519091,9,4
2017-05-19 10:00:00,1,88,20170519101,10,4
2017-05-19 11:00:00,1,94,20170519111,11,4
2017-05-19 12:00:00,1,101,20170519121,12,4
2017-05-19 13:00:00,1,89,20170519131,13,4
2017-05-19 14:00:00,1,88,20170519141,14,4
2017-05-19 15:00:00,1,89,20170519151,15,4
2017-05-19 16:00:00,1,83,20170519161,16,4
2017-05-19 17:00:00,1,84,20170519171,17,4
2017-05-19 18:00:00,1,90,20170519181,18,4
2017-05-19 19:00:00,1,90,20170519191,19,4
2017-05-19 20:00:00,1,86,20170519201,20,4
2017-05-19 21:00:00,1,80,20170519211,21,4
2017-05-19 22:00:00,1,71,20170519221,22,4
2017-05-19 23:00:00,1,71,20170519231,23,4
2017-05-20 00:00:00,1,67,20170520001,0,5
2017-05-20 01:00:00,1,56,20170520011,1,5
2017-05-20 02:00:00,1,45,20170520021,2,5
2017-05-20 03:00:00,1,33,20170520031,3,5
2017-05-20 04:00:00,1,35,20170520041,4,5
2017-05-20 05:00:00,1,25,20170520051,5,5
2017-05-20 06:00:00,1,28,20170520061,6,5
2017-05-20 07:00:00,1,34,20170520071,7,5
2017-05-20 08:00:00,1,36,20170520081,8,5
2017-05-20 09:00:00,1,46,20170520091,9,5
2017-05-20 10:00:00,1,51,20170520101,10,5
2017-05-20 11:00:00,1,55,20170520111,11,5
2017-05-20 12:00:00,1,61,20170520121,12,5
2017-05-20 13:00:00,1,55,20170520131,13,5
2017-05-20 14:00:00,1,53,20170520141,14,5
2017-05-20 15:00:00,1,52,20170520151,15,5
2017-05-20 16:00:00,1,50,20170520161,16,5
2017-05-20 17:00:00,1,50,20170520171,17,5
2017-05-20 18:00:00,1,60,20170520181,18,5
2017-05-20 19:00:00,1,57,20170520191,19,5
2017-05-20 20:00:00,1,62,20170520201,20,5
2017-05-20 21:00:00,1,56,20170520211,21,5
2017-05-20 22:00:00,1,57,20170520221,22,5
2017-05-20 23:00:00,1,59,20170520231,23,5
2017-05-21 00:00:00,1,50,20170521001,0,6
2017-05-21 01:00:00,1,40,20170521011,1,6
2017-05-21 02:00:00,1,40,20170521021,2,6
2017-05-21 03:00:00,1,29,20170521031,3,6
2017-05-21 04:00:00,1,25,20170521041,4,6
2017-05-21 05:00:00,1,28,20170521051,5,6
2017-05-21 06:00:00,1,26,20170521061,6,6
2017-05-21 07:00:00,1,32,20170521071,7,6
2017-05-21 08:00:00,1,37,20170521081,8,6
2017-05-21 09:00:00,1,41,20170521091,9,6
2017-05-21 10:00:00,1,49,20170521101,10,6
2017-05-21 11:00:00,1,57,20170521111,11,6
2017-05-21 12:00:00,1,55,20170521121,12,6
2017-05-21 13:00:00,1,51,20170521131,13,6
2017-05-21 14:00:00,1,46,20170521141,14,6
2017-05-21 15:00:00,1,52,20170521151,15,6
2017-05-21 16:00:00,1,51,20170521161,16,6
2017-05-21 17:00:00,1,53,20170521171,17,6
2017-05-21 18:00:00,1,60,20170521181,18,6
2017-05-21 19:00:00,1,72,20170521191,19,6
2017-05-21 20:00:00,1,69,20170521201,20,6
2017-05-21 21:00:00,1,69,20170521211,21,6
2017-05-21 22:00:00,1,63,20170521221,22,6
2017-05-21 23:00:00,1,58,20170521231,23,6
2017-05-22 00:00:00,1,55,20170522001,0,0
2017-05-22 01:00:00,1,47,20170522011,1,0
2017-05-22 02:00:00,1,43,20170522021,2,0
2017-05-22 03:00:00,1,37,20170522031,3,0
2017-05-22 04:00:00,1,35,20170522041,4,0
2017-05-22 05:00:00,1,34,20170522051,5,0
2017-05-22 06:00:00,1,42,20170522061,6,0
2017-05-22 07:00:00,1,50,20170522071,7,0
2017-05-22 08:00:00,1,59,20170522081,8,0
2017-05-22 09:00:00,1,74,20170522091,9,0
2017-05-22 10:00:00,1,92,20170522101,10,0
2017-05-22 11:00:00,1,136,20170522111,11,0
2017-05-22 12:00:00,1,129,20170522121,12,0
2017-05-22 13:00:00,1,118,20170522131,13,0
2017-05-22 14:00:00,1,124,20170522141,14,0
2017-05-22 15:00:00,1,118,20170522151,15,0
2017-05-22 16:00:00,1,116,20170522161,16,0
2017-05-22 17:00:00,1,114,20170522171,17,0
2017-05-22 18:00:00,1,123,20170522181,18,0
2017-05-22 19:00:00,1,133,20170522191,19,0
2017-05-22 20:00:00,1,120,20170522201,20,0
2017-05-22 21:00:00,1,111,20170522211,21,0
2017-05-22 22:00:00,1,102,20170522221,22,0
2017-05-22 23:00:00,1,96,20170522231,23,0
2017-05-23 00:00:00,1,85,20170523001,0,1
2017-05-23 01:00:00,1,74,20170523011,1,1
2017-05-23 02:00:00,1,66,20170523021,2,1
2017-05-23 03:00:00,1,50,20170523031,3,1
2017-05-23 04:00:00,1,41,20170523041,4,1
2017-05-23 05:00:00,1,42,20170523051,5,1
2017-05-23 06:00:00,1,47,20170523061,6,1
2017-05-23 07:00:00,1,55,20170523071,7,1
2017-05-23 08:00:00,1,63,20170523081,8,1
2017-05-23 09:00:00,1,73,20170523091,9,1
2017-05-23 10:00:00,1,90,20170523101,10,1
2017-05-23 11:00:00,1,106,20170523111,11,1
2017-05-23 12:00:00,1,116,20170523121,12,1
2017-05-23 13:00:00,1,96,20170523131,13,1
2017-05-23 14:00:00,1,113,20170523141,14,1
2017-05-23 15:00:00,1,115,20170523151,15,1
2017-05-23 16:00:00,1,110,20170523161,16,1
2017-05-23 17:00:00,1,103,20170523171,17,1
2017-05-23 18:00:00,1,109,20170523181,18,1
2017-05-23 19:00:00,1,108,20170523191,19,1
2017-05-23 20:00:00,1,103,20170523201,20,1
2017-05-23 21:00:00,1,101,20170523211,21,1
2017-05-23 22:00:00,1,92,20170523221,22,1
2017-05-23 23:00:00,1,86,20170523231,23,1
2017-05-24 00:00:00,1,83,20170524001,0,2
2017-05-24 01:00:00,1,71,20170524011,1,2
2017-05-24 02:00:00,1,54,20170524021,2,2
2017-05-24 03:00:00,1,50,20170524031,3,2
2017-05-24 04:00:00,1,39,20170524041,4,2
2017-05-24 05:00:00,1,39,20170524051,5,2
2017-05-24 06:00:00,1,49,20170524061,6,2
2017-05-24 07:00:00,1,55,20170524071,7,2
2017-05-24 08:00:00,1,62,20170524081,8,2
2017-05-24 09:00:00,1,68,20170524091,9,2
2017-05-24 10:00:00,1,90,20170524101,10,2
2017-05-24 11:00:00,1,109,20170524111,11,2
2017-05-24 12:00:00,1,109,20170524121,12,2
2017-05-24 13:00:00,1,94,20170524131,13,2
2017-05-24 14:00:00,1,111,20170524141,14,2
2017-05-24 15:00:00,1,107,20170524151,15,2
2017-05-24 16:00:00,1,101,20170524161,16,2
2017-05-24 17:00:00,1,96,20170524171,17,2
2017-05-24 18:00:00,1,104,20170524181,18,2
2017-05-24 19:00:00,1,102,20170524191,19,2
2017-05-24 20:00:00,1,102,20170524201,20,2
2017-05-24 21:00:00,1,89,20170524211,21,2
2017-05-24 22:00:00,1,92,20170524221,22,2
2017-05-24 23:00:00,1,88,20170524231,23,2
2017-05-25 00:00:00,1,78,20170525001,0,3
2017-05-25 01:00:00,1,65,20170525011,1,3
2017-05-25 02:00:00,1,55,20170525021,2,3
2017-05-25 03:00:00,1,47,20170525031,3,3
2017-05-25 04:00:00,1,41,20170525041,4,3
2017-05-25 05:00:00,1,38,20170525051,5,3
2017-05-25 06:00:00,1,42,20170525061,6,3
2017-05-25 07:00:00,1,50,20170525071,7,3
2017-05-25 08:00:00,1,59,20170525081,8,3
2017-05-25 09:00:00,1,71,20170525091,9,3
2017-05-25 10:00:00,1,91,20170525101,10,3
2017-05-25 11:00:00,1,128,20170525111,11,3
2017-05-25 12:00:00,1,112,20170525121,12,3
2017-05-25 13:00:00,1,100,20170525131,13,3
2017-05-25 14:00:00,1,103,20170525141,14,3
2017-05-25 15:00:00,1,107,20170525151,15,3
2017-05-25 16:00:00,1,103,20170525161,16,3
2017-05-25 17:00:00,1,104,20170525171,17,3
2017-05-25 18:00:00,1,109,20170525181,18,3
2017-05-25 19:00:00,1,115,20170525191,19,3
2017-05-25 20:00:00,1,106,20170525201,20,3
2017-05-25 21:00:00,1,107,20170525211,21,3
2017-05-25 22:00:00,1,102,20170525221,22,3
2017-05-25 23:00:00,1,93,20170525231,23,3
2017-05-26 00:00:00,1,85,20170526001,0,4
2017-05-26 01:00:00,1,70,20170526011,1,4
2017-05-26 02:00:00,1,59,20170526021,2,4
2017-05-26 03:00:00,1,52,20170526031,3,4
2017-05-26 04:00:00,1,46,20170526041,4,4
2017-05-26 05:00:00,1,41,20170526051,5,4
2017-05-26 06:00:00,1,47,20170526061,6,4
2017-05-26 07:00:00,1,56,20170526071,7,4
2017-05-26 08:00:00,1,61,20170526081,8,4
2017-05-26 09:00:00,1,68,20170526091,9,4
2017-05-26 10:00:00,1,88,20170526101,10,4
2017-05-26 11:00:00,1,97,20170526111,11,4
2017-05-26 12:00:00,1,101,20170526121,12,4
2017-05-26 13:00:00,1,86,20170526131,13,4
2017-05-26 14:00:00,1,94,20170526141,14,4
2017-05-26 15:00:00,1,93,20170526151,15,4
2017-05-26 16:00:00,1,89,20170526161,16,4
2017-05-26 17:00:00,1,85,20170526171,17,4
2017-05-26 18:00:00,1,92,20170526181,18,4
2017-05-26 19:00:00,1,90,20170526191,19,4
2017-05-26 20:00:00,1,89,20170526201,20,4
2017-05-26 21:00:00,1,85,20170526211,21,4
2017-05-26 22:00:00,1,76,20170526221,22,4
2017-05-26 23:00:00,1,77,20170526231,23,4
2017-05-27 00:00:00,1,67,20170527001,0,5
2017-05-27 01:00:00,1,62,20170527011,1,5
2017-05-27 02:00:00,1,46,20170527021,2,5
2017-05-27 03:00:00,1,41,20170527031,3,5
2017-05-27 04:00:00,1,32,20170527041,4,5
2017-05-27 05:00:00,1,28,20170527051,5,5
2017-05-27 06:00:00,1,30,20170527061,6,5
2017-05-27 07:00:00,1,39,20170527071,7,5
2017-05-27 08:00:00,1,45,20170527081,8,5
2017-05-27 09:00:00,1,52,20170527091,9,5
2017-05-27 10:00:00,1,56,20170527101,10,5
2017-05-27 11:00:00,1,78,20170527111,11,5
2017-05-27 12:00:00,1,72,20170527121,12,5
2017-05-27 13:00:00,1,64,20170527131,13,5
2017-05-27 14:00:00,1,58,20170527141,14,5
2017-05-27 15:00:00,1,58,20170527151,15,5
2017-05-27 16:00:00,1,58,20170527161,16,5
2017-05-27 17:00:00,1,61,20170527171,17,5
2017-05-27 18:00:00,1,62,20170527181,18,5
2017-05-27 19:00:00,1,65,20170527191,19,5
2017-05-27 20:00:00,1,69,20170527201,20,5
2017-05-27 21:00:00,1,63,20170527211,21,5
2017-05-27 22:00:00,1,62,20170527221,22,5
2017-05-27 23:00:00,1,58,20170527231,23,5
2017-05-28 00:00:00,1,56,20170528001,0,6
2017-05-28 01:00:00,1,45,20170528011,1,6
2017-05-28 02:00:00,1,33,20170528021,2,6
2017-05-28 03:00:00,1,30,20170528031,3,6
2017-05-28 04:00:00,1,30,20170528041,4,6
2017-05-28 05:00:00,1,25,20170528051,5,6
2017-05-28 06:00:00,1,30,20170528061,6,6
2017-05-28 07:00:00,1,30,20170528071,7,6
2017-05-28 08:00:00,1,38,20170528081,8,6
2017-05-28 09:00:00,1,45,20170528091,9,6
2017-05-28 10:00:00,1,48,20170528101,10,6
2017-05-28 11:00:00,1,60,20170528111,11,6
2017-05-28 12:00:00,1,65,20170528121,12,6
2017-05-28 13:00:00,1,58,20170528131,13,6
2017-05-28 14:00:00,1,54,20170528141,14,6
2017-05-28 15:00:00,1,53,20170528151,15,6
2017-05-28 16:00:00,1,56,20170528161,16,6
2017-05-28 17:00:00,1,57,20170528171,17,6
2017-05-28 18:00:00,1,61,20170528181,18,6
2017-05-28 19:00:00,1,62,20170528191,19,6
2017-05-28 20:00:00,1,63,20170528201,20,6
2017-05-28 21:00:00,1,67,20170528211,21,6
2017-05-28 22:00:00,1,64,20170528221,22,6
2017-05-28 23:00:00,1,68,20170528231,23,6
2017-05-29 00:00:00,1,55,20170529001,0,0
2017-05-29 01:00:00,1,48,20170529011,1,0
2017-05-29 02:00:00,1,40,20170529021,2,0
2017-05-29 03:00:00,1,35,20170529031,3,0
2017-05-29 04:00:00,1,32,20170529041,4,0
2017-05-29 05:00:00,1,35,20170529051,5,0
2017-05-29 06:00:00,1,38,20170529061,6,0
2017-05-29 07:00:00,1,48,20170529071,7,0
2017-05-29 08:00:00,1,54,20170529081,8,0
2017-05-29 09:00:00,1,71,20170529091,9,0
2017-05-29 10:00:00,1,102,20170529101,10,0
2017-05-29 11:00:00,1,128,20170529111,11,0
2017-05-29 12:00:00,1,128,20170529121,12,0
2017-05-29 13:00:00,1,108,20170529131,13,0
2017-05-29 14:00:00,1,120,20170529141,14,0
2017-05-29 15:00:00,1,113,20170529151,15,0
2017-05-29 16:00:00,1,109,20170529161,16,0
2017-05-29 17:00:00,1,107,20170529171,17,0
2017-05-29 18:00:00,1,109,20170529181,18,0
2017-05-29 19:00:00,1,104,20170529191,19,0
2017-05-29 20:00:00,1,93,20170529201,20,0
2017-05-29 21:00:00,1,84,20170529211,21,0
2017-05-29 22:00:00,1,89,20170529221,22,0
2017-05-29 23:00:00,1,80,20170529231,23,0
2017-05-30 00:00:00,1,69,20170530001,0,1
2017-05-30 01:00:00,1,58,20170530011,1,1
2017-05-30 02:00:00,1,48,20170530021,2,1
2017-05-30 03:00:00,1,44,20170530031,3,1
2017-05-30 04:00:00,1,38,20170530041,4,1
2017-05-30 05:00:00,1,40,20170530051,5,1
2017-05-30 06:00:00,1,42,20170530061,6,1
2017-05-30 07:00:00,1,52,20170530071,7,1
2017-05-30 08:00:00,1,58,20170530081,8,1
2017-05-30 09:00:00,1,76,20170530091,9,1
2017-05-30 10:00:00,1,92,20170530101,10,1
2017-05-30 11:00:00,1,108,20170530111,11,1
2017-05-30 12:00:00,1,116,20170530121,12,1
2017-05-30 13:00:00,1,101,20170530131,13,1
2017-05-30 14:00:00,1,116,20170530141,14,1
2017-05-30 15:00:00,1,115,20170530151,15,1
2017-05-30 16:00:00,1,105,20170530161,16,1
2017-05-30 17:00:00,1,104,20170530171,17,1
2017-05-30 18:00:00,1,110,20170530181,18,1
2017-05-30 19:00:00,1,109,20170530191,19,1
2017-05-30 20:00:00,1,102,20170530201,20,1
2017-05-30 21:00:00,1,95,20170530211,21,1
2017-05-30 22:00:00,1,48,20170530221,22,1
2017-05-30 23:00:00,1,68,20170530231,23,1
2017-05-31 00:00:00,1,80,20170531001,0,2
2017-05-31 01:00:00,1,66,20170531011,1,2
2017-05-31 02:00:00,1,56,20170531021,2,2
2017-05-31 03:00:00,1,49,20170531031,3,2
2017-05-31 04:00:00,1,38,20170531041,4,2
2017-05-31 05:00:00,1,39,20170531051,5,2
2017-05-31 06:00:00,1,46,20170531061,6,2
2017-05-31 07:00:00,1,52,20170531071,7,2
2017-05-31 08:00:00,1,62,20170531081,8,2
2017-05-31 09:00:00,1,67,20170531091,9,2
2017-05-31 10:00:00,1,84,20170531101,10,2
2017-05-31 11:00:00,1,100,20170531111,11,2
2017-05-31 12:00:00,1,106,20170531121,12,2
2017-05-31 13:00:00,1,97,20170531131,13,2
2017-05-31 14:00:00,1,100,20170531141,14,2
2017-05-31 15:00:00,1,103,20170531151,15,2
2017-05-31 16:00:00,1,97,20170531161,16,2
2017-05-31 17:00:00,1,97,20170531171,17,2
2017-05-31 18:00:00,1,99,20170531181,18,2
2017-05-31 19:00:00,1,100,20170531191,19,2
2017-05-31 20:00:00,1,99,20170531201,20,2
2017-05-31 21:00:00,1,89,20170531211,21,2
2017-05-31 22:00:00,1,85,20170531221,22,2
2017-05-31 23:00:00,1,83,20170531231,23,2
2017-06-01 00:00:00,1,80,20170601001,0,3
2017-06-01 01:00:00,1,71,20170601011,1,3
2017-06-01 02:00:00,1,61,20170601021,2,3
2017-06-01 03:00:00,1,47,20170601031,3,3
2017-06-01 04:00:00,1,40,20170601041,4,3
2017-06-01 05:00:00,1,41,20170601051,5,3
2017-06-01 06:00:00,1,44,20170601061,6,3
2017-06-01 07:00:00,1,50,20170601071,7,3
2017-06-01 08:00:00,1,55,20170601081,8,3
2017-06-01 09:00:00,1,67,20170601091,9,3
2017-06-01 10:00:00,1,84,20170601101,10,3
2017-06-01 11:00:00,1,110,20170601111,11,3
2017-06-01 12:00:00,1,111,20170601121,12,3
2017-06-01 13:00:00,1,94,20170601131,13,3
2017-06-01 14:00:00,1,106,20170601141,14,3
2017-06-01 15:00:00,1,107,20170601151,15,3
2017-06-01 16:00:00,1,117,20170601161,16,3
2017-06-01 17:00:00,1,121,20170601171,17,3
2017-06-01 18:00:00,1,110,20170601181,18,3
2017-06-01 19:00:00,1,112,20170601191,19,3
2017-06-01 20:00:00,1,105,20170601201,20,3
2017-06-01 21:00:00,1,97,20170601211,21,3
2017-06-01 22:00:00,1,89,20170601221,22,3
2017-06-01 23:00:00,1,85,20170601231,23,3
2017-06-02 00:00:00,1,79,20170602001,0,4
2017-06-02 01:00:00,1,69,20170602011,1,4
2017-06-02 02:00:00,1,55,20170602021,2,4
2017-06-02 03:00:00,1,48,20170602031,3,4
2017-06-02 04:00:00,1,38,20170602041,4,4
2017-06-02 05:00:00,1,40,20170602051,5,4
2017-06-02 06:00:00,1,46,20170602061,6,4
2017-06-02 07:00:00,1,56,20170602071,7,4
2017-06-02 08:00:00,1,62,20170602081,8,4
2017-06-02 09:00:00,1,72,20170602091,9,4
2017-06-02 10:00:00,1,83,20170602101,10,4
2017-06-02 11:00:00,1,95,20170602111,11,4
2017-06-02 12:00:00,1,97,20170602121,12,4
2017-06-02 13:00:00,1,88,20170602131,13,4
2017-06-02 14:00:00,1,100,20170602141,14,4
2017-06-02 15:00:00,1,90,20170602151,15,4
2017-06-02 16:00:00,1,89,20170602161,16,4
2017-06-02 17:00:00,1,84,20170602171,17,4
2017-06-02 18:00:00,1,92,20170602181,18,4
2017-06-02 19:00:00,1,98,20170602191,19,4
2017-06-02 20:00:00,1,98,20170602201,20,4
2017-06-02 21:00:00,1,86,20170602211,21,4
2017-06-02 22:00:00,1,82,20170602221,22,4
2017-06-02 23:00:00,1,81,20170602231,23,4
2017-06-03 00:00:00,1,70,20170603001,0,5
2017-06-03 01:00:00,1,62,20170603011,1,5
2017-06-03 02:00:00,1,52,20170603021,2,5
2017-06-03 03:00:00,1,39,20170603031,3,5
2017-06-03 04:00:00,1,34,20170603041,4,5
2017-06-03 05:00:00,1,34,20170603051,5,5
2017-06-03 06:00:00,1,40,20170603061,6,5
2017-06-03 07:00:00,1,39,20170603071,7,5
2017-06-03 08:00:00,1,47,20170603081,8,5
2017-06-03 09:00:00,1,50,20170603091,9,5
2017-06-03 10:00:00,1,58,20170603101,10,5
2017-06-03 11:00:00,1,61,20170603111,11,5
2017-06-03 12:00:00,1,59,20170603121,12,5
2017-06-03 13:00:00,1,55,20170603131,13,5
2017-06-03 14:00:00,1,58,20170603141,14,5
2017-06-03 15:00:00,1,56,20170603151,15,5
2017-06-03 16:00:00,1,50,20170603161,16,5
2017-06-03 17:00:00,1,51,20170603171,17,5
2017-06-03 18:00:00,1,62,20170603181,18,5
2017-06-03 19:00:00,1,59,20170603191,19,5
2017-06-03 20:00:00,1,64,20170603201,20,5
2017-06-03 21:00:00,1,61,20170603211,21,5
2017-06-03 22:00:00,1,60,20170603221,22,5
2017-06-03 23:00:00,1,61,20170603231,23,5
2017-06-04 00:00:00,1,47,20170604001,0,6
2017-06-04 01:00:00,1,39,20170604011,1,6
2017-06-04 02:00:00,1,37,20170604021,2,6
2017-06-04 03:00:00,1,34,20170604031,3,6
2017-06-04 04:00:00,1,26,20170604041,4,6
2017-06-04 05:00:00,1,27,20170604051,5,6
2017-06-04 06:00:00,1,28,20170604061,6,6
2017-06-04 07:00:00,1,34,20170604071,7,6
2017-06-04 08:00:00,1,33,20170604081,8,6
2017-06-04 09:00:00,1,45,20170604091,9,6
2017-06-04 10:00:00,1,51,20170604101,10,6
2017-06-04 11:00:00,1,56,20170604111,11,6
2017-06-04 12:00:00,1,60,20170604121,12,6
2017-06-04 13:00:00,1,53,20170604131,13,6
2017-06-04 14:00:00,1,54,20170604141,14,6
2017-06-04 15:00:00,1,48,20170604151,15,6
2017-06-04 16:00:00,1,49,20170604161,16,6
2017-06-04 17:00:00,1,51,20170604171,17,6
2017-06-04 18:00:00,1,57,20170604181,18,6
2017-06-04 19:00:00,1,57,20170604191,19,6
2017-06-04 20:00:00,1,56,20170604201,20,6
2017-06-04 21:00:00,1,61,20170604211,21,6
2017-06-04 22:00:00,1,63,20170604221,22,6
2017-06-04 23:00:00,1,58,20170604231,23,6
2017-06-05 00:00:00,1,56,20170605001,0,0
2017-06-05 01:00:00,1,46,20170605011,1,0
2017-06-05 02:00:00,1,38,20170605021,2,0
2017-06-05 03:00:00,1,38,20170605031,3,0
2017-06-05 04:00:00,1,31,20170605041,4,0
2017-06-05 05:00:00,1,33,20170605051,5,0
2017-06-05 06:00:00,1,42,20170605061,6,0
2017-06-05 07:00:00,1,48,20170605071,7,0
2017-06-05 08:00:00,1,56,20170605081,8,0
2017-06-05 09:00:00,1,65,20170605091,9,0
2017-06-05 10:00:00,1,84,20170605101,10,0
2017-06-05 11:00:00,1,101,20170605111,11,0
2017-06-05 12:00:00,1,106,20170605121,12,0
2017-06-05 13:00:00,1,94,20170605131,13,0
2017-06-05 14:00:00,1,101,20170605141,14,0
2017-06-05 15:00:00,1,103,20170605151,15,0
2017-06-05 16:00:00,1,93,20170605161,16,0
2017-06-05 17:00:00,1,89,20170605171,17,0
2017-06-05 18:00:00,1,96,20170605181,18,0
2017-06-05 19:00:00,1,100,20170605191,19,0
2017-06-05 20:00:00,1,93,20170605201,20,0
2017-06-05 21:00:00,1,89,20170605211,21,0
2017-06-05 22:00:00,1,89,20170605221,22,0
2017-06-05 23:00:00,1,83,20170605231,23,0
2017-06-06 00:00:00,1,75,20170606001,0,1
2017-06-06 01:00:00,1,71,20170606011,1,1
2017-06-06 02:00:00,1,55,20170606021,2,1
2017-06-06 03:00:00,1,47,20170606031,3,1
2017-06-06 04:00:00,1,43,20170606041,4,1
2017-06-06 05:00:00,1,42,20170606051,5,1
2017-06-06 06:00:00,1,43,20170606061,6,1
2017-06-06 07:00:00,1,51,20170606071,7,1
2017-06-06 08:00:00,1,61,20170606081,8,1
2017-06-06 09:00:00,1,65,20170606091,9,1
2017-06-06 10:00:00,1,96,20170606101,10,1
2017-06-06 11:00:00,1,112,20170606111,11,1
2017-06-06 12:00:00,1,109,20170606121,12,1
2017-06-06 13:00:00,1,102,20170606131,13,1
2017-06-06 14:00:00,1,113,20170606141,14,1
2017-06-06 15:00:00,1,115,20170606151,15,1
2017-06-06 16:00:00,1,127,20170606161,16,1
2017-06-06 17:00:00,1,134,20170606171,17,1
2017-06-06 18:00:00,1,140,20170606181,18,1
2017-06-06 19:00:00,1,136,20170606191,19,1
2017-06-06 20:00:00,1,126,20170606201,20,1
2017-06-06 21:00:00,1,114,20170606211,21,1
2017-06-06 22:00:00,1,104,20170606221,22,1
2017-06-06 23:00:00,1,95,20170606231,23,1
2017-06-07 00:00:00,1,87,20170607001,0,2
2017-06-07 01:00:00,1,81,20170607011,1,2
2017-06-07 02:00:00,1,65,20170607021,2,2
2017-06-07 03:00:00,1,57,20170607031,3,2
2017-06-07 04:00:00,1,47,20170607041,4,2
2017-06-07 05:00:00,1,46,20170607051,5,2
2017-06-07 06:00:00,1,53,20170607061,6,2
2017-06-07 07:00:00,1,59,20170607071,7,2
2017-06-07 08:00:00,1,67,20170607081,8,2
2017-06-07 09:00:00,1,78,20170607091,9,2
2017-06-07 10:00:00,1,95,20170607101,10,2
2017-06-07 11:00:00,1,114,20170607111,11,2
2017-06-07 12:00:00,1,111,20170607121,12,2
2017-06-07 13:00:00,1,97,20170607131,13,2
2017-06-07 14:00:00,1,107,20170607141,14,2
2017-06-07 15:00:00,1,111,20170607151,15,2
2017-06-07 16:00:00,1,104,20170607161,16,2
2017-06-07 17:00:00,1,102,20170607171,17,2
2017-06-07 18:00:00,1,104,20170607181,18,2
2017-06-07 19:00:00,1,105,20170607191,19,2
2017-06-07 20:00:00,1,101,20170607201,20,2
2017-06-07 21:00:00,1,95,20170607211,21,2
2017-06-07 22:00:00,1,93,20170607221,22,2
2017-06-07 23:00:00,1,88,20170607231,23,2
2017-06-08 00:00:00,1,84,20170608001,0,3
2017-06-08 01:00:00,1,65,20170608011,1,3
2017-06-08 02:00:00,1,55,20170608021,2,3
2017-06-08 03:00:00,1,45,20170608031,3,3
2017-06-08 04:00:00,1,44,20170608041,4,3
2017-06-08 05:00:00,1,40,20170608051,5,3
2017-06-08 06:00:00,1,49,20170608061,6,3
2017-06-08 07:00:00,1,51,20170608071,7,3
2017-06-08 08:00:00,1,58,20170608081,8,3
2017-06-08 09:00:00,1,71,20170608091,9,3
2017-06-08 10:00:00,1,104,20170608101,10,3
2017-06-08 11:00:00,1,114,20170608111,11,3
2017-06-08 12:00:00,1,112,20170608121,12,3
2017-06-08 13:00:00,1,98,20170608131,13,3
2017-06-08 14:00:00,1,110,20170608141,14,3
2017-06-08 15:00:00,1,107,20170608151,15,3
2017-06-08 16:00:00,1,100,20170608161,16,3
2017-06-08 17:00:00,1,101,20170608171,17,3
2017-06-08 18:00:00,1,106,20170608181,18,3
2017-06-08 19:00:00,1,110,20170608191,19,3
2017-06-08 20:00:00,1,108,20170608201,20,3
2017-06-08 21:00:00,1,95,20170608211,21,3
2017-06-08 22:00:00,1,88,20170608221,22,3
2017-06-08 23:00:00,1,88,20170608231,23,3
2017-06-09 00:00:00,1,84,20170609001,0,4
2017-06-09 01:00:00,1,73,20170609011,1,4
2017-06-09 02:00:00,1,59,20170609021,2,4
2017-06-09 03:00:00,1,48,20170609031,3,4
2017-06-09 04:00:00,1,43,20170609041,4,4
2017-06-09 05:00:00,1,38,20170609051,5,4
2017-06-09 06:00:00,1,45,20170609061,6,4
2017-06-09 07:00:00,1,52,20170609071,7,4
2017-06-09 08:00:00,1,54,20170609081,8,4
2017-06-09 09:00:00,1,67,20170609091,9,4
2017-06-09 10:00:00,1,85,20170609101,10,4
2017-06-09 11:00:00,1,100,20170609111,11,4
2017-06-09 12:00:00,1,102,20170609121,12,4
2017-06-09 13:00:00,1,94,20170609131,13,4
2017-06-09 14:00:00,1,100,20170609141,14,4
2017-06-09 15:00:00,1,99,20170609151,15,4
2017-06-09 16:00:00,1,90,20170609161,16,4
2017-06-09 17:00:00,1,86,20170609171,17,4
2017-06-09 18:00:00,1,94,20170609181,18,4
2017-06-09 19:00:00,1,96,20170609191,19,4
2017-06-09 20:00:00,1,90,20170609201,20,4
2017-06-09 21:00:00,1,80,20170609211,21,4
2017-06-09 22:00:00,1,79,20170609221,22,4
2017-06-09 23:00:00,1,75,20170609231,23,4
2017-06-10 00:00:00,1,65,20170610001,0,5
2017-06-10 01:00:00,1,60,20170610011,1,5
2017-06-10 02:00:00,1,47,20170610021,2,5
2017-06-10 03:00:00,1,37,20170610031,3,5
2017-06-10 04:00:00,1,33,20170610041,4,5
2017-06-10 05:00:00,1,29,20170610051,5,5
2017-06-10 06:00:00,1,30,20170610061,6,5
2017-06-10 07:00:00,1,34,20170610071,7,5
2017-06-10 08:00:00,1,42,20170610081,8,5
2017-06-10 09:00:00,1,41,20170610091,9,5
2017-06-10 10:00:00,1,53,20170610101,10,5
2017-06-10 11:00:00,1,58,20170610111,11,5
2017-06-10 12:00:00,1,59,20170610121,12,5
2017-06-10 13:00:00,1,58,20170610131,13,5
2017-06-10 14:00:00,1,57,20170610141,14,5
2017-06-10 15:00:00,1,51,20170610151,15,5
2017-06-10 16:00:00,1,53,20170610161,16,5
2017-06-10 17:00:00,1,57,20170610171,17,5
2017-06-10 18:00:00,1,57,20170610181,18,5
2017-06-10 19:00:00,1,58,20170610191,19,5
2017-06-10 20:00:00,1,65,20170610201,20,5
2017-06-10 21:00:00,1,60,20170610211,21,5
2017-06-10 22:00:00,1,61,20170610221,22,5
2017-06-10 23:00:00,1,58,20170610231,23,5
2017-06-11 00:00:00,1,54,20170611001,0,6
2017-06-11 01:00:00,1,44,20170611011,1,6
2017-06-11 02:00:00,1,35,20170611021,2,6
2017-06-11 03:00:00,1,32,20170611031,3,6
2017-06-11 04:00:00,1,24,20170611041,4,6
2017-06-11 05:00:00,1,27,20170611051,5,6
2017-06-11 06:00:00,1,28,20170611061,6,6
2017-06-11 07:00:00,1,31,20170611071,7,6
2017-06-11 08:00:00,1,38,20170611081,8,6
2017-06-11 09:00:00,1,44,20170611091,9,6
2017-06-11 10:00:00,1,50,20170611101,10,6
2017-06-11 11:00:00,1,55,20170611111,11,6
2017-06-11 12:00:00,1,58,20170611121,12,6
2017-06-11 13:00:00,1,53,20170611131,13,6
2017-06-11 14:00:00,1,50,20170611141,14,6
2017-06-11 15:00:00,1,50,20170611151,15,6
2017-06-11 16:00:00,1,54,20170611161,16,6
2017-06-11 17:00:00,1,51,20170611171,17,6
2017-06-11 18:00:00,1,66,20170611181,18,6
2017-06-11 19:00:00,1,75,20170611191,19,6
2017-06-11 20:00:00,1,75,20170611201,20,6
2017-06-11 21:00:00,1,71,20170611211,21,6
2017-06-11 22:00:00,1,69,20170611221,22,6
2017-06-11 23:00:00,1,70,20170611231,23,6
2017-06-12 00:00:00,1,59,20170612001,0,0
2017-06-12 01:00:00,1,46,20170612011,1,0
2017-06-12 02:00:00,1,38,20170612021,2,0
2017-06-12 03:00:00,1,40,20170612031,3,0
2017-06-12 04:00:00,1,33,20170612041,4,0
2017-06-12 05:00:00,1,33,20170612051,5,0
2017-06-12 06:00:00,1,40,20170612061,6,0
2017-06-12 07:00:00,1,50,20170612071,7,0
2017-06-12 08:00:00,1,56,20170612081,8,0
2017-06-12 09:00:00,1,70,20170612091,9,0
2017-06-12 10:00:00,1,90,20170612101,10,0
2017-06-12 11:00:00,1,117,20170612111,11,0
2017-06-12 12:00:00,1,122,20170612121,12,0
2017-06-12 13:00:00,1,106,20170612131,13,0
2017-06-12 14:00:00,1,116,20170612141,14,0
2017-06-12 15:00:00,1,119,20170612151,15,0
2017-06-12 16:00:00,1,115,20170612161,16,0
2017-06-12 17:00:00,1,111,20170612171,17,0
2017-06-12 18:00:00,1,114,20170612181,18,0
2017-06-12 19:00:00,1,120,20170612191,19,0
2017-06-12 20:00:00,1,107,20170612201,20,0
2017-06-12 21:00:00,1,105,20170612211,21,0
2017-06-12 22:00:00,1,94,20170612221,22,0
2017-06-12 23:00:00,1,91,20170612231,23,0
2017-06-13 00:00:00,1,81,20170613001,0,1
2017-06-13 01:00:00,1,75,20170613011,1,1
2017-06-13 02:00:00,1,60,20170613021,2,1
2017-06-13 03:00:00,1,50,20170613031,3,1
2017-06-13 04:00:00,1,44,20170613041,4,1
2017-06-13 05:00:00,1,39,20170613051,5,1
2017-06-13 06:00:00,1,50,20170613061,6,1
2017-06-13 07:00:00,1,55,20170613071,7,1
2017-06-13 08:00:00,1,63,20170613081,8,1
2017-06-13 09:00:00,1,70,20170613091,9,1
2017-06-13 10:00:00,1,93,20170613101,10,1
2017-06-13 11:00:00,1,115,20170613111,11,1
2017-06-13 12:00:00,1,117,20170613121,12,1
2017-06-13 13:00:00,1,102,20170613131,13,1
2017-06-13 14:00:00,1,116,20170613141,14,1
2017-06-13 15:00:00,1,106,20170613151,15,1
2017-06-13 16:00:00,1,107,20170613161,16,1
2017-06-13 17:00:00,1,105,20170613171,17,1
2017-06-13 18:00:00,1,119,20170613181,18,1
2017-06-13 19:00:00,1,114,20170613191,19,1
2017-06-13 20:00:00,1,110,20170613201,20,1
2017-06-13 21:00:00,1,98,20170613211,21,1
2017-06-13 22:00:00,1,96,20170613221,22,1
2017-06-13 23:00:00,1,90,20170613231,23,1
2017-06-14 00:00:00,1,84,20170614001,0,2
2017-06-14 01:00:00,1,73,20170614011,1,2
2017-06-14 02:00:00,1,55,20170614021,2,2
2017-06-14 03:00:00,1,49,20170614031,3,2
2017-06-14 04:00:00,1,39,20170614041,4,2
2017-06-14 05:00:00,1,45,20170614051,5,2
2017-06-14 06:00:00,1,46,20170614061,6,2
2017-06-14 07:00:00,1,55,20170614071,7,2
2017-06-14 08:00:00,1,58,20170614081,8,2
2017-06-14 09:00:00,1,69,20170614091,9,2
2017-06-14 10:00:00,1,91,20170614101,10,2
2017-06-14 11:00:00,1,106,20170614111,11,2
2017-06-14 12:00:00,1,111,20170614121,12,2
2017-06-14 13:00:00,1,95,20170614131,13,2
2017-06-14 14:00:00,1,109,20170614141,14,2
2017-06-14 15:00:00,1,107,20170614151,15,2
2017-06-14 16:00:00,1,102,20170614161,16,2
2017-06-14 17:00:00,1,102,20170614171,17,2
2017-06-14 18:00:00,1,114,20170614181,18,2
2017-06-14 19:00:00,1,108,20170614191,19,2
2017-06-14 20:00:00,1,103,20170614201,20,2
2017-06-14 21:00:00,1,98,20170614211,21,2
2017-06-14 22:00:00,1,93,20170614221,22,2
2017-06-14 23:00:00,1,86,20170614231,23,2
2017-06-15 00:00:00,1,83,20170615001,0,3
2017-06-15 01:00:00,1,69,20170615011,1,3
2017-06-15 02:00:00,1,53,20170615021,2,3
2017-06-15 03:00:00,1,50,20170615031,3,3
2017-06-15 04:00:00,1,44,20170615041,4,3
2017-06-15 05:00:00,1,43,20170615051,5,3
2017-06-15 06:00:00,1,47,20170615061,6,3
2017-06-15 07:00:00,1,51,20170615071,7,3
2017-06-15 08:00:00,1,58,20170615081,8,3
2017-06-15 09:00:00,1,72,20170615091,9,3
2017-06-15 10:00:00,1,90,20170615101,10,3
2017-06-15 11:00:00,1,115,20170615111,11,3
2017-06-15 12:00:00,1,113,20170615121,12,3
2017-06-15 13:00:00,1,98,20170615131,13,3
2017-06-15 14:00:00,1,105,20170615141,14,3
2017-06-15 15:00:00,1,102,20170615151,15,3
2017-06-15 16:00:00,1,95,20170615161,16,3
2017-06-15 17:00:00,1,98,20170615171,17,3
2017-06-15 18:00:00,1,98,20170615181,18,3
2017-06-15 19:00:00,1,104,20170615191,19,3
2017-06-15 20:00:00,1,103,20170615201,20,3
2017-06-15 21:00:00,1,91,20170615211,21,3
2017-06-15 22:00:00,1,88,20170615221,22,3
2017-06-15 23:00:00,1,87,20170615231,23,3
2017-06-16 00:00:00,1,80,20170616001,0,4
2017-06-16 01:00:00,1,62,20170616011,1,4
2017-06-16 02:00:00,1,56,20170616021,2,4
2017-06-16 03:00:00,1,47,20170616031,3,4
2017-06-16 04:00:00,1,40,20170616041,4,4
2017-06-16 05:00:00,1,38,20170616051,5,4
2017-06-16 06:00:00,1,42,20170616061,6,4
2017-06-16 07:00:00,1,48,20170616071,7,4
2017-06-16 08:00:00,1,52,20170616081,8,4
2017-06-16 09:00:00,1,68,20170616091,9,4
2017-06-16 10:00:00,1,89,20170616101,10,4
2017-06-16 11:00:00,1,102,20170616111,11,4
2017-06-16 12:00:00,1,100,20170616121,12,4
2017-06-16 13:00:00,1,95,20170616131,13,4
2017-06-16 14:00:00,1,99,20170616141,14,4
2017-06-16 15:00:00,1,99,20170616151,15,4
2017-06-16 16:00:00,1,103,20170616161,16,4
2017-06-16 17:00:00,1,92,20170616171,17,4
2017-06-16 18:00:00,1,104,20170616181,18,4
2017-06-16 19:00:00,1,95,20170616191,19,4
2017-06-16 20:00:00,1,102,20170616201,20,4
2017-06-16 21:00:00,1,81,20170616211,21,4
2017-06-16 22:00:00,1,82,20170616221,22,4
2017-06-16 23:00:00,1,74,20170616231,23,4
2017-06-17 00:00:00,1,68,20170617001,0,5
2017-06-17 01:00:00,1,55,20170617011,1,5
2017-06-17 02:00:00,1,46,20170617021,2,5
2017-06-17 03:00:00,1,36,20170617031,3,5
2017-06-17 04:00:00,1,34,20170617041,4,5
2017-06-17 05:00:00,1,28,20170617051,5,5
2017-06-17 06:00:00,1,29,20170617061,6,5
2017-06-17 07:00:00,1,31,20170617071,7,5
2017-06-17 08:00:00,1,40,20170617081,8,5
2017-06-17 09:00:00,1,45,20170617091,9,5
2017-06-17 10:00:00,1,54,20170617101,10,5
2017-06-17 11:00:00,1,55,20170617111,11,5
2017-06-17 12:00:00,1,56,20170617121,12,5
2017-06-17 13:00:00,1,55,20170617131,13,5
2017-06-17 14:00:00,1,54,20170617141,14,5
2017-06-17 15:00:00,1,61,20170617151,15,5
2017-06-17 16:00:00,1,59,20170617161,16,5
2017-06-17 17:00:00,1,52,20170617171,17,5
2017-06-17 18:00:00,1,53,20170617181,18,5
2017-06-17 19:00:00,1,68,20170617191,19,5
2017-06-17 20:00:00,1,69,20170617201,20,5
2017-06-17 21:00:00,1,58,20170617211,21,5
2017-06-17 22:00:00,1,54,20170617221,22,5
2017-06-17 23:00:00,1,55,20170617231,23,5
2017-06-18 00:00:00,1,49,20170618001,0,6
2017-06-18 01:00:00,1,41,20170618011,1,6
2017-06-18 02:00:00,1,37,20170618021,2,6
2017-06-18 03:00:00,1,34,20170618031,3,6
2017-06-18 04:00:00,1,28,20170618041,4,6
2017-06-18 05:00:00,1,26,20170618051,5,6
2017-06-18 06:00:00,1,24,20170618061,6,6
2017-06-18 07:00:00,1,30,20170618071,7,6
2017-06-18 08:00:00,1,35,20170618081,8,6
2017-06-18 09:00:00,1,38,20170618091,9,6
2017-06-18 10:00:00,1,49,20170618101,10,6
2017-06-18 11:00:00,1,49,20170618111,11,6
2017-06-18 12:00:00,1,52,20170618121,12,6
2017-06-18 13:00:00,1,49,20170618131,13,6
2017-06-18 14:00:00,1,47,20170618141,14,6
2017-06-18 15:00:00,1,45,20170618151,15,6
2017-06-18 16:00:00,1,48,20170618161,16,6
2017-06-18 17:00:00,1,52,20170618171,17,6
2017-06-18 18:00:00,1,50,20170618181,18,6
2017-06-18 19:00:00,1,57,20170618191,19,6
2017-06-18 20:00:00,1,61,20170618201,20,6
2017-06-18 21:00:00,1,56,20170618211,21,6
2017-06-18 22:00:00,1,60,20170618221,22,6
2017-06-18 23:00:00,1,59,20170618231,23,6
2017-06-19 00:00:00,1,48,20170619001,0,0
2017-06-19 01:00:00,1,42,20170619011,1,0
2017-06-19 02:00:00,1,39,20170619021,2,0
2017-06-19 03:00:00,1,35,20170619031,3,0
2017-06-19 04:00:00,1,29,20170619041,4,0
2017-06-19 05:00:00,1,34,20170619051,5,0
2017-06-19 06:00:00,1,38,20170619061,6,0
2017-06-19 07:00:00,1,51,20170619071,7,0
2017-06-19 08:00:00,1,54,20170619081,8,0
2017-06-19 09:00:00,1,61,20170619091,9,0
2017-06-19 10:00:00,1,96,20170619101,10,0
2017-06-19 11:00:00,1,111,20170619111,11,0
2017-06-19 12:00:00,1,113,20170619121,12,0
2017-06-19 13:00:00,1,105,20170619131,13,0
2017-06-19 14:00:00,1,115,20170619141,14,0
2017-06-19 15:00:00,1,111,20170619151,15,0
2017-06-19 16:00:00,1,104,20170619161,16,0
2017-06-19 17:00:00,1,108,20170619171,17,0
2017-06-19 18:00:00,1,108,20170619181,18,0
2017-06-19 19:00:00,1,113,20170619191,19,0
2017-06-19 20:00:00,1,107,20170619201,20,0
2017-06-19 21:00:00,1,95,20170619211,21,0
2017-06-19 22:00:00,1,91,20170619221,22,0
2017-06-19 23:00:00,1,90,20170619231,23,0
2017-06-20 00:00:00,1,78,20170620001,0,1
2017-06-20 01:00:00,1,73,20170620011,1,1
2017-06-20 02:00:00,1,56,20170620021,2,1
2017-06-20 03:00:00,1,51,20170620031,3,1
2017-06-20 04:00:00,1,42,20170620041,4,1
2017-06-20 05:00:00,1,42,20170620051,5,1
2017-06-20 06:00:00,1,42,20170620061,6,1
2017-06-20 07:00:00,1,51,20170620071,7,1
2017-06-20 08:00:00,1,60,20170620081,8,1
2017-06-20 09:00:00,1,76,20170620091,9,1
2017-06-20 10:00:00,1,92,20170620101,10,1
2017-06-20 11:00:00,1,102,20170620111,11,1
2017-06-20 12:00:00,1,113,20170620121,12,1
2017-06-20 13:00:00,1,100,20170620131,13,1
2017-06-20 14:00:00,1,107,20170620141,14,1
2017-06-20 15:00:00,1,110,20170620151,15,1
2017-06-20 16:00:00,1,101,20170620161,16,1
2017-06-20 17:00:00,1,108,20170620171,17,1
2017-06-20 18:00:00,1,114,20170620181,18,1
2017-06-20 19:00:00,1,112,20170620191,19,1
2017-06-20 20:00:00,1,108,20170620201,20,1
2017-06-20 21:00:00,1,106,20170620211,21,1
2017-06-20 22:00:00,1,101,20170620221,22,1
2017-06-20 23:00:00,1,99,20170620231,23,1
2017-06-21 00:00:00,1,84,20170621001,0,2
2017-06-21 01:00:00,1,71,20170621011,1,2
2017-06-21 02:00:00,1,62,20170621021,2,2
2017-06-21 03:00:00,1,52,20170621031,3,2
2017-06-21 04:00:00,1,43,20170621041,4,2
2017-06-21 05:00:00,1,41,20170621051,5,2
2017-06-21 06:00:00,1,44,20170621061,6,2
2017-06-21 07:00:00,1,54,20170621071,7,2
2017-06-21 08:00:00,1,60,20170621081,8,2
2017-06-21 09:00:00,1,70,20170621091,9,2
2017-06-21 10:00:00,1,96,20170621101,10,2
2017-06-21 11:00:00,1,103,20170621111,11,2
2017-06-21 12:00:00,1,110,20170621121,12,2
2017-06-21 13:00:00,1,97,20170621131,13,2
2017-06-21 14:00:00,1,106,20170621141,14,2
2017-06-21 15:00:00,1,102,20170621151,15,2
2017-06-21 16:00:00,1,100,20170621161,16,2
2017-06-21 17:00:00,1,102,20170621171,17,2
2017-06-21 18:00:00,1,105,20170621181,18,2
2017-06-21 19:00:00,1,109,20170621191,19,2
2017-06-21 20:00:00,1,106,20170621201,20,2
2017-06-21 21:00:00,1,97,20170621211,21,2
2017-06-21 22:00:00,1,94,20170621221,22,2
2017-06-21 23:00:00,1,88,20170621231,23,2
2017-06-22 00:00:00,1,76,20170622001,0,3
2017-06-22 01:00:00,1,66,20170622011,1,3
2017-06-22 02:00:00,1,54,20170622021,2,3
2017-06-22 03:00:00,1,46,20170622031,3,3
2017-06-22 04:00:00,1,41,20170622041,4,3
2017-06-22 05:00:00,1,38,20170622051,5,3
2017-06-22 06:00:00,1,44,20170622061,6,3
2017-06-22 07:00:00,1,50,20170622071,7,3
2017-06-22 08:00:00,1,58,20170622081,8,3
2017-06-22 09:00:00,1,71,20170622091,9,3
2017-06-22 10:00:00,1,107,20170622101,10,3
2017-06-22 11:00:00,1,115,20170622111,11,3
2017-06-22 12:00:00,1,119,20170622121,12,3
2017-06-22 13:00:00,1,104,20170622131,13,3
2017-06-22 14:00:00,1,119,20170622141,14,3
2017-06-22 15:00:00,1,111,20170622151,15,3
2017-06-22 16:00:00,1,103,20170622161,16,3
2017-06-22 17:00:00,1,102,20170622171,17,3
2017-06-22 18:00:00,1,111,20170622181,18,3
2017-06-22 19:00:00,1,112,20170622191,19,3
2017-06-22 20:00:00,1,110,20170622201,20,3
2017-06-22 21:00:00,1,97,20170622211,21,3
2017-06-22 22:00:00,1,91,20170622221,22,3
2017-06-22 23:00:00,1,84,20170622231,23,3
2017-06-23 00:00:00,1,78,20170623001,0,4
2017-06-23 01:00:00,1,69,20170623011,1,4
2017-06-23 02:00:00,1,58,20170623021,2,4
2017-06-23 03:00:00,1,50,20170623031,3,4
2017-06-23 04:00:00,1,37,20170623041,4,4
2017-06-23 05:00:00,1,38,20170623051,5,4
2017-06-23 06:00:00,1,41,20170623061,6,4
2017-06-23 07:00:00,1,47,20170623071,7,4
2017-06-23 08:00:00,1,61,20170623081,8,4
2017-06-23 09:00:00,1,71,20170623091,9,4
2017-06-23 10:00:00,1,87,20170623101,10,4
2017-06-23 11:00:00,1,92,20170623111,11,4
2017-06-23 12:00:00,1,96,20170623121,12,4
2017-06-23 13:00:00,1,87,20170623131,13,4
2017-06-23 14:00:00,1,95,20170623141,14,4
2017-06-23 15:00:00,1,92,20170623151,15,4
2017-06-23 16:00:00,1,82,20170623161,16,4
2017-06-23 17:00:00,1,85,20170623171,17,4
2017-06-23 18:00:00,1,88,20170623181,18,4
2017-06-23 19:00:00,1,94,20170623191,19,4
2017-06-23 20:00:00,1,90,20170623201,20,4
2017-06-23 21:00:00,1,81,20170623211,21,4
2017-06-23 22:00:00,1,75,20170623221,22,4
2017-06-23 23:00:00,1,75,20170623231,23,4
2017-06-24 00:00:00,1,66,20170624001,0,5
2017-06-24 01:00:00,1,54,20170624011,1,5
2017-06-24 02:00:00,1,47,20170624021,2,5
2017-06-24 03:00:00,1,42,20170624031,3,5
2017-06-24 04:00:00,1,33,20170624041,4,5
2017-06-24 05:00:00,1,29,20170624051,5,5
2017-06-24 06:00:00,1,34,20170624061,6,5
2017-06-24 07:00:00,1,36,20170624071,7,5
2017-06-24 08:00:00,1,38,20170624081,8,5
2017-06-24 09:00:00,1,44,20170624091,9,5
2017-06-24 10:00:00,1,51,20170624101,10,5
2017-06-24 11:00:00,1,55,20170624111,11,5
2017-06-24 12:00:00,1,55,20170624121,12,5
2017-06-24 13:00:00,1,53,20170624131,13,5
2017-06-24 14:00:00,1,55,20170624141,14,5
2017-06-24 15:00:00,1,56,20170624151,15,5
2017-06-24 16:00:00,1,58,20170624161,16,5
2017-06-24 17:00:00,1,56,20170624171,17,5
2017-06-24 18:00:00,1,58,20170624181,18,5
2017-06-24 19:00:00,1,65,20170624191,19,5
2017-06-24 20:00:00,1,64,20170624201,20,5
2017-06-24 21:00:00,1,66,20170624211,21,5
2017-06-24 22:00:00,1,64,20170624221,22,5
2017-06-24 23:00:00,1,63,20170624231,23,5
2017-06-25 00:00:00,1,57,20170625001,0,6
2017-06-25 01:00:00,1,44,20170625011,1,6
2017-06-25 02:00:00,1,35,20170625021,2,6
2017-06-25 03:00:00,1,33,20170625031,3,6
2017-06-25 04:00:00,1,28,20170625041,4,6
2017-06-25 05:00:00,1,25,20170625051,5,6
2017-06-25 06:00:00,1,27,20170625061,6,6
2017-06-25 07:00:00,1,32,20170625071,7,6
2017-06-25 08:00:00,1,37,20170625081,8,6
2017-06-25 09:00:00,1,44,20170625091,9,6
2017-06-25 10:00:00,1,52,20170625101,10,6
2017-06-25 11:00:00,1,56,20170625111,11,6
2017-06-25 12:00:00,1,58,20170625121,12,6
2017-06-25 13:00:00,1,60,20170625131,13,6
2017-06-25 14:00:00,1,55,20170625141,14,6
2017-06-25 15:00:00,1,54,20170625151,15,6
2017-06-25 16:00:00,1,57,20170625161,16,6
2017-06-25 17:00:00,1,56,20170625171,17,6
2017-06-25 18:00:00,1,59,20170625181,18,6
2017-06-25 19:00:00,1,66,20170625191,19,6
2017-06-25 20:00:00,1,64,20170625201,20,6
2017-06-25 21:00:00,1,61,20170625211,21,6
2017-06-25 22:00:00,1,64,20170625221,22,6
2017-06-25 23:00:00,1,60,20170625231,23,6
2017-06-26 00:00:00,1,59,20170626001,0,0
2017-06-26 01:00:00,1,51,20170626011,1,0
2017-06-26 02:00:00,1,42,20170626021,2,0
2017-06-26 03:00:00,1,40,20170626031,3,0
2017-06-26 04:00:00,1,34,20170626041,4,0
2017-06-26 05:00:00,1,33,20170626051,5,0
2017-06-26 06:00:00,1,41,20170626061,6,0
2017-06-26 07:00:00,1,48,20170626071,7,0
2017-06-26 08:00:00,1,55,20170626081,8,0
2017-06-26 09:00:00,1,64,20170626091,9,0
2017-06-26 10:00:00,1,73,20170626101,10,0
2017-06-26 11:00:00,1,81,20170626111,11,0
2017-06-26 12:00:00,1,91,20170626121,12,0
2017-06-26 13:00:00,1,84,20170626131,13,0
2017-06-26 14:00:00,1,87,20170626141,14,0
2017-06-26 15:00:00,1,86,20170626151,15,0
2017-06-26 16:00:00,1,88,20170626161,16,0
2017-06-26 17:00:00,1,93,20170626171,17,0
2017-06-26 18:00:00,1,107,20170626181,18,0
2017-06-26 19:00:00,1,111,20170626191,19,0
2017-06-26 20:00:00,1,107,20170626201,20,0
2017-06-26 21:00:00,1,103,20170626211,21,0
2017-06-26 22:00:00,1,99,20170626221,22,0
2017-06-26 23:00:00,1,97,20170626231,23,0
2017-06-27 00:00:00,1,92,20170627001,0,1
2017-06-27 01:00:00,1,75,20170627011,1,1
2017-06-27 02:00:00,1,69,20170627021,2,1
2017-06-27 03:00:00,1,51,20170627031,3,1
2017-06-27 04:00:00,1,43,20170627041,4,1
2017-06-27 05:00:00,1,41,20170627051,5,1
2017-06-27 06:00:00,1,46,20170627061,6,1
2017-06-27 07:00:00,1,52,20170627071,7,1
2017-06-27 08:00:00,1,62,20170627081,8,1
2017-06-27 09:00:00,1,72,20170627091,9,1
2017-06-27 10:00:00,1,93,20170627101,10,1
2017-06-27 11:00:00,1,128,20170627111,11,1
2017-06-27 12:00:00,1,121,20170627121,12,1
2017-06-27 13:00:00,1,107,20170627131,13,1
2017-06-27 14:00:00,1,119,20170627141,14,1
2017-06-27 15:00:00,1,114,20170627151,15,1
2017-06-27 16:00:00,1,112,20170627161,16,1
2017-06-27 17:00:00,1,116,20170627171,17,1
2017-06-27 18:00:00,1,122,20170627181,18,1
2017-06-27 19:00:00,1,124,20170627191,19,1
2017-06-27 20:00:00,1,121,20170627201,20,1
2017-06-27 21:00:00,1,111,20170627211,21,1
2017-06-27 22:00:00,1,98,20170627221,22,1
2017-06-27 23:00:00,1,98,20170627231,23,1
2017-06-28 00:00:00,1,89,20170628001,0,2
2017-06-28 01:00:00,1,70,20170628011,1,2
2017-06-28 02:00:00,1,63,20170628021,2,2
2017-06-28 03:00:00,1,55,20170628031,3,2
2017-06-28 04:00:00,1,44,20170628041,4,2
2017-06-28 05:00:00,1,40,20170628051,5,2
2017-06-28 06:00:00,1,45,20170628061,6,2
2017-06-28 07:00:00,1,54,20170628071,7,2
2017-06-28 08:00:00,1,59,20170628081,8,2
2017-06-28 09:00:00,1,70,20170628091,9,2
2017-06-28 10:00:00,1,88,20170628101,10,2
2017-06-28 11:00:00,1,108,20170628111,11,2
2017-06-28 12:00:00,1,113,20170628121,12,2
2017-06-28 13:00:00,1,103,20170628131,13,2
2017-06-28 14:00:00,1,114,20170628141,14,2
2017-06-28 15:00:00,1,115,20170628151,15,2
2017-06-28 16:00:00,1,102,20170628161,16,2
2017-06-28 17:00:00,1,105,20170628171,17,2
2017-06-28 18:00:00,1,113,20170628181,18,2
2017-06-28 19:00:00,1,124,20170628191,19,2
2017-06-28 20:00:00,1,112,20170628201,20,2
2017-06-28 21:00:00,1,102,20170628211,21,2
2017-06-28 22:00:00,1,96,20170628221,22,2
2017-06-28 23:00:00,1,96,20170628231,23,2
2017-06-29 00:00:00,1,86,20170629001,0,3
2017-06-29 01:00:00,1,76,20170629011,1,3
2017-06-29 02:00:00,1,63,20170629021,2,3
2017-06-29 03:00:00,1,48,20170629031,3,3
2017-06-29 04:00:00,1,45,20170629041,4,3
2017-06-29 05:00:00,1,40,20170629051,5,3
2017-06-29 06:00:00,1,49,20170629061,6,3
2017-06-29 07:00:00,1,50,20170629071,7,3
2017-06-29 08:00:00,1,55,20170629081,8,3
2017-06-29 09:00:00,1,68,20170629091,9,3
2017-06-29 10:00:00,1,104,20170629101,10,3
2017-06-29 11:00:00,1,112,20170629111,11,3
2017-06-29 12:00:00,1,117,20170629121,12,3
2017-06-29 13:00:00,1,103,20170629131,13,3
2017-06-29 14:00:00,1,112,20170629141,14,3
2017-06-29 15:00:00,1,113,20170629151,15,3
2017-06-29 16:00:00,1,107,20170629161,16,3
2017-06-29 17:00:00,1,111,20170629171,17,3
2017-06-29 18:00:00,1,112,20170629181,18,3
2017-06-29 19:00:00,1,113,20170629191,19,3
2017-06-29 20:00:00,1,110,20170629201,20,3
2017-06-29 21:00:00,1,101,20170629211,21,3
2017-06-29 22:00:00,1,96,20170629221,22,3
2017-06-29 23:00:00,1,95,20170629231,23,3
2017-06-30 00:00:00,1,86,20170630001,0,4
2017-06-30 01:00:00,1,67,20170630011,1,4
2017-06-30 02:00:00,1,60,20170630021,2,4
2017-06-30 03:00:00,1,49,20170630031,3,4
2017-06-30 04:00:00,1,43,20170630041,4,4
2017-06-30 05:00:00,1,41,20170630051,5,4
2017-06-30 06:00:00,1,44,20170630061,6,4
2017-06-30 07:00:00,1,53,20170630071,7,4
2017-06-30 08:00:00,1,57,20170630081,8,4
2017-06-30 09:00:00,1,68,20170630091,9,4
2017-06-30 10:00:00,1,88,20170630101,10,4
2017-06-30 11:00:00,1,101,20170630111,11,4
2017-06-30 12:00:00,1,99,20170630121,12,4
2017-06-30 13:00:00,1,89,20170630131,13,4
2017-06-30 14:00:00,1,104,20170630141,14,4
2017-06-30 15:00:00,1,101,20170630151,15,4
2017-06-30 16:00:00,1,95,20170630161,16,4
2017-06-30 17:00:00,1,90,20170630171,17,4
2017-06-30 18:00:00,1,95,20170630181,18,4
2017-06-30 19:00:00,1,105,20170630191,19,4
2017-06-30 20:00:00,1,96,20170630201,20,4
2017-06-30 21:00:00,1,90,20170630211,21,4
2017-06-30 22:00:00,1,84,20170630221,22,4
2017-06-30 23:00:00,1,78,20170630231,23,4
